CVE_DIVISION,División,Entidad,ENTIDAD (entidades.shp),entidad_nacimiento,fecha,Geometría,masa_aseg_H,masa_aseg_M,masa_aseg_NB,masa_puestos_H,masa_puestos_M,masa_puestos_NB,Nivel Agregación,NOTA,NUM_EDO,PTPD_Aseg,PTPD_Aseg_H,PTPD_Aseg_M,PTPD_Aseg_NB,PTPD_Puestos,PTPD_Puestos_H,PTPD_Puestos_M,PTPD_Puestos_NB,Rango_edad_2,SalarioFem,SalarioMasc,SalarioNB,TOTAL
8,Servicios para empresas,AGUASCALIENTES,AGUASCALIENTES,Aguascalientes,202508,Polygon,6412.400000000,836.400000000,,278.8,0,,subdel,1,1,26,23,3,0,1,1,0,0,75 años y más,,278.8,,1
8,Servicios para empresas,AGUASCALIENTES,AGUASCALIENTES,Aguascalientes,202508,Polygon,5297.200000000,,,557.6,,,subdel,1,1,19,19,0,0,2,2,0,0,Entre 15 y 20 años,,278.8,,2
8,Servicios para empresas,AGUASCALIENTES,AGUASCALIENTES,Aguascalientes,202508,Polygon,76112.399999997,5297.200000000,,2230.4,836.4,,subdel,1,1,292,273,19,0,11,8,3,0,Entre 20 y 25 años,278.8,278.8,,11
8,Servicios para empresas,AGUASCALIENTES,AGUASCALIENTES,Aguascalientes,202508,Polygon,116538.399999995,10315.600000000,,5576,278.8,,subdel,1,1,455,418,37,0,21,20,1,0,Entre 25 y 30 años,278.8,278.8,,21
8,Servicios para empresas,AGUASCALIENTES,AGUASCALIENTES,Aguascalientes,202508,Polygon,134381.599999994,11709.599999999,,7527.6,278.8,,subdel,1,1,524,482,42,0,28,27,1,0,Entre 30 y 35 años,278.8,278.8,,28
8,Servicios para empresas,AGUASCALIENTES,AGUASCALIENTES,Aguascalientes,202508,Polygon,112356.399999995,12545.999999999,,9479.2,557.6,,subdel,1,1,448,403,45,0,36,34,2,0,Entre 35 y 40 años,278.8,278.8,,36
8,Servicios para empresas,AGUASCALIENTES,AGUASCALIENTES,Aguascalientes,202508,Polygon,70815.199999997,8364.000000000,,4460.8,836.4,,subdel,1,1,284,254,30,0,19,16,3,0,Entre 40 y 45 años,278.8,278.8,,19
8,Servicios para empresas,AGUASCALIENTES,AGUASCALIENTES,Aguascalientes,202508,Polygon,49905.199999998,4460.800000000,,8085.2,0,,subdel,1,1,195,179,16,0,29,29,0,0,Entre 45 y 50 años,,278.8,,29
8,Servicios para empresas,AGUASCALIENTES,AGUASCALIENTES,Aguascalientes,202508,Polygon,32898.399999999,3624.400000000,,3624.4,0,,subdel,1,1,131,118,13,0,13,13,0,0,Entre 50 y 55 años,,278.8,,13
8,Servicios para empresas,AGUASCALIENTES,AGUASCALIENTES,Aguascalientes,202508,Polygon,22582.799999999,1115.200000000,,2509.2,278.8,,subdel,1,1,85,81,4,0,10,9,1,0,Entre 55 y 60 años,278.8,278.8,,10
8,Servicios para empresas,AGUASCALIENTES,AGUASCALIENTES,Aguascalientes,202508,Polygon,11152.000000000,,,2230.4,,,subdel,1,1,40,40,0,0,8,8,0,0,Entre 60 y 65 años,,278.8,,8
8,Servicios para empresas,AGUASCALIENTES,AGUASCALIENTES,Aguascalientes,202508,Polygon,5297.200000000,,,0,,,subdel,1,1,19,19,0,0,0,0,0,0,Entre 65 y 70 años,,,,0
8,Servicios para empresas,AGUASCALIENTES,AGUASCALIENTES,Aguascalientes,202508,Polygon,1394.000000000,,,0,,,subdel,1,1,5,5,0,0,0,0,0,0,Entre 70 y 75 años,,,,0
7,Transportes y comunicaciones,AGUASCALIENTES,AGUASCALIENTES,Aguascalientes,202508,Polygon,88639.649999998,6143.340000000,,4161.69,0,,subdel,1,1,324,303,21,0,11,11,0,0,75 años y más,,378.335454545,,11
7,Transportes y comunicaciones,AGUASCALIENTES,AGUASCALIENTES,Aguascalientes,202508,Polygon,83081.369999998,7020.960000000,,1451.17,585.08,,subdel,1,1,308,284,24,0,6,4,2,0,Entre 15 y 20 años,292.54,362.7925,,6
7,Transportes y comunicaciones,AGUASCALIENTES,AGUASCALIENTES,Aguascalientes,202508,Polygon,535640.849999987,53534.849999999,,27226.66,292.54,,subdel,1,1,2014,1831,183,0,76,75,1,0,Entre 20 y 25 años,292.54,363.022133333,,76
7,Transportes y comunicaciones,AGUASCALIENTES,AGUASCALIENTES,Aguascalientes,202508,Polygon,568112.859999986,54705.039999999,,41543.02,2327.62,,subdel,1,1,2129,1942,187,0,118,112,6,0,Entre 25 y 30 años,387.936666667,370.919821429,,118
7,Transportes y comunicaciones,AGUASCALIENTES,AGUASCALIENTES,Aguascalientes,202508,Polygon,475377.659999989,55875.229999999,,60233.55,1996.57,,subdel,1,1,1816,1625,191,0,160,155,5,0,Entre 30 y 35 años,399.314,388.603548387,,160
7,Transportes y comunicaciones,AGUASCALIENTES,AGUASCALIENTES,Aguascalientes,202508,Polygon,346660.019999992,50316.939999999,,49819.74,2440.17,,subdel,1,1,1357,1185,172,0,136,129,7,0,Entre 35 y 40 años,348.595714286,386.199534884,,136
7,Transportes y comunicaciones,AGUASCALIENTES,AGUASCALIENTES,Aguascalientes,202508,Polygon,224378.229999995,26913.739999999,,48106.05,3828.55,,subdel,1,1,859,767,92,0,130,120,10,0,Entre 40 y 45 años,382.855,400.88375,,130
7,Transportes y comunicaciones,AGUASCALIENTES,AGUASCALIENTES,Aguascalientes,202508,Polygon,150365.629999996,21647.959999999,,34212.37,2297.79,,subdel,1,1,588,514,74,0,91,84,7,0,Entre 45 y 50 años,328.255714286,407.290119048,,91
7,Transportes y comunicaciones,AGUASCALIENTES,AGUASCALIENTES,Aguascalientes,202508,Polygon,102681.539999998,10238.910000000,,33762.14,0,,subdel,1,1,386,351,35,0,84,84,0,0,Entre 50 y 55 años,,401.930238095,,84
7,Transportes y comunicaciones,AGUASCALIENTES,AGUASCALIENTES,Aguascalientes,202508,Polygon,76060.419999998,6435.890000000,,24463.85,0,,subdel,1,1,282,260,22,0,62,62,0,0,Entre 55 y 60 años,,394.578225806,,62
7,Transportes y comunicaciones,AGUASCALIENTES,AGUASCALIENTES,Aguascalientes,202508,Polygon,49731.819999999,2340.320000000,,16728.79,0,,subdel,1,1,178,170,8,0,41,41,0,0,Entre 60 y 65 años,,408.019268293,,41
7,Transportes y comunicaciones,AGUASCALIENTES,AGUASCALIENTES,Aguascalientes,202508,Polygon,13456.850000000,292.540000000,,3950.7,0,,subdel,1,1,47,46,1,0,10,10,0,0,Entre 65 y 70 años,,395.07,,10
7,Transportes y comunicaciones,AGUASCALIENTES,AGUASCALIENTES,Aguascalientes,202508,Polygon,5265.720000000,,,1752.45,,,subdel,1,1,18,18,0,0,4,4,0,0,Entre 70 y 75 años,,438.1125,,4
8,Servicios para empresas,BAJA CALIFORNIA,BAJA CALIFORNIA,Baja California,202508,MultiPolygon,10315.600000000,278.800000000,,278.8,278.8,,subdel,1,2,38,37,1,0,2,1,1,0,75 años y más,278.8,278.8,,2
8,Servicios para empresas,BAJA CALIFORNIA,BAJA CALIFORNIA,Baja California,202508,MultiPolygon,8364.000000000,557.600000000,,278.8,0,,subdel,1,2,32,30,2,0,1,1,0,0,Entre 15 y 20 años,,278.8,,1
8,Servicios para empresas,BAJA CALIFORNIA,BAJA CALIFORNIA,Baja California,202508,MultiPolygon,95070.799999996,3066.800000000,,6412.4,0,,subdel,1,2,352,341,11,0,23,23,0,0,Entre 20 y 25 años,,278.8,,23
8,Servicios para empresas,BAJA CALIFORNIA,BAJA CALIFORNIA,Baja California,202508,MultiPolygon,146927.599999994,11709.599999999,,12546,557.6,,subdel,1,2,569,527,42,0,47,45,2,0,Entre 25 y 30 años,278.8,278.8,,47
8,Servicios para empresas,BAJA CALIFORNIA,BAJA CALIFORNIA,Baja California,202508,MultiPolygon,144418.399999994,16449.199999999,,14218.8,836.4,,subdel,1,2,577,518,59,0,54,51,3,0,Entre 30 y 35 años,278.8,278.8,,54
8,Servicios para empresas,BAJA CALIFORNIA,BAJA CALIFORNIA,Baja California,202508,MultiPolygon,121277.999999995,12267.199999999,,14218.8,557.6,,subdel,1,2,479,435,44,0,53,51,2,0,Entre 35 y 40 años,278.8,278.8,,53
8,Servicios para empresas,BAJA CALIFORNIA,BAJA CALIFORNIA,Baja California,202508,MultiPolygon,89215.999999996,9758.000000000,,11152,278.8,,subdel,1,2,355,320,35,0,41,40,1,0,Entre 40 y 45 años,278.8,278.8,,41
8,Servicios para empresas,BAJA CALIFORNIA,BAJA CALIFORNIA,Baja California,202508,MultiPolygon,55759.999999998,5297.200000000,,8642.8,0,,subdel,1,2,219,200,19,0,31,31,0,0,Entre 45 y 50 años,,278.8,,31
8,Servicios para empresas,BAJA CALIFORNIA,BAJA CALIFORNIA,Baja California,202508,MultiPolygon,44329.199999998,5297.200000000,,6133.6,278.8,,subdel,1,2,178,159,19,0,23,22,1,0,Entre 50 y 55 años,278.8,278.8,,23
8,Servicios para empresas,BAJA CALIFORNIA,BAJA CALIFORNIA,Baja California,202508,MultiPolygon,20909.999999999,836.400000000,,3624.4,0,,subdel,1,2,78,75,3,0,13,13,0,0,Entre 55 y 60 años,,278.8,,13
8,Servicios para empresas,BAJA CALIFORNIA,BAJA CALIFORNIA,Baja California,202508,MultiPolygon,11152.000000000,278.800000000,,1394,0,,subdel,1,2,41,40,1,0,5,5,0,0,Entre 60 y 65 años,,278.8,,5
8,Servicios para empresas,BAJA CALIFORNIA,BAJA CALIFORNIA,Baja California,202508,MultiPolygon,1672.800000000,278.800000000,,0,0,,subdel,1,2,7,6,1,0,0,0,0,0,Entre 65 y 70 años,,,,0
8,Servicios para empresas,BAJA CALIFORNIA,BAJA CALIFORNIA,Baja California,202508,MultiPolygon,836.400000000,,,0,,,subdel,1,2,3,3,0,0,0,0,0,0,Entre 70 y 75 años,,,,0
7,Transportes y comunicaciones,BAJA CALIFORNIA,BAJA CALIFORNIA,Baja California,202508,MultiPolygon,144807.329999996,16382.240000000,,16332.91,320.78,,subdel,1,2,551,495,56,0,43,42,1,0,75 años y más,320.78,388.878809524,,43
7,Transportes y comunicaciones,BAJA CALIFORNIA,BAJA CALIFORNIA,Baja California,202508,MultiPolygon,159434.309999996,16382.250000000,,14358.43,318.02,,subdel,1,2,601,545,56,0,38,37,1,0,Entre 15 y 20 años,318.02,388.065675676,,38
7,Transportes y comunicaciones,BAJA CALIFORNIA,BAJA CALIFORNIA,Baja California,202508,MultiPolygon,1280155.32999997,127254.919999997,,189530.42,8897.78,,subdel,1,2,4811,4376,435,0,494,472,22,0,Entre 20 y 25 años,404.444545455,401.5475,,494
7,Transportes y comunicaciones,BAJA CALIFORNIA,BAJA CALIFORNIA,Baja California,202508,MultiPolygon,1302973.55999997,176109.209999996,,241666.44,12621.5,,subdel,1,2,5056,4454,602,0,629,597,32,0,Entre 25 y 30 años,394.421875,404.801407035,,629
7,Transportes y comunicaciones,BAJA CALIFORNIA,BAJA CALIFORNIA,Baja California,202508,MultiPolygon,1050511.65999997,176109.309999996,,230376.53,17390.35,,subdel,1,2,4193,3591,602,0,608,561,47,0,Entre 30 y 35 años,370.007446809,410.653351159,,608
7,Transportes y comunicaciones,BAJA CALIFORNIA,BAJA CALIFORNIA,Baja California,202508,MultiPolygon,657922.809999984,114090.719999997,,188705.13,13863.36,,subdel,1,2,2639,2249,390,0,468,431,37,0,Entre 35 y 40 años,374.685405405,437.830928074,,468
7,Transportes y comunicaciones,BAJA CALIFORNIA,BAJA CALIFORNIA,Baja California,202508,MultiPolygon,446416.249999989,84544.169999998,,149962.41,20415.46,,subdel,1,2,1815,1526,289,0,401,352,49,0,Entre 40 y 45 años,416.642040816,426.029573864,,401
7,Transportes y comunicaciones,BAJA CALIFORNIA,BAJA CALIFORNIA,Baja California,202508,MultiPolygon,293111.479999993,56460.279999999,,107201.93,15502.81,,subdel,1,2,1195,1002,193,0,291,252,39,0,Entre 45 y 50 años,397.507948718,425.404484127,,291
7,Transportes y comunicaciones,BAJA CALIFORNIA,BAJA CALIFORNIA,Baja California,202508,MultiPolygon,219158.879999995,34227.199999999,,95758.59,7380.26,,subdel,1,2,866,749,117,0,244,225,19,0,Entre 50 y 55 años,388.434736842,425.593733333,,244
7,Transportes y comunicaciones,BAJA CALIFORNIA,BAJA CALIFORNIA,Baja California,202508,MultiPolygon,96245.699999998,16967.350000000,,38277.14,3316.99,,subdel,1,2,387,329,58,0,97,89,8,0,Entre 55 y 60 años,414.62375,430.080224719,,97
7,Transportes y comunicaciones,BAJA CALIFORNIA,BAJA CALIFORNIA,Baja California,202508,MultiPolygon,40078.009999999,6435.880000000,,14004.96,962.83,,subdel,1,2,159,137,22,0,38,36,2,0,Entre 60 y 65 años,481.415,389.026666667,,38
7,Transportes y comunicaciones,BAJA CALIFORNIA,BAJA CALIFORNIA,Baja California,202508,MultiPolygon,19015.110000000,877.620000000,,4978.76,334.81,,subdel,1,2,68,65,3,0,13,12,1,0,Entre 65 y 70 años,334.81,414.896666667,,13
7,Transportes y comunicaciones,BAJA CALIFORNIA,BAJA CALIFORNIA,Baja California,202508,MultiPolygon,3217.950000000,585.080000000,,595.48,0,,subdel,1,2,13,11,2,0,2,2,0,0,Entre 70 y 75 años,,297.74,,2
8,Servicios para empresas,BAJA CALIFORNIA SUR,BAJA CALIFORNIA SUR,Baja California Sur,202508,MultiPolygon,6133.600000000,,,0,,,subdel,1,3,22,22,0,0,0,0,0,0,75 años y más,,,,0
8,Servicios para empresas,BAJA CALIFORNIA SUR,BAJA CALIFORNIA SUR,Baja California Sur,202508,MultiPolygon,4739.600000000,278.800000000,,557.6,0,,subdel,1,3,18,17,1,0,2,2,0,0,Entre 15 y 20 años,,278.8,,2
8,Servicios para empresas,BAJA CALIFORNIA SUR,BAJA CALIFORNIA SUR,Baja California Sur,202508,MultiPolygon,56038.799999998,6691.200000000,,2788,0,,subdel,1,3,225,201,24,0,10,10,0,0,Entre 20 y 25 años,,278.8,,10
8,Servicios para empresas,BAJA CALIFORNIA SUR,BAJA CALIFORNIA SUR,Baja California Sur,202508,MultiPolygon,60499.599999997,10036.800000000,,2788,0,,subdel,1,3,253,217,36,0,10,10,0,0,Entre 25 y 30 años,,278.8,,10
8,Servicios para empresas,BAJA CALIFORNIA SUR,BAJA CALIFORNIA SUR,Baja California Sur,202508,MultiPolygon,60220.799999997,12824.799999999,,6691.2,557.6,,subdel,1,3,262,216,46,0,26,24,2,0,Entre 30 y 35 años,278.8,278.8,,26
8,Servicios para empresas,BAJA CALIFORNIA SUR,BAJA CALIFORNIA SUR,Baja California Sur,202508,MultiPolygon,49068.799999998,12267.199999999,,5854.8,557.6,,subdel,1,3,220,176,44,0,23,21,2,0,Entre 35 y 40 años,278.8,278.8,,23
8,Servicios para empresas,BAJA CALIFORNIA SUR,BAJA CALIFORNIA SUR,Baja California Sur,202508,MultiPolygon,35407.599999998,7527.600000000,,2509.2,0,,subdel,1,3,154,127,27,0,9,9,0,0,Entre 40 y 45 años,,278.8,,9
8,Servicios para empresas,BAJA CALIFORNIA SUR,BAJA CALIFORNIA SUR,Baja California Sur,202508,MultiPolygon,28716.399999999,5576.000000000,,2230.4,557.6,,subdel,1,3,123,103,20,0,10,8,2,0,Entre 45 y 50 años,278.8,278.8,,10
8,Servicios para empresas,BAJA CALIFORNIA SUR,BAJA CALIFORNIA SUR,Baja California Sur,202508,MultiPolygon,12824.799999999,1951.600000000,,1672.8,0,,subdel,1,3,53,46,7,0,6,6,0,0,Entre 50 y 55 años,,278.8,,6
8,Servicios para empresas,BAJA CALIFORNIA SUR,BAJA CALIFORNIA SUR,Baja California Sur,202508,MultiPolygon,5576.000000000,557.600000000,,1394,0,,subdel,1,3,22,20,2,0,5,5,0,0,Entre 55 y 60 años,,278.8,,5
8,Servicios para empresas,BAJA CALIFORNIA SUR,BAJA CALIFORNIA SUR,Baja California Sur,202508,MultiPolygon,4182.000000000,,,836.4,,,subdel,1,3,15,15,0,0,3,3,0,0,Entre 60 y 65 años,,278.8,,3
8,Servicios para empresas,BAJA CALIFORNIA SUR,BAJA CALIFORNIA SUR,Baja California Sur,202508,MultiPolygon,836.400000000,,,0,,,subdel,1,3,3,3,0,0,0,0,0,0,Entre 65 y 70 años,,,,0
7,Transportes y comunicaciones,BAJA CALIFORNIA SUR,BAJA CALIFORNIA SUR,Baja California Sur,202508,MultiPolygon,45343.699999999,4095.560000000,,3047.38,0,,subdel,1,3,169,155,14,0,8,8,0,0,75 años y más,,380.9225,,8
7,Transportes y comunicaciones,BAJA CALIFORNIA SUR,BAJA CALIFORNIA SUR,Baja California Sur,202508,MultiPolygon,29839.079999999,2925.400000000,,2414.43,292.54,,subdel,1,3,112,102,10,0,7,6,1,0,Entre 15 y 20 años,292.54,402.405,,7
7,Transportes y comunicaciones,BAJA CALIFORNIA SUR,BAJA CALIFORNIA SUR,Baja California Sur,202508,MultiPolygon,231691.719999994,23110.669999999,,21505.59,363.06,,subdel,1,3,871,792,79,0,61,60,1,0,Entre 20 y 25 años,363.06,358.4265,,61
7,Transportes y comunicaciones,BAJA CALIFORNIA SUR,BAJA CALIFORNIA SUR,Baja California Sur,202508,MultiPolygon,212969.209999995,35104.849999999,,25942.19,2832.94,,subdel,1,3,848,728,120,0,73,66,7,0,Entre 25 y 30 años,404.705714286,393.063484848,,73
7,Transportes y comunicaciones,BAJA CALIFORNIA SUR,BAJA CALIFORNIA SUR,Baja California Sur,202508,MultiPolygon,167918.119999996,34519.779999999,,29887.62,1925.23,,subdel,1,3,692,574,118,0,88,82,6,0,Entre 30 y 35 años,320.871666667,364.483170732,,88
7,Transportes y comunicaciones,BAJA CALIFORNIA SUR,BAJA CALIFORNIA SUR,Baja California Sur,202508,MultiPolygon,121111.629999997,25743.549999999,,21313.9,3978.33,,subdel,1,3,502,414,88,0,67,56,11,0,Entre 35 y 40 años,361.666363636,380.605357143,,67
7,Transportes y comunicaciones,BAJA CALIFORNIA SUR,BAJA CALIFORNIA SUR,Baja California Sur,202508,MultiPolygon,79570.939999998,16674.790000000,,14317.84,1592.85,,subdel,1,3,329,272,57,0,42,38,4,0,Entre 40 y 45 años,398.2125,376.785263158,,42
7,Transportes y comunicaciones,BAJA CALIFORNIA SUR,BAJA CALIFORNIA SUR,Baja California Sur,202508,MultiPolygon,50316.909999999,11994.170000000,,15390.53,570.98,,subdel,1,3,213,172,41,0,39,37,2,0,Entre 45 y 50 años,285.49,415.960270270,,39
7,Transportes y comunicaciones,BAJA CALIFORNIA SUR,BAJA CALIFORNIA SUR,Baja California Sur,202508,MultiPolygon,32179.419999999,6143.340000000,,9716.03,730.96,,subdel,1,3,131,110,21,0,26,24,2,0,Entre 50 y 55 años,365.48,404.834583333,,26
7,Transportes y comunicaciones,BAJA CALIFORNIA SUR,BAJA CALIFORNIA SUR,Baja California Sur,202508,MultiPolygon,18137.490000000,2340.320000000,,4487.58,945.46,,subdel,1,3,70,62,8,0,15,12,3,0,Entre 55 y 60 años,315.153333333,373.965,,15
7,Transportes y comunicaciones,BAJA CALIFORNIA SUR,BAJA CALIFORNIA SUR,Baja California Sur,202508,MultiPolygon,8776.200000000,1462.710000000,,1804.38,0,,subdel,1,3,35,30,5,0,5,5,0,0,Entre 60 y 65 años,,360.876,,5
7,Transportes y comunicaciones,BAJA CALIFORNIA SUR,BAJA CALIFORNIA SUR,Baja California Sur,202508,MultiPolygon,2925.400000000,,,315.09,,,subdel,1,3,10,10,0,0,1,1,0,0,Entre 65 y 70 años,,315.09,,1
7,Transportes y comunicaciones,BAJA CALIFORNIA SUR,BAJA CALIFORNIA SUR,Baja California Sur,202508,MultiPolygon,585.080000000,,,0,,,subdel,1,3,2,2,0,0,0,0,0,0,Entre 70 y 75 años,,,,0
8,Servicios para empresas,CAMPECHE,CAMPECHE,Campeche,202508,MultiPolygon,9479.200000000,836.400000000,,0,0,,subdel,1,4,37,34,3,0,0,0,0,0,75 años y más,,,,0
8,Servicios para empresas,CAMPECHE,CAMPECHE,Campeche,202508,MultiPolygon,1951.600000000,,,0,,,subdel,1,4,7,7,0,0,0,0,0,0,Entre 15 y 20 años,,,,0
8,Servicios para empresas,CAMPECHE,CAMPECHE,Campeche,202508,MultiPolygon,64681.599999997,5576.000000000,,4182,0,,subdel,1,4,252,232,20,0,15,15,0,0,Entre 20 y 25 años,,278.8,,15
8,Servicios para empresas,CAMPECHE,CAMPECHE,Campeche,202508,MultiPolygon,137727.199999994,15612.799999999,,9200.4,0,,subdel,1,4,550,494,56,0,33,33,0,0,Entre 25 y 30 años,,278.8,,33
8,Servicios para empresas,CAMPECHE,CAMPECHE,Campeche,202508,MultiPolygon,164213.199999993,19515.999999999,,18679.6,1394,,subdel,1,4,659,589,70,0,72,67,5,0,Entre 30 y 35 años,278.8,278.8,,72
8,Servicios para empresas,CAMPECHE,CAMPECHE,Campeche,202508,MultiPolygon,149715.599999994,17285.599999999,,16449.2,836.4,,subdel,1,4,599,537,62,0,62,59,3,0,Entre 35 y 40 años,278.8,278.8,,62
8,Servicios para empresas,CAMPECHE,CAMPECHE,Campeche,202508,MultiPolygon,95349.599999996,9758.000000000,,15334,0,,subdel,1,4,377,342,35,0,55,55,0,0,Entre 40 y 45 años,,278.8,,55
8,Servicios para empresas,CAMPECHE,CAMPECHE,Campeche,202508,MultiPolygon,52135.599999998,6691.200000000,,8085.2,278.8,,subdel,1,4,211,187,24,0,30,29,1,0,Entre 45 y 50 años,278.8,278.8,,30
8,Servicios para empresas,CAMPECHE,CAMPECHE,Campeche,202508,MultiPolygon,35965.199999998,6970.000000000,,5297.2,557.6,,subdel,1,4,154,129,25,0,21,19,2,0,Entre 50 y 55 años,278.8,278.8,,21
8,Servicios para empresas,CAMPECHE,CAMPECHE,Campeche,202508,MultiPolygon,23140.399999999,3345.600000000,,6133.6,278.8,,subdel,1,4,95,83,12,0,23,22,1,0,Entre 55 y 60 años,278.8,278.8,,23
8,Servicios para empresas,CAMPECHE,CAMPECHE,Campeche,202508,MultiPolygon,7806.400000000,,,1115.2,,,subdel,1,4,28,28,0,0,4,4,0,0,Entre 60 y 65 años,,278.8,,4
8,Servicios para empresas,CAMPECHE,CAMPECHE,Campeche,202508,MultiPolygon,2788.000000000,,,0,,,subdel,1,4,10,10,0,0,0,0,0,0,Entre 65 y 70 años,,,,0
8,Servicios para empresas,CAMPECHE,CAMPECHE,Campeche,202508,MultiPolygon,557.600000000,278.800000000,,0,0,,subdel,1,4,3,2,1,0,0,0,0,0,Entre 70 y 75 años,,,,0
7,Transportes y comunicaciones,CAMPECHE,CAMPECHE,Campeche,202508,MultiPolygon,52949.749999999,3803.020000000,,293.09,0,,subdel,1,4,194,181,13,0,1,1,0,0,75 años y más,,293.09,,1
7,Transportes y comunicaciones,CAMPECHE,CAMPECHE,Campeche,202508,MultiPolygon,25743.519999999,2925.400000000,,0,585.08,,subdel,1,4,98,88,10,0,2,0,2,0,Entre 15 y 20 años,292.54,,,2
7,Transportes y comunicaciones,CAMPECHE,CAMPECHE,Campeche,202508,MultiPolygon,300132.359999993,26621.149999999,,9304.74,292.54,,subdel,1,4,1117,1026,91,0,26,25,1,0,Entre 20 y 25 años,292.54,372.1896,,26
7,Transportes y comunicaciones,CAMPECHE,CAMPECHE,Campeche,202508,MultiPolygon,363334.809999991,46221.329999999,,20295.16,1346.17,,subdel,1,4,1400,1242,158,0,56,52,4,0,Entre 25 y 30 años,336.5425,390.291538462,,56
7,Transportes y comunicaciones,CAMPECHE,CAMPECHE,Campeche,202508,MultiPolygon,341687.019999992,41248.259999999,,31317.48,1154.43,,subdel,1,4,1309,1168,141,0,82,79,3,0,Entre 30 y 35 años,384.81,396.423797468,,82
7,Transportes y comunicaciones,CAMPECHE,CAMPECHE,Campeche,202508,MultiPolygon,271244.049999993,36275.029999999,,32378.33,1291.32,,subdel,1,4,1051,927,124,0,83,80,3,0,Entre 35 y 40 años,430.44,404.729125,,83
7,Transportes y comunicaciones,CAMPECHE,CAMPECHE,Campeche,202508,MultiPolygon,168795.739999996,20770.369999999,,26014.84,2169.72,,subdel,1,4,648,577,71,0,71,64,7,0,Entre 40 y 45 años,309.96,406.481875,,71
7,Transportes y comunicaciones,CAMPECHE,CAMPECHE,Campeche,202508,MultiPolygon,106192.119999997,10531.460000000,,14927.9,1030.9,,subdel,1,4,399,363,36,0,40,37,3,0,Entre 45 y 50 años,343.633333333,403.456756757,,40
7,Transportes y comunicaciones,CAMPECHE,CAMPECHE,Campeche,202508,MultiPolygon,78693.309999998,10238.940000000,,16207.71,1279.07,,subdel,1,4,304,269,35,0,43,39,4,0,Entre 50 y 55 años,319.7675,415.582307692,,43
7,Transportes y comunicaciones,CAMPECHE,CAMPECHE,Campeche,202508,MultiPolygon,45928.799999999,6143.340000000,,10601.48,837.39,,subdel,1,4,178,157,21,0,27,25,2,0,Entre 55 y 60 años,418.695,424.0592,,27
7,Transportes y comunicaciones,CAMPECHE,CAMPECHE,Campeche,202508,MultiPolygon,18430.020000000,585.080000000,,2528.96,1030.8,,subdel,1,4,65,63,2,0,7,6,1,0,Entre 60 y 65 años,1030.8,421.493333333,,7
7,Transportes y comunicaciones,CAMPECHE,CAMPECHE,Campeche,202508,MultiPolygon,5558.260000000,,,451.79,,,subdel,1,4,19,19,0,0,1,1,0,0,Entre 65 y 70 años,,451.79,,1
7,Transportes y comunicaciones,CAMPECHE,CAMPECHE,Campeche,202508,MultiPolygon,2340.320000000,585.080000000,,756.88,0,,subdel,1,4,10,8,2,0,2,2,0,0,Entre 70 y 75 años,,378.44,,2
8,Servicios para empresas,CHIAPAS,CHIAPAS,Chiapas,202508,MultiPolygon,4739.600000000,,,0,,,subdel,1,7,17,17,0,0,0,0,0,0,75 años y más,,,,0
8,Servicios para empresas,CHIAPAS,CHIAPAS,Chiapas,202508,MultiPolygon,3345.600000000,,,278.8,,,subdel,1,7,12,12,0,0,1,1,0,0,Entre 15 y 20 años,,278.8,,1
8,Servicios para empresas,CHIAPAS,CHIAPAS,Chiapas,202508,MultiPolygon,59105.599999997,2509.200000000,,3066.8,0,,subdel,1,7,221,212,9,0,11,11,0,0,Entre 20 y 25 años,,278.8,,11
8,Servicios para empresas,CHIAPAS,CHIAPAS,Chiapas,202508,MultiPolygon,117932.399999995,5576.000000000,,5576,278.8,,subdel,1,7,443,423,20,0,21,20,1,0,Entre 25 y 30 años,278.8,278.8,,21
8,Servicios para empresas,CHIAPAS,CHIAPAS,Chiapas,202508,MultiPolygon,127969.199999994,6133.600000000,,11709.6,557.6,,subdel,1,7,481,459,22,0,44,42,2,0,Entre 30 y 35 años,278.8,278.8,,44
8,Servicios para empresas,CHIAPAS,CHIAPAS,Chiapas,202508,MultiPolygon,123229.599999995,6412.400000000,,12546,278.8,,subdel,1,7,465,442,23,0,46,45,1,0,Entre 35 y 40 años,278.8,278.8,,46
8,Servicios para empresas,CHIAPAS,CHIAPAS,Chiapas,202508,MultiPolygon,88379.599999996,2788.000000000,,8085.2,557.6,,subdel,1,7,327,317,10,0,31,29,2,0,Entre 40 y 45 años,278.8,278.8,,31
8,Servicios para empresas,CHIAPAS,CHIAPAS,Chiapas,202508,MultiPolygon,54923.599999998,1672.800000000,,6970,0,,subdel,1,7,203,197,6,0,25,25,0,0,Entre 45 y 50 años,,278.8,,25
8,Servicios para empresas,CHIAPAS,CHIAPAS,Chiapas,202508,MultiPolygon,24255.599999999,1672.800000000,,3066.8,0,,subdel,1,7,93,87,6,0,11,11,0,0,Entre 50 y 55 años,,278.8,,11
8,Servicios para empresas,CHIAPAS,CHIAPAS,Chiapas,202508,MultiPolygon,13939.999999999,557.600000000,,2230.4,0,,subdel,1,7,52,50,2,0,8,8,0,0,Entre 55 y 60 años,,278.8,,8
8,Servicios para empresas,CHIAPAS,CHIAPAS,Chiapas,202508,MultiPolygon,6412.400000000,,,1672.8,,,subdel,1,7,23,23,0,0,6,6,0,0,Entre 60 y 65 años,,278.8,,6
8,Servicios para empresas,CHIAPAS,CHIAPAS,Chiapas,202508,MultiPolygon,836.400000000,,,0,,,subdel,1,7,3,3,0,0,0,0,0,0,Entre 65 y 70 años,,,,0
8,Servicios para empresas,CHIAPAS,CHIAPAS,Chiapas,202508,MultiPolygon,1115.200000000,,,278.8,,,subdel,1,7,4,4,0,0,1,1,0,0,Entre 70 y 75 años,,278.8,,1
7,Transportes y comunicaciones,CHIAPAS,CHIAPAS,Chiapas,202508,MultiPolygon,180789.739999996,15797.170000000,,3027.82,295.75,,subdel,1,7,672,618,54,0,9,8,1,0,75 años y más,295.75,378.4775,,9
7,Transportes y comunicaciones,CHIAPAS,CHIAPAS,Chiapas,202508,MultiPolygon,94782.969999998,6435.880000000,,4165.23,0,,subdel,1,7,346,324,22,0,11,11,0,0,Entre 15 y 20 años,,378.657272727,,11
7,Transportes y comunicaciones,CHIAPAS,CHIAPAS,Chiapas,202508,MultiPolygon,1167883.49999997,86591.869999998,,65790.03,3965.6,,subdel,1,7,4288,3992,296,0,173,165,8,0,Entre 20 y 25 años,495.7,398.727454545,,173
7,Transportes y comunicaciones,CHIAPAS,CHIAPAS,Chiapas,202508,MultiPolygon,1522468.15999996,130123.869999997,,145040.13,6678.39,,subdel,1,7,5647,5203,444,0,379,362,17,0,Entre 25 y 30 años,392.846470588,400.663342541,,379
7,Transportes y comunicaciones,CHIAPAS,CHIAPAS,Chiapas,202508,MultiPolygon,1238224.04999997,109702.609999997,,162228.98,5229.73,,subdel,1,7,4607,4232,375,0,423,408,15,0,Entre 30 y 35 años,348.648666667,397.620049020,,423
7,Transportes y comunicaciones,CHIAPAS,CHIAPAS,Chiapas,202508,MultiPolygon,899404.059999978,76353.099999998,,142705.7,4827.8,,subdel,1,7,3335,3074,261,0,365,351,14,0,Entre 35 y 40 años,344.842857143,406.568945869,,365
7,Transportes y comunicaciones,CHIAPAS,CHIAPAS,Chiapas,202508,MultiPolygon,564834.429999986,48269.139999999,,99014.54,4631.31,,subdel,1,7,2095,1930,165,0,259,247,12,0,Entre 40 y 45 años,385.9425,400.868582996,,259
7,Transportes y comunicaciones,CHIAPAS,CHIAPAS,Chiapas,202508,MultiPolygon,348738.279999992,28376.409999999,,76360.03,2629.94,,subdel,1,7,1289,1192,97,0,199,192,7,0,Entre 45 y 50 años,375.705714286,397.708489583,,199
7,Transportes y comunicaciones,CHIAPAS,CHIAPAS,Chiapas,202508,MultiPolygon,198634.769999995,24573.419999999,,48595.02,1503.58,,subdel,1,7,763,679,84,0,129,125,4,0,Entre 50 y 55 años,375.895,388.76016,,129
7,Transportes y comunicaciones,CHIAPAS,CHIAPAS,Chiapas,202508,MultiPolygon,114968.289999997,8776.220000000,,25225.39,782.2,,subdel,1,7,423,393,30,0,61,59,2,0,Entre 55 y 60 años,391.1,427.548983051,,61
7,Transportes y comunicaciones,CHIAPAS,CHIAPAS,Chiapas,202508,MultiPolygon,46500.139999999,3217.940000000,,7750.23,0,,subdel,1,7,170,159,11,0,22,22,0,0,Entre 60 y 65 años,,352.283181818,,22
7,Transportes y comunicaciones,CHIAPAS,CHIAPAS,Chiapas,202508,MultiPolygon,17844.950000000,292.540000000,,2424.06,0,,subdel,1,7,62,61,1,0,7,7,0,0,Entre 65 y 70 años,,346.294285714,,7
7,Transportes y comunicaciones,CHIAPAS,CHIAPAS,Chiapas,202508,MultiPolygon,2340.320000000,292.540000000,,636.4,0,,subdel,1,7,9,8,1,0,2,2,0,0,Entre 70 y 75 años,,318.2,,2
8,Servicios para empresas,CHIHUAHUA,CHIHUAHUA,Chihuahua,202508,Polygon,16449.199999999,557.600000000,,557.6,0,,subdel,1,8,61,59,2,0,2,2,0,0,75 años y más,,278.8,,2
8,Servicios para empresas,CHIHUAHUA,CHIHUAHUA,Chihuahua,202508,Polygon,26485.999999999,1115.200000000,,1951.6,0,,subdel,1,8,99,95,4,0,7,7,0,0,Entre 15 y 20 años,,278.8,,7
8,Servicios para empresas,CHIHUAHUA,CHIHUAHUA,Chihuahua,202508,Polygon,262908.399999989,26485.999999999,,9758,278.8,,subdel,1,8,1038,943,95,0,36,35,1,0,Entre 20 y 25 años,278.8,278.8,,36
8,Servicios para empresas,CHIHUAHUA,CHIHUAHUA,Chihuahua,202508,Polygon,344596.799999985,47953.599999998,,30389.2,3066.8,,subdel,1,8,1408,1236,172,0,120,109,11,0,Entre 25 y 30 años,278.8,278.8,,120
8,Servicios para empresas,CHIHUAHUA,CHIHUAHUA,Chihuahua,202508,Polygon,373313.199999984,56875.199999998,,34013.6,4739.6,,subdel,1,8,1543,1339,204,0,139,122,17,0,Entre 30 y 35 años,278.8,278.8,,139
8,Servicios para empresas,CHIHUAHUA,CHIHUAHUA,Chihuahua,202508,Polygon,279636.399999988,43492.799999998,,28437.6,2509.2,,subdel,1,8,1159,1003,156,0,111,102,9,0,Entre 35 y 40 años,278.8,278.8,,111
8,Servicios para empresas,CHIHUAHUA,CHIHUAHUA,Chihuahua,202508,Polygon,187074.799999992,31783.199999999,,18122,2788,,subdel,1,8,785,671,114,0,75,65,10,0,Entre 40 y 45 años,278.8,278.8,,75
8,Servicios para empresas,CHIHUAHUA,CHIHUAHUA,Chihuahua,202508,Polygon,135775.599999994,20352.399999999,,17006.8,1951.6,,subdel,1,8,560,487,73,0,68,61,7,0,Entre 45 y 50 años,278.8,278.8,,68
8,Servicios para empresas,CHIHUAHUA,CHIHUAHUA,Chihuahua,202508,Polygon,84755.199999996,8921.600000000,,12824.8,278.8,,subdel,1,8,336,304,32,0,47,46,1,0,Entre 50 y 55 años,278.8,278.8,,47
8,Servicios para empresas,CHIHUAHUA,CHIHUAHUA,Chihuahua,202508,Polygon,50741.599999998,4182.000000000,,7527.6,557.6,,subdel,1,8,197,182,15,0,29,27,2,0,Entre 55 y 60 años,278.8,278.8,,29
8,Servicios para empresas,CHIHUAHUA,CHIHUAHUA,Chihuahua,202508,Polygon,24534.399999999,557.600000000,,3066.8,0,,subdel,1,8,90,88,2,0,11,11,0,0,Entre 60 y 65 años,,278.8,,11
8,Servicios para empresas,CHIHUAHUA,CHIHUAHUA,Chihuahua,202508,Polygon,9758.000000000,,,1394,,,subdel,1,8,35,35,0,0,5,5,0,0,Entre 65 y 70 años,,278.8,,5
8,Servicios para empresas,CHIHUAHUA,CHIHUAHUA,Chihuahua,202508,Polygon,557.600000000,,,0,,,subdel,1,8,2,2,0,0,0,0,0,0,Entre 70 y 75 años,,,,0
7,Transportes y comunicaciones,CHIHUAHUA,CHIHUAHUA,Chihuahua,202508,Polygon,158264.159999996,26913.689999999,,8744,295.13,,subdel,1,8,633,541,92,0,26,25,1,0,75 años y más,295.13,349.76,,26
7,Transportes y comunicaciones,CHIHUAHUA,CHIHUAHUA,Chihuahua,202508,Polygon,262115.889999994,31886.859999999,,11038.25,479.63,,subdel,1,8,1005,896,109,0,32,31,1,0,Entre 15 y 20 años,479.63,356.072580645,,32
7,Transportes y comunicaciones,CHIHUAHUA,CHIHUAHUA,Chihuahua,202508,Polygon,1605501.34999996,297513.309999993,,124221.37,5301.9,,subdel,1,8,6505,5488,1017,0,343,328,15,0,Entre 20 y 25 años,353.46,378.723689024,,343
7,Transportes y comunicaciones,CHIHUAHUA,CHIHUAHUA,Chihuahua,202508,Polygon,1619502.06999996,359531.979999991,,206243.9,17570.82,,subdel,1,8,6765,5536,1229,0,571,525,46,0,Entre 25 y 30 años,381.974347826,392.845523810,,571
7,Transportes y comunicaciones,CHIHUAHUA,CHIHUAHUA,Chihuahua,202508,Polygon,1467088.75999996,340516.789999992,,266729.77,30455.97,,subdel,1,8,6179,5015,1164,0,746,662,84,0,Entre 30 y 35 años,362.571071429,402.915060423,,746
7,Transportes y comunicaciones,CHIHUAHUA,CHIHUAHUA,Chihuahua,202508,Polygon,1024001.30999998,261238.509999994,,221769.12,20272.02,,subdel,1,8,4393,3500,893,0,603,550,53,0,Entre 35 y 40 años,382.490943396,403.216581818,,603
7,Transportes y comunicaciones,CHIHUAHUA,CHIHUAHUA,Chihuahua,202508,Polygon,697708.119999983,159726.979999996,,172462.5,24114.84,,subdel,1,8,2931,2385,546,0,494,428,66,0,Entre 40 y 45 años,365.376363636,402.949766355,,494
7,Transportes y comunicaciones,CHIHUAHUA,CHIHUAHUA,Chihuahua,202508,Polygon,493515.129999988,116723.599999997,,150524.89,15836.93,,subdel,1,8,2086,1687,399,0,415,373,42,0,Entre 45 y 50 años,377.069761905,403.551983914,,415
7,Transportes y comunicaciones,CHIHUAHUA,CHIHUAHUA,Chihuahua,202508,Polygon,335836.039999992,67869.389999998,,123939.5,9387.34,,subdel,1,8,1380,1148,232,0,329,305,24,0,Entre 50 y 55 años,391.139166667,406.359016393,,329
7,Transportes y comunicaciones,CHIHUAHUA,CHIHUAHUA,Chihuahua,202508,Polygon,236079.869999994,31594.349999999,,81850.17,4780.51,,subdel,1,8,915,807,108,0,208,195,13,0,Entre 55 y 60 años,367.731538462,419.744461538,,208
7,Transportes y comunicaciones,CHIHUAHUA,CHIHUAHUA,Chihuahua,202508,Polygon,114383.169999997,12871.770000000,,35536.35,2182.35,,subdel,1,8,435,391,44,0,94,89,5,0,Entre 60 y 65 años,436.47,399.284831461,,94
7,Transportes y comunicaciones,CHIHUAHUA,CHIHUAHUA,Chihuahua,202508,Polygon,42125.769999999,2047.780000000,,14978.27,0,,subdel,1,8,151,144,7,0,37,37,0,0,Entre 65 y 70 años,,404.818108108,,37
7,Transportes y comunicaciones,CHIHUAHUA,CHIHUAHUA,Chihuahua,202508,Polygon,6435.880000000,292.540000000,,2396.55,0,,subdel,1,8,23,22,1,0,6,6,0,0,Entre 70 y 75 años,,399.425,,6
8,Servicios para empresas,CIUDAD DE MÉXICO,CIUDAD DE MÉXICO,Ciudad de México,202508,Polygon,32619.599999999,836.400000000,,1672.8,0,,subdel,1,9,120,117,3,0,6,6,0,0,75 años y más,,278.8,,6
8,Servicios para empresas,CIUDAD DE MÉXICO,CIUDAD DE MÉXICO,Ciudad de México,202508,Polygon,10873.200000000,278.800000000,,557.6,0,,subdel,1,9,40,39,1,0,2,2,0,0,Entre 15 y 20 años,,278.8,,2
8,Servicios para empresas,CIUDAD DE MÉXICO,CIUDAD DE MÉXICO,Ciudad de México,202508,Polygon,286327.599999988,8364.000000000,,9758,0,,subdel,1,9,1057,1027,30,0,35,35,0,0,Entre 20 y 25 años,,278.8,,35
8,Servicios para empresas,CIUDAD DE MÉXICO,CIUDAD DE MÉXICO,Ciudad de México,202508,Polygon,579346.399999975,29273.999999999,,30946.8,557.6,,subdel,1,9,2183,2078,105,0,113,111,2,0,Entre 25 y 30 años,278.8,278.8,,113
8,Servicios para empresas,CIUDAD DE MÉXICO,CIUDAD DE MÉXICO,Ciudad de México,202508,Polygon,881565.599999962,42377.599999998,,69142.4,1115.2,,subdel,1,9,3314,3162,152,0,252,248,4,0,Entre 30 y 35 años,278.8,278.8,,252
8,Servicios para empresas,CIUDAD DE MÉXICO,CIUDAD DE MÉXICO,Ciudad de México,202508,Polygon,1062506.79999995,51020.399999998,,101204.4,3903.2,,subdel,1,9,3994,3811,183,0,377,363,14,0,Entre 35 y 40 años,278.8,278.8,,377
8,Servicios para empresas,CIUDAD DE MÉXICO,CIUDAD DE MÉXICO,Ciudad de México,202508,Polygon,1075331.59999995,54087.199999998,,110962.4,2788,,subdel,1,9,4051,3857,194,0,408,398,10,0,Entre 40 y 45 años,278.8,278.8,,408
8,Servicios para empresas,CIUDAD DE MÉXICO,CIUDAD DE MÉXICO,Ciudad de México,202508,Polygon,869855.999999963,44050.399999998,,103992.4,1951.6,,subdel,1,9,3278,3120,158,0,380,373,7,0,Entre 45 y 50 años,278.8,278.8,,380
8,Servicios para empresas,CIUDAD DE MÉXICO,CIUDAD DE MÉXICO,Ciudad de México,202508,Polygon,712612.799999969,34013.599999999,,83918.8,3066.8,,subdel,1,9,2678,2556,122,0,312,301,11,0,Entre 50 y 55 años,278.8,278.8,,312
8,Servicios para empresas,CIUDAD DE MÉXICO,CIUDAD DE MÉXICO,Ciudad de México,202508,Polygon,420151.599999982,19794.799999999,,55202.4,836.4,,subdel,1,9,1578,1507,71,0,201,198,3,0,Entre 55 y 60 años,278.8,278.8,,201
8,Servicios para empresas,CIUDAD DE MÉXICO,CIUDAD DE MÉXICO,Ciudad de México,202508,Polygon,211051.599999991,5576.000000000,,23976.8,278.8,,subdel,1,9,777,757,20,0,87,86,1,0,Entre 60 y 65 años,278.8,278.8,,87
8,Servicios para empresas,CIUDAD DE MÉXICO,CIUDAD DE MÉXICO,Ciudad de México,202508,Polygon,80573.199999997,1951.600000000,,8642.8,0,,subdel,1,9,296,289,7,0,31,31,0,0,Entre 65 y 70 años,,278.8,,31
8,Servicios para empresas,CIUDAD DE MÉXICO,CIUDAD DE MÉXICO,Ciudad de México,202508,Polygon,20909.999999999,557.600000000,,1394,0,,subdel,1,9,77,75,2,0,5,5,0,0,Entre 70 y 75 años,,278.8,,5
7,Transportes y comunicaciones,CIUDAD DE MÉXICO,CIUDAD DE MÉXICO,Ciudad de México,202508,Polygon,1516695.89999996,206825.839999995,,44211.03,3335.11,,subdel,1,9,5891,5184,707,0,141,130,11,0,75 años y más,303.191818182,340.084846154,,141
7,Transportes y comunicaciones,CIUDAD DE MÉXICO,CIUDAD DE MÉXICO,Ciudad de México,202508,Polygon,656752.449999984,65821.539999998,,13473.44,292.54,,subdel,1,9,2470,2245,225,0,44,43,1,0,Entre 15 y 20 años,292.54,313.335813953,,44
7,Transportes y comunicaciones,CIUDAD DE MÉXICO,CIUDAD DE MÉXICO,Ciudad de México,202508,Polygon,8179276.9799998,938468.949999977,292.540000000,344598.14,18024.21,0,subdel,1,9,31169,27960,3208,1,1038,982,56,0,Entre 20 y 25 años,321.860892857,350.914602851,,1038
7,Transportes y comunicaciones,CIUDAD DE MÉXICO,CIUDAD DE MÉXICO,Ciudad de México,202508,Polygon,10275645.4699997,1174000.92999997,,770922.68,41943.68,,subdel,1,9,39139,35126,4013,0,2246,2117,129,0,Entre 25 y 30 años,325.144806202,364.158091639,,2246
7,Transportes y comunicaciones,CIUDAD DE MÉXICO,CIUDAD DE MÉXICO,Ciudad de México,202508,Polygon,10483175.1499997,1221567.34999997,,1175203.73,64479.39,,subdel,1,9,40010,35835,4175,0,3351,3162,189,0,Entre 30 y 35 años,341.160793651,371.664683744,,3351
7,Transportes y comunicaciones,CIUDAD DE MÉXICO,CIUDAD DE MÉXICO,Ciudad de México,202508,Polygon,9439804.74999977,999467.109999975,,1434664.67,80367.7,,subdel,1,9,35684,32268,3416,0,4011,3774,237,0,Entre 35 y 40 años,339.104219409,380.144321675,,4011
7,Transportes y comunicaciones,CIUDAD DE MÉXICO,CIUDAD DE MÉXICO,Ciudad de México,202508,Polygon,8437492.46999979,824460.009999979,,1693819.6,83848.98,,subdel,1,9,31658,28840,2818,0,4584,4335,249,0,Entre 40 y 45 años,336.742891566,390.731164937,,4584
7,Transportes y comunicaciones,CIUDAD DE MÉXICO,CIUDAD DE MÉXICO,Ciudad de México,202508,Polygon,6215241.14999985,679273.089999983,,1540060.53,89493.98,,subdel,1,9,23566,21245,2321,0,4202,3939,263,0,Entre 45 y 50 años,340.281292776,390.977539985,,4202
7,Transportes y comunicaciones,CIUDAD DE MÉXICO,CIUDAD DE MÉXICO,Ciudad de México,202508,Polygon,4902618.20999988,508888.619999987,,1397327.94,70368.25,,subdel,1,9,18497,16758,1739,0,3759,3555,204,0,Entre 50 y 55 años,344.942401961,393.059898734,,3759
7,Transportes y comunicaciones,CIUDAD DE MÉXICO,CIUDAD DE MÉXICO,Ciudad de México,202508,Polygon,3018367.90999993,268658.699999993,,916707.41,40269.32,,subdel,1,9,11236,10318,918,0,2470,2352,118,0,Entre 55 y 60 años,341.265423729,389.756551871,,2470
7,Transportes y comunicaciones,CIUDAD DE MÉXICO,CIUDAD DE MÉXICO,Ciudad de México,202508,Polygon,1643184.34999996,104173.729999997,,432901.33,9512,,subdel,1,9,5973,5617,356,0,1168,1139,29,0,Entre 60 y 65 años,328,380.071404741,,1168
7,Transportes y comunicaciones,CIUDAD DE MÉXICO,CIUDAD DE MÉXICO,Ciudad de México,202508,Polygon,619609.889999985,34519.779999999,,132196.74,2791.29,,subdel,1,9,2236,2118,118,0,364,356,8,0,Entre 65 y 70 años,348.91125,371.339157303,,364
8,Servicios para empresas,EXTRANJERO/EXTRANJERA,,Extranjero/Extranjera,202508,,3903.200000000,,,0,,,subdel,1,,14,14,0,0,0,0,0,0,75 años y más,,,,0
8,Servicios para empresas,NACIDO EN EL EXTRANJERO,,Nacido en el Extranjero,202508,,0,,,278.8,,,subdel,1,,0,0,0,0,1,1,0,0,75 años y más,,278.8,,1
8,Servicios para empresas,COAHUILA DE ZARAGOZA,COAHUILA DE ZARAGOZA,Coahuila de Zaragoza,202508,Polygon,18121.999999999,557.600000000,,2509.2,0,,subdel,1,5,67,65,2,0,9,9,0,0,75 años y más,,278.8,,9
8,Servicios para empresas,COLIMA,COLIMA,Colima,202508,MultiPolygon,1115.200000000,,,278.8,,,subdel,1,6,4,4,0,0,1,1,0,0,75 años y más,,278.8,,1
8,Servicios para empresas,DURANGO,DURANGO,Durango,202508,Polygon,1115.200000000,,,0,,,subdel,1,10,4,4,0,0,0,0,0,0,75 años y más,,,,0
8,Servicios para empresas,GUANAJUATO,GUANAJUATO,Guanajuato,202508,Polygon,16170.399999999,278.800000000,,278.8,0,,subdel,1,11,59,58,1,0,1,1,0,0,75 años y más,,278.8,,1
8,Servicios para empresas,GUERRERO,GUERRERO,Guerrero,202508,MultiPolygon,2788.000000000,,,278.8,,,subdel,1,12,10,10,0,0,1,1,0,0,75 años y más,,278.8,,1
8,Servicios para empresas,HIDALGO,HIDALGO,Hidalgo,202508,Polygon,1115.200000000,278.800000000,,278.8,0,,subdel,1,13,5,4,1,0,1,1,0,0,75 años y más,,278.8,,1
8,Servicios para empresas,JALISCO,JALISCO,Jalisco,202508,MultiPolygon,37359.199999998,1115.200000000,,2788,0,,subdel,1,14,138,134,4,0,10,10,0,0,75 años y más,,278.8,,10
8,Servicios para empresas,MÉXICO,MÉXICO,México,202508,Polygon,11988.399999999,836.400000000,,557.6,0,,subdel,1,15,46,43,3,0,2,2,0,0,75 años y más,,278.8,,2
8,Servicios para empresas,MICHOACÁN DE OCAMPO,MICHOACÁN DE OCAMPO,Michoacán de Ocampo,202508,MultiPolygon,4182.000000000,,,0,,,subdel,1,16,15,15,0,0,0,0,0,0,75 años y más,,,,0
8,Servicios para empresas,MORELOS,MORELOS,Morelos,202508,Polygon,1394.000000000,,,0,,,subdel,1,17,5,5,0,0,0,0,0,0,75 años y más,,,,0
8,Servicios para empresas,NAYARIT,NAYARIT,Nayarit,202508,MultiPolygon,30110.399999999,278.800000000,,2230.4,0,,subdel,1,18,109,108,1,0,8,8,0,0,75 años y más,,278.8,,8
8,Servicios para empresas,NUEVO LEÓN,NUEVO LEÓN,Nuevo León,202508,Polygon,2509.200000000,278.800000000,,0,0,,subdel,1,19,10,9,1,0,0,0,0,0,75 años y más,,,,0
8,Servicios para empresas,OAXACA,OAXACA,Oaxaca,202508,MultiPolygon,1951.600000000,278.800000000,,557.6,0,,subdel,1,20,8,7,1,0,2,2,0,0,75 años y más,,278.8,,2
8,Servicios para empresas,PUEBLA,PUEBLA,Puebla,202508,Polygon,7527.600000000,278.800000000,,278.8,0,,subdel,1,21,28,27,1,0,1,1,0,0,75 años y más,,278.8,,1
8,Servicios para empresas,QUERÉTARO,QUERÉTARO,Querétaro,202508,Polygon,8642.800000000,278.800000000,,278.8,0,,subdel,1,22,32,31,1,0,1,1,0,0,75 años y más,,278.8,,1
8,Servicios para empresas,QUINTANA ROO,QUINTANA ROO,Quintana Roo,202508,MultiPolygon,10873.200000000,,,557.6,,,subdel,1,23,39,39,0,0,2,2,0,0,75 años y más,,278.8,,2
8,Servicios para empresas,SAN LUIS POTOSÍ,SAN LUIS POTOSÍ,San Luis Potosí,202508,Polygon,22025.199999999,278.800000000,,1394,0,,subdel,1,24,80,79,1,0,5,5,0,0,75 años y más,,278.8,,5
8,Servicios para empresas,SINALOA,SINALOA,Sinaloa,202508,MultiPolygon,27879.999999999,278.800000000,,1115.2,0,,subdel,1,25,101,100,1,0,4,4,0,0,75 años y más,,278.8,,4
8,Servicios para empresas,SONORA,SONORA,Sonora,202508,MultiPolygon,22303.999999999,557.600000000,,836.4,0,,subdel,1,26,82,80,2,0,3,3,0,0,75 años y más,,278.8,,3
8,Servicios para empresas,TABASCO,TABASCO,Tabasco,202508,MultiPolygon,2509.200000000,,,0,,,subdel,1,27,9,9,0,0,0,0,0,0,75 años y más,,,,0
8,Servicios para empresas,TAMAULIPAS,TAMAULIPAS,Tamaulipas,202508,MultiPolygon,3903.200000000,,,278.8,,,subdel,1,28,14,14,0,0,1,1,0,0,75 años y más,,278.8,,1
8,Servicios para empresas,TLAXCALA,TLAXCALA,Tlaxcala,202508,Polygon,1672.800000000,,,0,,,subdel,1,29,6,6,0,0,0,0,0,0,75 años y más,,,,0
8,Servicios para empresas,VERACRUZ,VERACRUZ,Veracruz,202508,MultiPolygon,17285.599999999,1951.600000000,,836.4,0,,subdel,1,30,69,62,7,0,3,3,0,0,75 años y más,,278.8,,3
8,Servicios para empresas,YUCATÁN,YUCATÁN,Yucatán,202508,MultiPolygon,15612.799999999,1115.200000000,,278.8,0,,subdel,1,31,60,56,4,0,1,1,0,0,75 años y más,,278.8,,1
8,Servicios para empresas,ZACATECAS,ZACATECAS,Zacatecas,202508,Polygon,1672.800000000,,,0,,,subdel,1,32,6,6,0,0,0,0,0,0,75 años y más,,,,0
8,Servicios para empresas,COAHUILA DE ZARAGOZA,COAHUILA DE ZARAGOZA,Coahuila de Zaragoza,202508,Polygon,24255.599999999,836.400000000,,1394,0,,subdel,1,5,90,87,3,0,5,5,0,0,Entre 15 y 20 años,,278.8,,5
8,Servicios para empresas,COLIMA,COLIMA,Colima,202508,MultiPolygon,557.600000000,,,0,,,subdel,1,6,2,2,0,0,0,0,0,0,Entre 15 y 20 años,,,,0
8,Servicios para empresas,DURANGO,DURANGO,Durango,202508,Polygon,2509.200000000,,,0,,,subdel,1,10,9,9,0,0,0,0,0,0,Entre 15 y 20 años,,,,0
8,Servicios para empresas,GUANAJUATO,GUANAJUATO,Guanajuato,202508,Polygon,13103.599999999,,,0,,,subdel,1,11,47,47,0,0,0,0,0,0,Entre 15 y 20 años,,,,0
8,Servicios para empresas,GUERRERO,GUERRERO,Guerrero,202508,MultiPolygon,1672.800000000,,,0,,,subdel,1,12,6,6,0,0,0,0,0,0,Entre 15 y 20 años,,,,0
8,Servicios para empresas,HIDALGO,HIDALGO,Hidalgo,202508,Polygon,557.600000000,,,0,,,subdel,1,13,2,2,0,0,0,0,0,0,Entre 15 y 20 años,,,,0
8,Servicios para empresas,JALISCO,JALISCO,Jalisco,202508,MultiPolygon,27601.199999999,,,1672.8,,,subdel,1,14,99,99,0,0,6,6,0,0,Entre 15 y 20 años,,278.8,,6
8,Servicios para empresas,MÉXICO,MÉXICO,México,202508,Polygon,5018.400000000,,,0,,,subdel,1,15,18,18,0,0,0,0,0,0,Entre 15 y 20 años,,,,0
8,Servicios para empresas,MICHOACÁN DE OCAMPO,MICHOACÁN DE OCAMPO,Michoacán de Ocampo,202508,MultiPolygon,1672.800000000,,,0,,,subdel,1,16,6,6,0,0,0,0,0,0,Entre 15 y 20 años,,,,0
8,Servicios para empresas,MORELOS,MORELOS,Morelos,202508,Polygon,1394.000000000,,,0,,,subdel,1,17,5,5,0,0,0,0,0,0,Entre 15 y 20 años,,,,0
8,Servicios para empresas,NAYARIT,NAYARIT,Nayarit,202508,MultiPolygon,8642.800000000,,,836.4,,,subdel,1,18,31,31,0,0,3,3,0,0,Entre 15 y 20 años,,278.8,,3
8,Servicios para empresas,NUEVO LEÓN,NUEVO LEÓN,Nuevo León,202508,Polygon,4460.800000000,,,0,,,subdel,1,19,16,16,0,0,0,0,0,0,Entre 15 y 20 años,,,,0
8,Servicios para empresas,OAXACA,OAXACA,Oaxaca,202508,MultiPolygon,1394.000000000,,,0,,,subdel,1,20,5,5,0,0,0,0,0,0,Entre 15 y 20 años,,,,0
8,Servicios para empresas,PUEBLA,PUEBLA,Puebla,202508,Polygon,5297.200000000,278.800000000,,0,0,,subdel,1,21,20,19,1,0,0,0,0,0,Entre 15 y 20 años,,,,0
8,Servicios para empresas,QUERÉTARO,QUERÉTARO,Querétaro,202508,Polygon,6133.600000000,,,278.8,,,subdel,1,22,22,22,0,0,1,1,0,0,Entre 15 y 20 años,,278.8,,1
8,Servicios para empresas,QUINTANA ROO,QUINTANA ROO,Quintana Roo,202508,MultiPolygon,8364.000000000,278.800000000,,278.8,0,,subdel,1,23,31,30,1,0,1,1,0,0,Entre 15 y 20 años,,278.8,,1
8,Servicios para empresas,SAN LUIS POTOSÍ,SAN LUIS POTOSÍ,San Luis Potosí,202508,Polygon,14776.399999999,557.600000000,,278.8,0,,subdel,1,24,55,53,2,0,1,1,0,0,Entre 15 y 20 años,,278.8,,1
8,Servicios para empresas,SINALOA,SINALOA,Sinaloa,202508,MultiPolygon,18679.599999999,836.400000000,,1115.2,278.8,,subdel,1,25,70,67,3,0,5,4,1,0,Entre 15 y 20 años,278.8,278.8,,5
8,Servicios para empresas,SONORA,SONORA,Sonora,202508,MultiPolygon,15612.799999999,557.600000000,,1115.2,0,,subdel,1,26,58,56,2,0,4,4,0,0,Entre 15 y 20 años,,278.8,,4
8,Servicios para empresas,TABASCO,TABASCO,Tabasco,202508,MultiPolygon,3624.400000000,,,0,,,subdel,1,27,13,13,0,0,0,0,0,0,Entre 15 y 20 años,,,,0
8,Servicios para empresas,TAMAULIPAS,TAMAULIPAS,Tamaulipas,202508,MultiPolygon,2509.200000000,278.800000000,,0,0,,subdel,1,28,10,9,1,0,0,0,0,0,Entre 15 y 20 años,,,,0
8,Servicios para empresas,VERACRUZ,VERACRUZ,Veracruz,202508,MultiPolygon,10036.800000000,,,278.8,,,subdel,1,30,36,36,0,0,1,1,0,0,Entre 15 y 20 años,,278.8,,1
8,Servicios para empresas,YUCATÁN,YUCATÁN,Yucatán,202508,MultiPolygon,7527.600000000,,,0,,,subdel,1,31,27,27,0,0,0,0,0,0,Entre 15 y 20 años,,,,0
8,Servicios para empresas,ZACATECAS,ZACATECAS,Zacatecas,202508,Polygon,278.800000000,,,0,,,subdel,1,32,1,1,0,0,0,0,0,0,Entre 15 y 20 años,,,,0
8,Servicios para empresas,EXTRANJERO/EXTRANJERA,,Extranjero/Extranjera,202508,,19515.999999999,1115.200000000,,0,0,,subdel,1,,74,70,4,0,0,0,0,0,Entre 20 y 25 años,,,,0
8,Servicios para empresas,NACIDO EN EL EXTRANJERO,,Nacido en el Extranjero,202508,,0,,,3345.6,,,subdel,1,,0,0,0,0,12,12,0,0,Entre 20 y 25 años,,278.8,,12
8,Servicios para empresas,COAHUILA DE ZARAGOZA,COAHUILA DE ZARAGOZA,Coahuila de Zaragoza,202508,Polygon,315043.999999986,17006.799999999,,39589.6,836.4,,subdel,1,5,1191,1130,61,0,145,142,3,0,Entre 20 y 25 años,278.8,278.8,,145
8,Servicios para empresas,COLIMA,COLIMA,Colima,202508,MultiPolygon,6970.000000000,278.800000000,,0,0,,subdel,1,6,26,25,1,0,0,0,0,0,Entre 20 y 25 años,,,,0
8,Servicios para empresas,DURANGO,DURANGO,Durango,202508,Polygon,21467.599999999,1115.200000000,,1115.2,0,,subdel,1,10,81,77,4,0,4,4,0,0,Entre 20 y 25 años,,278.8,,4
8,Servicios para empresas,GUANAJUATO,GUANAJUATO,Guanajuato,202508,Polygon,164213.199999993,3903.200000000,,4460.8,0,,subdel,1,11,603,589,14,0,16,16,0,0,Entre 20 y 25 años,,278.8,,16
8,Servicios para empresas,GUERRERO,GUERRERO,Guerrero,202508,MultiPolygon,38195.599999998,1115.200000000,,3345.6,0,,subdel,1,12,141,137,4,0,12,12,0,0,Entre 20 y 25 años,,278.8,,12
8,Servicios para empresas,HIDALGO,HIDALGO,Hidalgo,202508,Polygon,13103.599999999,278.800000000,,0,0,,subdel,1,13,48,47,1,0,0,0,0,0,Entre 20 y 25 años,,,,0
8,Servicios para empresas,JALISCO,JALISCO,Jalisco,202508,MultiPolygon,330099.199999986,13382.399999999,,23698,0,,subdel,1,14,1232,1184,48,0,85,85,0,0,Entre 20 y 25 años,,278.8,,85
8,Servicios para empresas,MÉXICO,MÉXICO,México,202508,Polygon,147763.999999994,4739.600000000,,4460.8,557.6,,subdel,1,15,547,530,17,0,18,16,2,0,Entre 20 y 25 años,278.8,278.8,,18
8,Servicios para empresas,MICHOACÁN DE OCAMPO,MICHOACÁN DE OCAMPO,Michoacán de Ocampo,202508,MultiPolygon,52971.999999998,2788.000000000,,2788,0,,subdel,1,16,200,190,10,0,10,10,0,0,Entre 20 y 25 años,,278.8,,10
8,Servicios para empresas,MORELOS,MORELOS,Morelos,202508,Polygon,16449.199999999,836.400000000,,557.6,0,,subdel,1,17,62,59,3,0,2,2,0,0,Entre 20 y 25 años,,278.8,,2
8,Servicios para empresas,NAYARIT,NAYARIT,Nayarit,202508,MultiPolygon,178153.199999992,6970.000000000,,20352.4,278.8,,subdel,1,18,664,639,25,0,74,73,1,0,Entre 20 y 25 años,278.8,278.8,,74
8,Servicios para empresas,NUEVO LEÓN,NUEVO LEÓN,Nuevo León,202508,Polygon,57432.799999998,1115.200000000,,3066.8,0,,subdel,1,19,210,206,4,0,11,11,0,0,Entre 20 y 25 años,,278.8,,11
8,Servicios para empresas,OAXACA,OAXACA,Oaxaca,202508,MultiPolygon,35965.199999998,1115.200000000,,1951.6,0,,subdel,1,20,133,129,4,0,7,7,0,0,Entre 20 y 25 años,,278.8,,7
8,Servicios para empresas,PUEBLA,PUEBLA,Puebla,202508,Polygon,79736.799999997,2788.000000000,,2230.4,0,,subdel,1,21,296,286,10,0,8,8,0,0,Entre 20 y 25 años,,278.8,,8
8,Servicios para empresas,QUERÉTARO,QUERÉTARO,Querétaro,202508,Polygon,85591.599999996,2788.000000000,,5018.4,0,,subdel,1,22,317,307,10,0,18,18,0,0,Entre 20 y 25 años,,278.8,,18
8,Servicios para empresas,QUINTANA ROO,QUINTANA ROO,Quintana Roo,202508,MultiPolygon,88100.799999996,3345.600000000,,2788,0,,subdel,1,23,328,316,12,0,10,10,0,0,Entre 20 y 25 años,,278.8,,10
8,Servicios para empresas,SAN LUIS POTOSÍ,SAN LUIS POTOSÍ,San Luis Potosí,202508,Polygon,213281.999999991,15891.599999999,,14218.8,557.6,,subdel,1,24,822,765,57,0,53,51,2,0,Entre 20 y 25 años,278.8,278.8,,53
8,Servicios para empresas,SINALOA,SINALOA,Sinaloa,202508,MultiPolygon,266253.999999989,12267.199999999,,15055.2,0,,subdel,1,25,999,955,44,0,54,54,0,0,Entre 20 y 25 años,,278.8,,54
8,Servicios para empresas,SONORA,SONORA,Sonora,202508,MultiPolygon,225827.99999999,13661.199999999,,17843.2,836.4,,subdel,1,26,859,810,49,0,67,64,3,0,Entre 20 y 25 años,278.8,278.8,,67
8,Servicios para empresas,TABASCO,TABASCO,Tabasco,202508,MultiPolygon,57990.399999998,4460.800000000,,3624.4,278.8,,subdel,1,27,224,208,16,0,14,13,1,0,Entre 20 y 25 años,278.8,278.8,,14
8,Servicios para empresas,TAMAULIPAS,TAMAULIPAS,Tamaulipas,202508,MultiPolygon,60220.799999997,4182.000000000,,1951.6,0,,subdel,1,28,231,216,15,0,7,7,0,0,Entre 20 y 25 años,,278.8,,7
8,Servicios para empresas,TLAXCALA,TLAXCALA,Tlaxcala,202508,Polygon,12545.999999999,557.600000000,,836.4,0,,subdel,1,29,47,45,2,0,3,3,0,0,Entre 20 y 25 años,,278.8,,3
8,Servicios para empresas,VERACRUZ,VERACRUZ,Veracruz,202508,MultiPolygon,242555.99999999,13382.399999999,,17843.2,836.4,,subdel,1,30,918,870,48,0,67,64,3,0,Entre 20 y 25 años,278.8,278.8,,67
8,Servicios para empresas,YUCATÁN,YUCATÁN,Yucatán,202508,MultiPolygon,201014.799999991,11709.599999999,,8085.2,0,,subdel,1,31,763,721,42,0,29,29,0,0,Entre 20 y 25 años,,278.8,,29
8,Servicios para empresas,ZACATECAS,ZACATECAS,Zacatecas,202508,Polygon,10594.400000000,1394.000000000,,278.8,278.8,,subdel,1,32,43,38,5,0,2,1,1,0,Entre 20 y 25 años,278.8,278.8,,2
8,Servicios para empresas,EXTRANJERO/EXTRANJERA,,Extranjero/Extranjera,202508,,25649.599999999,1394.000000000,,0,0,,subdel,1,,97,92,5,0,0,0,0,0,Entre 25 y 30 años,,,,0
8,Servicios para empresas,NACIDO EN EL EXTRANJERO,,Nacido en el Extranjero,202508,,0,0,,3624.4,278.8,,subdel,1,,0,0,0,0,14,13,1,0,Entre 25 y 30 años,278.8,278.8,,14
8,Servicios para empresas,COAHUILA DE ZARAGOZA,COAHUILA DE ZARAGOZA,Coahuila de Zaragoza,202508,Polygon,498773.199999979,34571.199999999,,68306,3066.8,,subdel,1,5,1913,1789,124,0,256,245,11,0,Entre 25 y 30 años,278.8,278.8,,256
8,Servicios para empresas,COLIMA,COLIMA,Colima,202508,MultiPolygon,13939.999999999,557.600000000,,1394,0,,subdel,1,6,52,50,2,0,5,5,0,0,Entre 25 y 30 años,,278.8,,5
8,Servicios para empresas,DURANGO,DURANGO,Durango,202508,Polygon,40704.799999998,2509.200000000,,3066.8,0,,subdel,1,10,155,146,9,0,11,11,0,0,Entre 25 y 30 años,,278.8,,11
8,Servicios para empresas,GUANAJUATO,GUANAJUATO,Guanajuato,202508,Polygon,279357.599999988,12267.199999999,,16170.4,278.8,,subdel,1,11,1046,1002,44,0,59,58,1,0,Entre 25 y 30 años,278.8,278.8,,59
8,Servicios para empresas,GUERRERO,GUERRERO,Guerrero,202508,MultiPolygon,76112.399999997,4460.800000000,,9479.2,836.4,,subdel,1,12,289,273,16,0,37,34,3,0,Entre 25 y 30 años,278.8,278.8,,37
8,Servicios para empresas,HIDALGO,HIDALGO,Hidalgo,202508,Polygon,30667.999999999,836.400000000,,2230.4,0,,subdel,1,13,113,110,3,0,8,8,0,0,Entre 25 y 30 años,,278.8,,8
8,Servicios para empresas,JALISCO,JALISCO,Jalisco,202508,MultiPolygon,508809.999999978,28716.399999999,,37638,1951.6,,subdel,1,14,1928,1825,103,0,142,135,7,0,Entre 25 y 30 años,278.8,278.8,,142
8,Servicios para empresas,MÉXICO,MÉXICO,México,202508,Polygon,272387.599999988,5854.800000000,,17285.6,0,,subdel,1,15,998,977,21,0,62,62,0,0,Entre 25 y 30 años,,278.8,,62
8,Servicios para empresas,MICHOACÁN DE OCAMPO,MICHOACÁN DE OCAMPO,Michoacán de Ocampo,202508,MultiPolygon,109568.399999995,3903.200000000,,4460.8,278.8,,subdel,1,16,407,393,14,0,17,16,1,0,Entre 25 y 30 años,278.8,278.8,,17
8,Servicios para empresas,MORELOS,MORELOS,Morelos,202508,Polygon,34292.399999999,1672.800000000,,1672.8,0,,subdel,1,17,129,123,6,0,6,6,0,0,Entre 25 y 30 años,,278.8,,6
8,Servicios para empresas,NAYARIT,NAYARIT,Nayarit,202508,MultiPolygon,278521.199999988,12545.999999999,,35407.6,0,,subdel,1,18,1044,999,45,0,127,127,0,0,Entre 25 y 30 años,,278.8,,127
8,Servicios para empresas,NUEVO LEÓN,NUEVO LEÓN,Nuevo León,202508,Polygon,115423.199999995,4739.600000000,,8642.8,0,,subdel,1,19,431,414,17,0,31,31,0,0,Entre 25 y 30 años,,278.8,,31
8,Servicios para empresas,OAXACA,OAXACA,Oaxaca,202508,MultiPolygon,95907.199999996,3903.200000000,,7527.6,278.8,,subdel,1,20,358,344,14,0,28,27,1,0,Entre 25 y 30 años,278.8,278.8,,28
8,Servicios para empresas,PUEBLA,PUEBLA,Puebla,202508,Polygon,167001.199999993,7248.800000000,,9758,278.8,,subdel,1,21,625,599,26,0,36,35,1,0,Entre 25 y 30 años,278.8,278.8,,36
8,Servicios para empresas,QUERÉTARO,QUERÉTARO,Querétaro,202508,Polygon,160031.199999993,10873.200000000,,17006.8,0,,subdel,1,22,613,574,39,0,61,61,0,0,Entre 25 y 30 años,,278.8,,61
8,Servicios para empresas,QUINTANA ROO,QUINTANA ROO,Quintana Roo,202508,MultiPolygon,124902.399999995,10873.200000000,,8642.8,0,,subdel,1,23,487,448,39,0,31,31,0,0,Entre 25 y 30 años,,278.8,,31
8,Servicios para empresas,SAN LUIS POTOSÍ,SAN LUIS POTOSÍ,San Luis Potosí,202508,Polygon,343202.799999985,28158.799999999,,28158.8,1394,,subdel,1,24,1332,1231,101,0,106,101,5,0,Entre 25 y 30 años,278.8,278.8,,106
8,Servicios para empresas,SINALOA,SINALOA,Sinaloa,202508,MultiPolygon,373591.999999984,26485.999999999,,18958.4,1115.2,,subdel,1,25,1435,1340,95,0,72,68,4,0,Entre 25 y 30 años,278.8,278.8,,72
8,Servicios para empresas,SONORA,SONORA,Sonora,202508,MultiPolygon,337069.199999986,42656.399999998,,30946.8,4739.6,,subdel,1,26,1362,1209,153,0,128,111,17,0,Entre 25 y 30 años,278.8,278.8,,128
8,Servicios para empresas,TABASCO,TABASCO,Tabasco,202508,MultiPolygon,121835.599999995,8921.600000000,,8921.6,0,,subdel,1,27,469,437,32,0,32,32,0,0,Entre 25 y 30 años,,278.8,,32
8,Servicios para empresas,TAMAULIPAS,TAMAULIPAS,Tamaulipas,202508,MultiPolygon,118489.999999995,5854.800000000,,6133.6,557.6,,subdel,1,28,446,425,21,0,24,22,2,0,Entre 25 y 30 años,278.8,278.8,,24
8,Servicios para empresas,TLAXCALA,TLAXCALA,Tlaxcala,202508,Polygon,16170.399999999,278.800000000,,1115.2,0,,subdel,1,29,59,58,1,0,4,4,0,0,Entre 25 y 30 años,,278.8,,4
8,Servicios para empresas,VERACRUZ,VERACRUZ,Veracruz,202508,MultiPolygon,534459.599999977,39310.799999998,,47117.2,1951.6,,subdel,1,30,2058,1917,141,0,176,169,7,0,Entre 25 y 30 años,278.8,278.8,,176
8,Servicios para empresas,YUCATÁN,YUCATÁN,Yucatán,202508,MultiPolygon,363276.399999984,25091.999999999,,31504.4,557.6,,subdel,1,31,1393,1303,90,0,115,113,2,0,Entre 25 y 30 años,278.8,278.8,,115
8,Servicios para empresas,ZACATECAS,ZACATECAS,Zacatecas,202508,Polygon,20909.999999999,1951.600000000,,2230.4,0,,subdel,1,32,82,75,7,0,8,8,0,0,Entre 25 y 30 años,,278.8,,8
8,Servicios para empresas,EXTRANJERO/EXTRANJERA,,Extranjero/Extranjera,202508,,35128.799999998,3903.200000000,,0,0,,subdel,1,,140,126,14,0,0,0,0,0,Entre 30 y 35 años,,,,0
8,Servicios para empresas,NACIDO EN EL EXTRANJERO,,Nacido en el Extranjero,202508,,0,0,,3066.8,557.6,,subdel,1,,0,0,0,0,13,11,2,0,Entre 30 y 35 años,278.8,278.8,,13
8,Servicios para empresas,COAHUILA DE ZARAGOZA,COAHUILA DE ZARAGOZA,Coahuila de Zaragoza,202508,Polygon,604159.599999974,64960.399999997,,110962.4,5576,,subdel,1,5,2400,2167,233,0,418,398,20,0,Entre 30 y 35 años,278.8,278.8,,418
8,Servicios para empresas,COLIMA,COLIMA,Colima,202508,MultiPolygon,11430.800000000,1672.800000000,,1115.2,0,,subdel,1,6,47,41,6,0,4,4,0,0,Entre 30 y 35 años,,278.8,,4
8,Servicios para empresas,DURANGO,DURANGO,Durango,202508,Polygon,64681.599999997,6133.600000000,,6133.6,278.8,,subdel,1,10,254,232,22,0,23,22,1,0,Entre 30 y 35 años,278.8,278.8,,23
8,Servicios para empresas,GUANAJUATO,GUANAJUATO,Guanajuato,202508,Polygon,337626.799999985,17006.799999999,,22025.2,836.4,,subdel,1,11,1272,1211,61,0,82,79,3,0,Entre 30 y 35 años,278.8,278.8,,82
8,Servicios para empresas,GUERRERO,GUERRERO,Guerrero,202508,MultiPolygon,94234.399999996,6133.600000000,,11430.8,278.8,,subdel,1,12,360,338,22,0,42,41,1,0,Entre 30 y 35 años,278.8,278.8,,42
8,Servicios para empresas,HIDALGO,HIDALGO,Hidalgo,202508,Polygon,43492.799999998,3345.600000000,,4182,0,,subdel,1,13,168,156,12,0,15,15,0,0,Entre 30 y 35 años,,278.8,,15
8,Servicios para empresas,JALISCO,JALISCO,Jalisco,202508,MultiPolygon,580740.399999975,48511.199999998,,57990.4,4460.8,,subdel,1,14,2257,2083,174,0,224,208,16,0,Entre 30 y 35 años,278.8,278.8,,224
8,Servicios para empresas,MÉXICO,MÉXICO,México,202508,Polygon,342366.399999985,13939.999999999,,27322.4,1672.8,,subdel,1,15,1278,1228,50,0,104,98,6,0,Entre 30 y 35 años,278.8,278.8,,104
8,Servicios para empresas,MICHOACÁN DE OCAMPO,MICHOACÁN DE OCAMPO,Michoacán de Ocampo,202508,MultiPolygon,139957.599999994,8085.200000000,,6133.6,278.8,,subdel,1,16,531,502,29,0,23,22,1,0,Entre 30 y 35 años,278.8,278.8,,23
8,Servicios para empresas,MORELOS,MORELOS,Morelos,202508,Polygon,47674.799999998,2788.000000000,,2509.2,278.8,,subdel,1,17,181,171,10,0,10,9,1,0,Entre 30 y 35 años,278.8,278.8,,10
8,Servicios para empresas,NAYARIT,NAYARIT,Nayarit,202508,MultiPolygon,282424.399999988,20352.399999999,,39310.8,1394,,subdel,1,18,1086,1013,73,0,146,141,5,0,Entre 30 y 35 años,278.8,278.8,,146
8,Servicios para empresas,NUEVO LEÓN,NUEVO LEÓN,Nuevo León,202508,Polygon,167558.799999993,10315.600000000,,12824.8,278.8,,subdel,1,19,638,601,37,0,47,46,1,0,Entre 30 y 35 años,278.8,278.8,,47
8,Servicios para empresas,OAXACA,OAXACA,Oaxaca,202508,MultiPolygon,110962.399999995,6691.200000000,,9758,278.8,,subdel,1,20,422,398,24,0,36,35,1,0,Entre 30 y 35 años,278.8,278.8,,36
8,Servicios para empresas,PUEBLA,PUEBLA,Puebla,202508,Polygon,230567.59999999,9479.200000000,,15612.8,0,,subdel,1,21,861,827,34,0,56,56,0,0,Entre 30 y 35 años,,278.8,,56
8,Servicios para empresas,QUERÉTARO,QUERÉTARO,Querétaro,202508,Polygon,200457.199999991,12824.799999999,,20352.4,557.6,,subdel,1,22,765,719,46,0,75,73,2,0,Entre 30 y 35 años,278.8,278.8,,75
8,Servicios para empresas,QUINTANA ROO,QUINTANA ROO,Quintana Roo,202508,MultiPolygon,117095.999999995,13661.199999999,,5576,278.8,,subdel,1,23,469,420,49,0,21,20,1,0,Entre 30 y 35 años,278.8,278.8,,21
8,Servicios para empresas,SAN LUIS POTOSÍ,SAN LUIS POTOSÍ,San Luis Potosí,202508,Polygon,395617.199999983,37637.999999998,,37916.8,1115.2,,subdel,1,24,1554,1419,135,0,140,136,4,0,Entre 30 y 35 años,278.8,278.8,,140
8,Servicios para empresas,SINALOA,SINALOA,Sinaloa,202508,MultiPolygon,388925.999999983,34013.599999999,,24534.4,1672.8,,subdel,1,25,1517,1395,122,0,94,88,6,0,Entre 30 y 35 años,278.8,278.8,,94
8,Servicios para empresas,SONORA,SONORA,Sonora,202508,MultiPolygon,369688.799999984,54087.199999998,,41820,4182,,subdel,1,26,1520,1326,194,0,165,150,15,0,Entre 30 y 35 años,278.8,278.8,,165
8,Servicios para empresas,TABASCO,TABASCO,Tabasco,202508,MultiPolygon,137169.599999994,7248.800000000,,12824.8,278.8,,subdel,1,27,518,492,26,0,47,46,1,0,Entre 30 y 35 años,278.8,278.8,,47
8,Servicios para empresas,TAMAULIPAS,TAMAULIPAS,Tamaulipas,202508,MultiPolygon,128247.999999994,10315.600000000,,6970,278.8,,subdel,1,28,497,460,37,0,26,25,1,0,Entre 30 y 35 años,278.8,278.8,,26
8,Servicios para empresas,TLAXCALA,TLAXCALA,Tlaxcala,202508,Polygon,19794.799999999,278.800000000,,1672.8,0,,subdel,1,29,72,71,1,0,6,6,0,0,Entre 30 y 35 años,,278.8,,6
8,Servicios para empresas,VERACRUZ,VERACRUZ,Veracruz,202508,MultiPolygon,678877.999999971,48232.399999998,,74160.8,2230.4,,subdel,1,30,2608,2435,173,0,274,266,8,0,Entre 30 y 35 años,278.8,278.8,,274
8,Servicios para empresas,YUCATÁN,YUCATÁN,Yucatán,202508,MultiPolygon,450540.799999981,42656.399999998,,34013.6,1672.8,,subdel,1,31,1769,1616,153,0,128,122,6,0,Entre 30 y 35 años,278.8,278.8,,128
8,Servicios para empresas,ZACATECAS,ZACATECAS,Zacatecas,202508,Polygon,31504.399999999,3624.400000000,,5018.4,278.8,,subdel,1,32,126,113,13,0,19,18,1,0,Entre 30 y 35 años,278.8,278.8,,19
8,Servicios para empresas,EXTRANJERO/EXTRANJERA,,Extranjero/Extranjera,202508,,31225.599999999,1115.200000000,,0,0,,subdel,1,,116,112,4,0,0,0,0,0,Entre 35 y 40 años,,,,0
8,Servicios para empresas,NACIDO EN EL EXTRANJERO,,Nacido en el Extranjero,202508,,0,,,1951.6,,,subdel,1,,0,0,0,0,7,7,0,0,Entre 35 y 40 años,,278.8,,7
8,Servicios para empresas,COAHUILA DE ZARAGOZA,COAHUILA DE ZARAGOZA,Coahuila de Zaragoza,202508,Polygon,504906.799999978,46280.799999998,,96743.6,5297.2,,subdel,1,5,1977,1811,166,0,366,347,19,0,Entre 35 y 40 años,278.8,278.8,,366
8,Servicios para empresas,COLIMA,COLIMA,Colima,202508,MultiPolygon,14218.799999999,278.800000000,,1951.6,0,,subdel,1,6,52,51,1,0,7,7,0,0,Entre 35 y 40 años,,278.8,,7
8,Servicios para empresas,DURANGO,DURANGO,Durango,202508,Polygon,49347.599999998,4182.000000000,,4460.8,0,,subdel,1,10,192,177,15,0,16,16,0,0,Entre 35 y 40 años,,278.8,,16
8,Servicios para empresas,GUANAJUATO,GUANAJUATO,Guanajuato,202508,Polygon,290788.399999988,15891.599999999,,21467.6,1672.8,,subdel,1,11,1100,1043,57,0,83,77,6,0,Entre 35 y 40 años,278.8,278.8,,83
8,Servicios para empresas,GUERRERO,GUERRERO,Guerrero,202508,MultiPolygon,87264.399999996,9200.400000000,,8921.6,1672.8,,subdel,1,12,346,313,33,0,38,32,6,0,Entre 35 y 40 años,278.8,278.8,,38
8,Servicios para empresas,HIDALGO,HIDALGO,Hidalgo,202508,Polygon,35965.199999998,2230.400000000,,4739.6,278.8,,subdel,1,13,137,129,8,0,18,17,1,0,Entre 35 y 40 años,278.8,278.8,,18
8,Servicios para empresas,JALISCO,JALISCO,Jalisco,202508,MultiPolygon,558715.199999976,45723.199999998,,53808.4,1394,,subdel,1,14,2168,2004,164,0,198,193,5,0,Entre 35 y 40 años,278.8,278.8,,198
8,Servicios para empresas,MÉXICO,MÉXICO,México,202508,Polygon,288279.199999988,13103.599999999,,24534.4,836.4,,subdel,1,15,1081,1034,47,0,91,88,3,0,Entre 35 y 40 años,278.8,278.8,,91
8,Servicios para empresas,MICHOACÁN DE OCAMPO,MICHOACÁN DE OCAMPO,Michoacán de Ocampo,202508,MultiPolygon,118768.799999995,6691.200000000,,9200.4,278.8,,subdel,1,16,450,426,24,0,34,33,1,0,Entre 35 y 40 años,278.8,278.8,,34
8,Servicios para empresas,MORELOS,MORELOS,Morelos,202508,Polygon,40704.799999998,1394.000000000,,3066.8,0,,subdel,1,17,151,146,5,0,11,11,0,0,Entre 35 y 40 años,,278.8,,11
8,Servicios para empresas,NAYARIT,NAYARIT,Nayarit,202508,MultiPolygon,274896.799999988,22582.799999999,,46838.4,1951.6,,subdel,1,18,1067,986,81,0,175,168,7,0,Entre 35 y 40 años,278.8,278.8,,175
8,Servicios para empresas,NUEVO LEÓN,NUEVO LEÓN,Nuevo León,202508,Polygon,169510.399999993,8921.600000000,,14776.4,1115.2,,subdel,1,19,640,608,32,0,57,53,4,0,Entre 35 y 40 años,278.8,278.8,,57
8,Servicios para empresas,OAXACA,OAXACA,Oaxaca,202508,MultiPolygon,87543.199999996,7248.800000000,,8364,557.6,,subdel,1,20,340,314,26,0,32,30,2,0,Entre 35 y 40 años,278.8,278.8,,32
8,Servicios para empresas,PUEBLA,PUEBLA,Puebla,202508,Polygon,204639.199999991,10873.200000000,,16449.2,278.8,,subdel,1,21,773,734,39,0,60,59,1,0,Entre 35 y 40 años,278.8,278.8,,60
8,Servicios para empresas,QUERÉTARO,QUERÉTARO,Querétaro,202508,Polygon,169789.199999993,11988.399999999,,22025.2,1672.8,,subdel,1,22,652,609,43,0,85,79,6,0,Entre 35 y 40 años,278.8,278.8,,85
8,Servicios para empresas,QUINTANA ROO,QUINTANA ROO,Quintana Roo,202508,MultiPolygon,75275.999999997,8364.000000000,,5018.4,1115.2,,subdel,1,23,300,270,30,0,22,18,4,0,Entre 35 y 40 años,278.8,278.8,,22
8,Servicios para empresas,SAN LUIS POTOSÍ,SAN LUIS POTOSÍ,San Luis Potosí,202508,Polygon,306122.399999987,28437.599999999,,40704.8,1672.8,,subdel,1,24,1200,1098,102,0,152,146,6,0,Entre 35 y 40 años,278.8,278.8,,152
8,Servicios para empresas,SINALOA,SINALOA,Sinaloa,202508,MultiPolygon,322292.799999986,35686.399999998,,26486,1951.6,,subdel,1,25,1284,1156,128,0,102,95,7,0,Entre 35 y 40 años,278.8,278.8,,102
8,Servicios para empresas,SONORA,SONORA,Sonora,202508,MultiPolygon,324244.399999986,51299.199999998,,42935.2,5018.4,,subdel,1,26,1347,1163,184,0,172,154,18,0,Entre 35 y 40 años,278.8,278.8,,172
8,Servicios para empresas,TABASCO,TABASCO,Tabasco,202508,MultiPolygon,130757.199999994,10315.600000000,,13661.2,836.4,,subdel,1,27,506,469,37,0,52,49,3,0,Entre 35 y 40 años,278.8,278.8,,52
8,Servicios para empresas,TAMAULIPAS,TAMAULIPAS,Tamaulipas,202508,MultiPolygon,120441.599999995,10873.200000000,,7248.8,836.4,,subdel,1,28,471,432,39,0,29,26,3,0,Entre 35 y 40 años,278.8,278.8,,29
8,Servicios para empresas,TLAXCALA,TLAXCALA,Tlaxcala,202508,Polygon,21746.399999999,,,3066.8,,,subdel,1,29,78,78,0,0,11,11,0,0,Entre 35 y 40 años,,278.8,,11
8,Servicios para empresas,VERACRUZ,VERACRUZ,Veracruz,202508,MultiPolygon,648209.999999972,48232.399999998,,71930.4,3066.8,,subdel,1,30,2498,2325,173,0,269,258,11,0,Entre 35 y 40 años,278.8,278.8,,269
8,Servicios para empresas,YUCATÁN,YUCATÁN,Yucatán,202508,MultiPolygon,424891.199999982,42656.399999998,,38474.4,3066.8,,subdel,1,31,1677,1524,153,0,149,138,11,0,Entre 35 y 40 años,278.8,278.8,,149
8,Servicios para empresas,ZACATECAS,ZACATECAS,Zacatecas,202508,Polygon,39589.599999998,3345.600000000,,5576,0,,subdel,1,32,154,142,12,0,20,20,0,0,Entre 35 y 40 años,,278.8,,20
8,Servicios para empresas,EXTRANJERO/EXTRANJERA,,Extranjero/Extranjera,202508,,24534.399999999,1951.600000000,,0,0,,subdel,1,,95,88,7,0,0,0,0,0,Entre 40 y 45 años,,,,0
8,Servicios para empresas,NACIDO EN EL EXTRANJERO,,Nacido en el Extranjero,202508,,0,0,,3345.6,278.8,,subdel,1,,0,0,0,0,13,12,1,0,Entre 40 y 45 años,278.8,278.8,,13
8,Servicios para empresas,COAHUILA DE ZARAGOZA,COAHUILA DE ZARAGOZA,Coahuila de Zaragoza,202508,Polygon,393386.799999983,35965.199999998,,74160.8,4460.8,,subdel,1,5,1540,1411,129,0,282,266,16,0,Entre 40 y 45 años,278.8,278.8,,282
8,Servicios para empresas,COLIMA,COLIMA,Colima,202508,MultiPolygon,9200.400000000,278.800000000,,278.8,0,,subdel,1,6,34,33,1,0,1,1,0,0,Entre 40 y 45 años,,278.8,,1
8,Servicios para empresas,DURANGO,DURANGO,Durango,202508,Polygon,45723.199999998,5854.800000000,,4460.8,557.6,,subdel,1,10,185,164,21,0,18,16,2,0,Entre 40 y 45 años,278.8,278.8,,18
8,Servicios para empresas,GUANAJUATO,GUANAJUATO,Guanajuato,202508,Polygon,246737.999999989,13103.599999999,,20073.6,557.6,,subdel,1,11,932,885,47,0,74,72,2,0,Entre 40 y 45 años,278.8,278.8,,74
8,Servicios para empresas,GUERRERO,GUERRERO,Guerrero,202508,MultiPolygon,58826.799999997,5576.000000000,,5576,0,,subdel,1,12,231,211,20,0,20,20,0,0,Entre 40 y 45 años,,278.8,,20
8,Servicios para empresas,HIDALGO,HIDALGO,Hidalgo,202508,Polygon,27322.399999999,1672.800000000,,4739.6,0,,subdel,1,13,104,98,6,0,17,17,0,0,Entre 40 y 45 años,,278.8,,17
8,Servicios para empresas,JALISCO,JALISCO,Jalisco,202508,MultiPolygon,455280.39999998,33455.999999999,,53529.6,4182,,subdel,1,14,1753,1633,120,0,207,192,15,0,Entre 40 y 45 años,278.8,278.8,,207
8,Servicios para empresas,MÉXICO,MÉXICO,México,202508,Polygon,177874.399999992,7527.600000000,,14776.4,1115.2,,subdel,1,15,665,638,27,0,57,53,4,0,Entre 40 y 45 años,278.8,278.8,,57
8,Servicios para empresas,MICHOACÁN DE OCAMPO,MICHOACÁN DE OCAMPO,Michoacán de Ocampo,202508,MultiPolygon,85312.799999996,5854.800000000,,7248.8,0,,subdel,1,16,327,306,21,0,26,26,0,0,Entre 40 y 45 años,,278.8,,26
8,Servicios para empresas,MORELOS,MORELOS,Morelos,202508,Polygon,35965.199999998,278.800000000,,2230.4,0,,subdel,1,17,130,129,1,0,8,8,0,0,Entre 40 y 45 años,,278.8,,8
8,Servicios para empresas,NAYARIT,NAYARIT,Nayarit,202508,MultiPolygon,231682.79999999,12824.799999999,,39868.4,1672.8,,subdel,1,18,877,831,46,0,149,143,6,0,Entre 40 y 45 años,278.8,278.8,,149
8,Servicios para empresas,NUEVO LEÓN,NUEVO LEÓN,Nuevo León,202508,Polygon,150273.199999994,7527.600000000,,16170.4,557.6,,subdel,1,19,566,539,27,0,60,58,2,0,Entre 40 y 45 años,278.8,278.8,,60
8,Servicios para empresas,OAXACA,OAXACA,Oaxaca,202508,MultiPolygon,74997.199999997,5018.400000000,,8085.2,278.8,,subdel,1,20,287,269,18,0,30,29,1,0,Entre 40 y 45 años,278.8,278.8,,30
8,Servicios para empresas,PUEBLA,PUEBLA,Puebla,202508,Polygon,173134.799999993,12824.799999999,,13940,836.4,,subdel,1,21,667,621,46,0,53,50,3,0,Entre 40 y 45 años,278.8,278.8,,53
8,Servicios para empresas,QUERÉTARO,QUERÉTARO,Querétaro,202508,Polygon,137448.399999994,7248.800000000,,18958.4,1115.2,,subdel,1,22,519,493,26,0,72,68,4,0,Entre 40 y 45 años,278.8,278.8,,72
8,Servicios para empresas,QUINTANA ROO,QUINTANA ROO,Quintana Roo,202508,MultiPolygon,43213.999999998,2788.000000000,,4739.6,0,,subdel,1,23,165,155,10,0,17,17,0,0,Entre 40 y 45 años,,278.8,,17
8,Servicios para empresas,SAN LUIS POTOSÍ,SAN LUIS POTOSÍ,San Luis Potosí,202508,Polygon,207705.999999991,20631.199999999,,26486,1951.6,,subdel,1,24,819,745,74,0,102,95,7,0,Entre 40 y 45 años,278.8,278.8,,102
8,Servicios para empresas,SINALOA,SINALOA,Sinaloa,202508,MultiPolygon,255938.399999989,30946.799999999,,24813.2,1394,,subdel,1,25,1029,918,111,0,94,89,5,0,Entre 40 y 45 años,278.8,278.8,,94
8,Servicios para empresas,SONORA,SONORA,Sonora,202508,MultiPolygon,258726.399999989,39310.799999998,,35965.2,5576,,subdel,1,26,1069,928,141,0,149,129,20,0,Entre 40 y 45 años,278.8,278.8,,149
8,Servicios para empresas,TABASCO,TABASCO,Tabasco,202508,MultiPolygon,94234.399999996,6970.000000000,,12267.2,278.8,,subdel,1,27,363,338,25,0,45,44,1,0,Entre 40 y 45 años,278.8,278.8,,45
8,Servicios para empresas,TAMAULIPAS,TAMAULIPAS,Tamaulipas,202508,MultiPolygon,103992.399999996,7248.800000000,,10036.8,0,,subdel,1,28,399,373,26,0,36,36,0,0,Entre 40 y 45 años,,278.8,,36
8,Servicios para empresas,TLAXCALA,TLAXCALA,Tlaxcala,202508,Polygon,11152.000000000,557.600000000,,1115.2,0,,subdel,1,29,42,40,2,0,4,4,0,0,Entre 40 y 45 años,,278.8,,4
8,Servicios para empresas,VERACRUZ,VERACRUZ,Veracruz,202508,MultiPolygon,538641.599999977,35407.599999998,,68584.8,3066.8,,subdel,1,30,2059,1932,127,0,257,246,11,0,Entre 40 y 45 años,278.8,278.8,,257
8,Servicios para empresas,YUCATÁN,YUCATÁN,Yucatán,202508,MultiPolygon,333165.999999986,27879.999999999,,32619.6,1394,,subdel,1,31,1295,1195,100,0,122,117,5,0,Entre 40 y 45 años,278.8,278.8,,122
8,Servicios para empresas,ZACATECAS,ZACATECAS,Zacatecas,202508,Polygon,33455.999999999,2509.200000000,,2509.2,278.8,,subdel,1,32,129,120,9,0,10,9,1,0,Entre 40 y 45 años,278.8,278.8,,10
8,Servicios para empresas,EXTRANJERO/EXTRANJERA,,Extranjero/Extranjera,202508,,20352.399999999,557.600000000,,0,0,,subdel,1,,75,73,2,0,0,0,0,0,Entre 45 y 50 años,,,,0
8,Servicios para empresas,NACIDO EN EL EXTRANJERO,,Nacido en el Extranjero,202508,,0,,,3345.6,,,subdel,1,,0,0,0,0,12,12,0,0,Entre 45 y 50 años,,278.8,,12
8,Servicios para empresas,COAHUILA DE ZARAGOZA,COAHUILA DE ZARAGOZA,Coahuila de Zaragoza,202508,Polygon,272387.599999988,22025.199999999,,57990.4,2230.4,,subdel,1,5,1056,977,79,0,216,208,8,0,Entre 45 y 50 años,278.8,278.8,,216
8,Servicios para empresas,COLIMA,COLIMA,Colima,202508,MultiPolygon,6412.400000000,836.400000000,,278.8,0,,subdel,1,6,26,23,3,0,1,1,0,0,Entre 45 y 50 años,,278.8,,1
8,Servicios para empresas,DURANGO,DURANGO,Durango,202508,Polygon,38474.399999998,2509.200000000,,5576,836.4,,subdel,1,10,147,138,9,0,23,20,3,0,Entre 45 y 50 años,278.8,278.8,,23
8,Servicios para empresas,GUANAJUATO,GUANAJUATO,Guanajuato,202508,Polygon,164770.799999993,8642.800000000,,13661.2,0,,subdel,1,11,622,591,31,0,49,49,0,0,Entre 45 y 50 años,,278.8,,49
8,Servicios para empresas,GUERRERO,GUERRERO,Guerrero,202508,MultiPolygon,47117.199999998,3624.400000000,,6412.4,278.8,,subdel,1,12,182,169,13,0,24,23,1,0,Entre 45 y 50 años,278.8,278.8,,24
8,Servicios para empresas,HIDALGO,HIDALGO,Hidalgo,202508,Polygon,22303.999999999,1115.200000000,,4182,0,,subdel,1,13,84,80,4,0,15,15,0,0,Entre 45 y 50 años,,278.8,,15
8,Servicios para empresas,JALISCO,JALISCO,Jalisco,202508,MultiPolygon,336511.599999986,25928.399999999,,39310.8,1951.6,,subdel,1,14,1300,1207,93,0,148,141,7,0,Entre 45 y 50 años,278.8,278.8,,148
8,Servicios para empresas,MÉXICO,MÉXICO,México,202508,Polygon,107895.599999995,4739.600000000,,10036.8,0,,subdel,1,15,404,387,17,0,36,36,0,0,Entre 45 y 50 años,,278.8,,36
8,Servicios para empresas,MICHOACÁN DE OCAMPO,MICHOACÁN DE OCAMPO,Michoacán de Ocampo,202508,MultiPolygon,73603.199999997,3066.800000000,,5854.8,0,,subdel,1,16,275,264,11,0,21,21,0,0,Entre 45 y 50 años,,278.8,,21
8,Servicios para empresas,MORELOS,MORELOS,Morelos,202508,Polygon,25649.599999999,1115.200000000,,2230.4,0,,subdel,1,17,96,92,4,0,8,8,0,0,Entre 45 y 50 años,,278.8,,8
8,Servicios para empresas,NAYARIT,NAYARIT,Nayarit,202508,MultiPolygon,170625.599999993,10036.800000000,,29274,1115.2,,subdel,1,18,648,612,36,0,109,105,4,0,Entre 45 y 50 años,278.8,278.8,,109
8,Servicios para empresas,NUEVO LEÓN,NUEVO LEÓN,Nuevo León,202508,Polygon,125181.199999995,6691.200000000,,14497.6,0,,subdel,1,19,473,449,24,0,52,52,0,0,Entre 45 y 50 años,,278.8,,52
8,Servicios para empresas,OAXACA,OAXACA,Oaxaca,202508,MultiPolygon,52693.199999998,1672.800000000,,5854.8,0,,subdel,1,20,195,189,6,0,21,21,0,0,Entre 45 y 50 años,,278.8,,21
8,Servicios para empresas,PUEBLA,PUEBLA,Puebla,202508,Polygon,126575.199999995,6133.600000000,,12546,0,,subdel,1,21,476,454,22,0,45,45,0,0,Entre 45 y 50 años,,278.8,,45
8,Servicios para empresas,QUERÉTARO,QUERÉTARO,Querétaro,202508,Polygon,108731.999999995,5576.000000000,,15055.2,0,,subdel,1,22,410,390,20,0,54,54,0,0,Entre 45 y 50 años,,278.8,,54
8,Servicios para empresas,QUINTANA ROO,QUINTANA ROO,Quintana Roo,202508,MultiPolygon,23976.799999999,1951.600000000,,2509.2,278.8,,subdel,1,23,93,86,7,0,10,9,1,0,Entre 45 y 50 años,278.8,278.8,,10
8,Servicios para empresas,SAN LUIS POTOSÍ,SAN LUIS POTOSÍ,San Luis Potosí,202508,Polygon,149157.999999994,13103.599999999,,23698,1672.8,,subdel,1,24,582,535,47,0,91,85,6,0,Entre 45 y 50 años,278.8,278.8,,91
8,Servicios para empresas,SINALOA,SINALOA,Sinaloa,202508,MultiPolygon,191535.599999992,17843.199999999,,24255.6,1394,,subdel,1,25,751,687,64,0,92,87,5,0,Entre 45 y 50 años,278.8,278.8,,92
8,Servicios para empresas,SONORA,SONORA,Sonora,202508,MultiPolygon,170625.599999993,26207.199999999,,30389.2,2509.2,,subdel,1,26,706,612,94,0,118,109,9,0,Entre 45 y 50 años,278.8,278.8,,118
8,Servicios para empresas,TABASCO,TABASCO,Tabasco,202508,MultiPolygon,49905.199999998,3903.200000000,,7806.4,278.8,,subdel,1,27,193,179,14,0,29,28,1,0,Entre 45 y 50 años,278.8,278.8,,29
8,Servicios para empresas,TAMAULIPAS,TAMAULIPAS,Tamaulipas,202508,MultiPolygon,73881.999999997,6412.400000000,,7248.8,278.8,,subdel,1,28,288,265,23,0,27,26,1,0,Entre 45 y 50 años,278.8,278.8,,27
8,Servicios para empresas,TLAXCALA,TLAXCALA,Tlaxcala,202508,Polygon,11430.800000000,,,1394,,,subdel,1,29,41,41,0,0,5,5,0,0,Entre 45 y 50 años,,278.8,,5
8,Servicios para empresas,VERACRUZ,VERACRUZ,Veracruz,202508,MultiPolygon,402587.199999983,22582.799999999,,55481.2,2509.2,,subdel,1,30,1525,1444,81,0,208,199,9,0,Entre 45 y 50 años,278.8,278.8,,208
8,Servicios para empresas,YUCATÁN,YUCATÁN,Yucatán,202508,MultiPolygon,226385.59999999,18400.799999999,,32062,1115.2,,subdel,1,31,878,812,66,0,119,115,4,0,Entre 45 y 50 años,278.8,278.8,,119
8,Servicios para empresas,ZACATECAS,ZACATECAS,Zacatecas,202508,Polygon,25091.999999999,1672.800000000,,3345.6,0,,subdel,1,32,96,90,6,0,12,12,0,0,Entre 45 y 50 años,,278.8,,12
8,Servicios para empresas,EXTRANJERO/EXTRANJERA,,Extranjero/Extranjera,202508,,12267.199999999,836.400000000,,0,0,,subdel,1,,47,44,3,0,0,0,0,0,Entre 50 y 55 años,,,,0
8,Servicios para empresas,NACIDO EN EL EXTRANJERO,,Nacido en el Extranjero,202508,,0,,,1394,,,subdel,1,,0,0,0,0,5,5,0,0,Entre 50 y 55 años,,278.8,,5
8,Servicios para empresas,COAHUILA DE ZARAGOZA,COAHUILA DE ZARAGOZA,Coahuila de Zaragoza,202508,Polygon,159473.599999993,9200.400000000,,37916.8,1394,,subdel,1,5,605,572,33,0,141,136,5,0,Entre 50 y 55 años,278.8,278.8,,141
8,Servicios para empresas,COLIMA,COLIMA,Colima,202508,MultiPolygon,2788.000000000,836.400000000,,0,0,,subdel,1,6,13,10,3,0,0,0,0,0,Entre 50 y 55 años,,,,0
8,Servicios para empresas,DURANGO,DURANGO,Durango,202508,Polygon,19515.999999999,1672.800000000,,4739.6,278.8,,subdel,1,10,76,70,6,0,18,17,1,0,Entre 50 y 55 años,278.8,278.8,,18
8,Servicios para empresas,GUANAJUATO,GUANAJUATO,Guanajuato,202508,Polygon,112635.199999995,4739.600000000,,13940,1115.2,,subdel,1,11,421,404,17,0,54,50,4,0,Entre 50 y 55 años,278.8,278.8,,54
8,Servicios para empresas,GUERRERO,GUERRERO,Guerrero,202508,MultiPolygon,34292.399999999,836.400000000,,5297.2,0,,subdel,1,12,126,123,3,0,19,19,0,0,Entre 50 y 55 años,,278.8,,19
8,Servicios para empresas,HIDALGO,HIDALGO,Hidalgo,202508,Polygon,15333.999999999,836.400000000,,1672.8,0,,subdel,1,13,58,55,3,0,6,6,0,0,Entre 50 y 55 años,,278.8,,6
8,Servicios para empresas,JALISCO,JALISCO,Jalisco,202508,MultiPolygon,228615.99999999,13382.399999999,,26764.8,557.6,,subdel,1,14,868,820,48,0,98,96,2,0,Entre 50 y 55 años,278.8,278.8,,98
8,Servicios para empresas,MÉXICO,MÉXICO,México,202508,Polygon,60778.399999997,2230.400000000,,5854.8,0,,subdel,1,15,226,218,8,0,21,21,0,0,Entre 50 y 55 años,,278.8,,21
8,Servicios para empresas,MICHOACÁN DE OCAMPO,MICHOACÁN DE OCAMPO,Michoacán de Ocampo,202508,MultiPolygon,47674.799999998,1951.600000000,,2788,278.8,,subdel,1,16,178,171,7,0,11,10,1,0,Entre 50 y 55 años,278.8,278.8,,11
8,Servicios para empresas,MORELOS,MORELOS,Morelos,202508,Polygon,16449.199999999,1115.200000000,,3066.8,0,,subdel,1,17,63,59,4,0,11,11,0,0,Entre 50 y 55 años,,278.8,,11
8,Servicios para empresas,NAYARIT,NAYARIT,Nayarit,202508,MultiPolygon,103434.799999996,3345.600000000,,14776.4,0,,subdel,1,18,383,371,12,0,53,53,0,0,Entre 50 y 55 años,,278.8,,53
8,Servicios para empresas,NUEVO LEÓN,NUEVO LEÓN,Nuevo León,202508,Polygon,81409.599999996,1115.200000000,,9758,0,,subdel,1,19,296,292,4,0,35,35,0,0,Entre 50 y 55 años,,278.8,,35
8,Servicios para empresas,OAXACA,OAXACA,Oaxaca,202508,MultiPolygon,32061.999999999,1115.200000000,,5018.4,0,,subdel,1,20,119,115,4,0,18,18,0,0,Entre 50 y 55 años,,278.8,,18
8,Servicios para empresas,PUEBLA,PUEBLA,Puebla,202508,Polygon,86427.999999996,3903.200000000,,7806.4,278.8,,subdel,1,21,324,310,14,0,29,28,1,0,Entre 50 y 55 años,278.8,278.8,,29
8,Servicios para empresas,QUERÉTARO,QUERÉTARO,Querétaro,202508,Polygon,74160.799999997,3903.200000000,,9479.2,1115.2,,subdel,1,22,280,266,14,0,38,34,4,0,Entre 50 y 55 años,278.8,278.8,,38
8,Servicios para empresas,QUINTANA ROO,QUINTANA ROO,Quintana Roo,202508,MultiPolygon,7806.400000000,557.600000000,,557.6,0,,subdel,1,23,30,28,2,0,2,2,0,0,Entre 50 y 55 años,,278.8,,2
8,Servicios para empresas,SAN LUIS POTOSÍ,SAN LUIS POTOSÍ,San Luis Potosí,202508,Polygon,92282.799999996,7527.600000000,,14776.4,557.6,,subdel,1,24,358,331,27,0,55,53,2,0,Entre 50 y 55 años,278.8,278.8,,55
8,Servicios para empresas,SINALOA,SINALOA,Sinaloa,202508,MultiPolygon,108453.199999995,12267.199999999,,18122,557.6,,subdel,1,25,433,389,44,0,67,65,2,0,Entre 50 y 55 años,278.8,278.8,,67
8,Servicios para empresas,SONORA,SONORA,Sonora,202508,MultiPolygon,106501.599999995,16727.999999999,,23140.4,1951.6,,subdel,1,26,442,382,60,0,90,83,7,0,Entre 50 y 55 años,278.8,278.8,,90
8,Servicios para empresas,TABASCO,TABASCO,Tabasco,202508,MultiPolygon,33734.799999999,2230.400000000,,5854.8,557.6,,subdel,1,27,129,121,8,0,23,21,2,0,Entre 50 y 55 años,278.8,278.8,,23
8,Servicios para empresas,TAMAULIPAS,TAMAULIPAS,Tamaulipas,202508,MultiPolygon,47953.599999998,3903.200000000,,5576,0,,subdel,1,28,186,172,14,0,20,20,0,0,Entre 50 y 55 años,,278.8,,20
8,Servicios para empresas,TLAXCALA,TLAXCALA,Tlaxcala,202508,Polygon,9479.200000000,278.800000000,,1115.2,0,,subdel,1,29,35,34,1,0,4,4,0,0,Entre 50 y 55 años,,278.8,,4
8,Servicios para empresas,VERACRUZ,VERACRUZ,Veracruz,202508,MultiPolygon,264859.999999989,17564.399999999,,34013.6,3066.8,,subdel,1,30,1013,950,63,0,133,122,11,0,Entre 50 y 55 años,278.8,278.8,,133
8,Servicios para empresas,YUCATÁN,YUCATÁN,Yucatán,202508,MultiPolygon,149715.599999994,14497.599999999,,15055.2,557.6,,subdel,1,31,589,537,52,0,56,54,2,0,Entre 50 y 55 años,278.8,278.8,,56
8,Servicios para empresas,ZACATECAS,ZACATECAS,Zacatecas,202508,Polygon,21467.599999999,557.600000000,,2788,278.8,,subdel,1,32,79,77,2,0,11,10,1,0,Entre 50 y 55 años,278.8,278.8,,11
8,Servicios para empresas,EXTRANJERO/EXTRANJERA,,Extranjero/Extranjera,202508,,9758.000000000,557.600000000,,0,0,,subdel,1,,37,35,2,0,0,0,0,0,Entre 55 y 60 años,,,,0
8,Servicios para empresas,NACIDO EN EL EXTRANJERO,,Nacido en el Extranjero,202508,,0,,,1394,,,subdel,1,,0,0,0,0,5,5,0,0,Entre 55 y 60 años,,278.8,,5
8,Servicios para empresas,COAHUILA DE ZARAGOZA,COAHUILA DE ZARAGOZA,Coahuila de Zaragoza,202508,Polygon,99531.599999996,5576.000000000,,23140.4,557.6,,subdel,1,5,377,357,20,0,85,83,2,0,Entre 55 y 60 años,278.8,278.8,,85
8,Servicios para empresas,COLIMA,COLIMA,Colima,202508,MultiPolygon,3345.600000000,,,278.8,,,subdel,1,6,12,12,0,0,1,1,0,0,Entre 55 y 60 años,,278.8,,1
8,Servicios para empresas,DURANGO,DURANGO,Durango,202508,Polygon,14218.799999999,836.400000000,,1951.6,0,,subdel,1,10,54,51,3,0,7,7,0,0,Entre 55 y 60 años,,278.8,,7
8,Servicios para empresas,GUANAJUATO,GUANAJUATO,Guanajuato,202508,Polygon,72209.199999997,1672.800000000,,7248.8,0,,subdel,1,11,265,259,6,0,26,26,0,0,Entre 55 y 60 años,,278.8,,26
8,Servicios para empresas,GUERRERO,GUERRERO,Guerrero,202508,MultiPolygon,17564.399999999,836.400000000,,1394,0,,subdel,1,12,66,63,3,0,5,5,0,0,Entre 55 y 60 años,,278.8,,5
8,Servicios para empresas,HIDALGO,HIDALGO,Hidalgo,202508,Polygon,11430.800000000,,,2230.4,,,subdel,1,13,41,41,0,0,8,8,0,0,Entre 55 y 60 años,,278.8,,8
8,Servicios para empresas,JALISCO,JALISCO,Jalisco,202508,MultiPolygon,139678.799999994,4460.800000000,,24534.4,836.4,,subdel,1,14,517,501,16,0,91,88,3,0,Entre 55 y 60 años,278.8,278.8,,91
8,Servicios para empresas,MÉXICO,MÉXICO,México,202508,Polygon,36801.599999998,278.800000000,,3903.2,0,,subdel,1,15,133,132,1,0,14,14,0,0,Entre 55 y 60 años,,278.8,,14
8,Servicios para empresas,MICHOACÁN DE OCAMPO,MICHOACÁN DE OCAMPO,Michoacán de Ocampo,202508,MultiPolygon,34571.199999999,836.400000000,,3345.6,0,,subdel,1,16,127,124,3,0,12,12,0,0,Entre 55 y 60 años,,278.8,,12
8,Servicios para empresas,MORELOS,MORELOS,Morelos,202508,Polygon,6691.200000000,278.800000000,,557.6,0,,subdel,1,17,25,24,1,0,2,2,0,0,Entre 55 y 60 años,,278.8,,2
8,Servicios para empresas,NAYARIT,NAYARIT,Nayarit,202508,MultiPolygon,66075.599999997,1672.800000000,,13103.6,278.8,,subdel,1,18,243,237,6,0,48,47,1,0,Entre 55 y 60 años,278.8,278.8,,48
8,Servicios para empresas,NUEVO LEÓN,NUEVO LEÓN,Nuevo León,202508,Polygon,46559.599999998,1672.800000000,,8085.2,0,,subdel,1,19,173,167,6,0,29,29,0,0,Entre 55 y 60 años,,278.8,,29
8,Servicios para empresas,OAXACA,OAXACA,Oaxaca,202508,MultiPolygon,17285.599999999,557.600000000,,3066.8,278.8,,subdel,1,20,64,62,2,0,12,11,1,0,Entre 55 y 60 años,278.8,278.8,,12
8,Servicios para empresas,PUEBLA,PUEBLA,Puebla,202508,Polygon,46001.999999998,1672.800000000,,4739.6,0,,subdel,1,21,171,165,6,0,17,17,0,0,Entre 55 y 60 años,,278.8,,17
8,Servicios para empresas,QUERÉTARO,QUERÉTARO,Querétaro,202508,Polygon,44607.999999998,836.400000000,,6133.6,0,,subdel,1,22,163,160,3,0,22,22,0,0,Entre 55 y 60 años,,278.8,,22
8,Servicios para empresas,QUINTANA ROO,QUINTANA ROO,Quintana Roo,202508,MultiPolygon,1951.600000000,557.600000000,,278.8,278.8,,subdel,1,23,9,7,2,0,2,1,1,0,Entre 55 y 60 años,278.8,278.8,,2
8,Servicios para empresas,SAN LUIS POTOSÍ,SAN LUIS POTOSÍ,San Luis Potosí,202508,Polygon,51856.799999998,2788.000000000,,8921.6,278.8,,subdel,1,24,196,186,10,0,33,32,1,0,Entre 55 y 60 años,278.8,278.8,,33
8,Servicios para empresas,SINALOA,SINALOA,Sinaloa,202508,MultiPolygon,70815.199999997,4460.800000000,,8085.2,278.8,,subdel,1,25,270,254,16,0,30,29,1,0,Entre 55 y 60 años,278.8,278.8,,30
8,Servicios para empresas,SONORA,SONORA,Sonora,202508,MultiPolygon,63287.599999997,5297.200000000,,10594.4,0,,subdel,1,26,246,227,19,0,38,38,0,0,Entre 55 y 60 años,,278.8,,38
8,Servicios para empresas,TABASCO,TABASCO,Tabasco,202508,MultiPolygon,16170.399999999,278.800000000,,2230.4,0,,subdel,1,27,59,58,1,0,8,8,0,0,Entre 55 y 60 años,,278.8,,8
8,Servicios para empresas,TAMAULIPAS,TAMAULIPAS,Tamaulipas,202508,MultiPolygon,27322.399999999,1115.200000000,,3345.6,278.8,,subdel,1,28,102,98,4,0,13,12,1,0,Entre 55 y 60 años,278.8,278.8,,13
8,Servicios para empresas,TLAXCALA,TLAXCALA,Tlaxcala,202508,Polygon,4460.800000000,278.800000000,,0,0,,subdel,1,29,17,16,1,0,0,0,0,0,Entre 55 y 60 años,,,,0
8,Servicios para empresas,VERACRUZ,VERACRUZ,Veracruz,202508,MultiPolygon,136890.799999994,7248.800000000,,24255.6,1394,,subdel,1,30,517,491,26,0,92,87,5,0,Entre 55 y 60 años,278.8,278.8,,92
8,Servicios para empresas,YUCATÁN,YUCATÁN,Yucatán,202508,MultiPolygon,84755.199999996,5854.800000000,,12824.8,0,,subdel,1,31,325,304,21,0,46,46,0,0,Entre 55 y 60 años,,278.8,,46
8,Servicios para empresas,ZACATECAS,ZACATECAS,Zacatecas,202508,Polygon,15055.199999999,557.600000000,,2230.4,0,,subdel,1,32,56,54,2,0,8,8,0,0,Entre 55 y 60 años,,278.8,,8
8,Servicios para empresas,EXTRANJERO/EXTRANJERA,,Extranjero/Extranjera,202508,,4182.000000000,,,0,,,subdel,1,,15,15,0,0,0,0,0,0,Entre 60 y 65 años,,,,0
8,Servicios para empresas,NACIDO EN EL EXTRANJERO,,Nacido en el Extranjero,202508,,0,,,836.4,,,subdel,1,,0,0,0,0,3,3,0,0,Entre 60 y 65 años,,278.8,,3
8,Servicios para empresas,COAHUILA DE ZARAGOZA,COAHUILA DE ZARAGOZA,Coahuila de Zaragoza,202508,Polygon,51856.799999998,1951.600000000,,11430.8,278.8,,subdel,1,5,193,186,7,0,42,41,1,0,Entre 60 y 65 años,278.8,278.8,,42
8,Servicios para empresas,COLIMA,COLIMA,Colima,202508,MultiPolygon,1115.200000000,,,0,,,subdel,1,6,4,4,0,0,0,0,0,0,Entre 60 y 65 años,,,,0
8,Servicios para empresas,DURANGO,DURANGO,Durango,202508,Polygon,5854.800000000,,,557.6,,,subdel,1,10,21,21,0,0,2,2,0,0,Entre 60 y 65 años,,278.8,,2
8,Servicios para empresas,GUANAJUATO,GUANAJUATO,Guanajuato,202508,Polygon,39310.799999998,557.600000000,,7248.8,278.8,,subdel,1,11,143,141,2,0,27,26,1,0,Entre 60 y 65 años,278.8,278.8,,27
8,Servicios para empresas,GUERRERO,GUERRERO,Guerrero,202508,MultiPolygon,9479.200000000,836.400000000,,1394,0,,subdel,1,12,37,34,3,0,5,5,0,0,Entre 60 y 65 años,,278.8,,5
8,Servicios para empresas,HIDALGO,HIDALGO,Hidalgo,202508,Polygon,7527.600000000,,,836.4,,,subdel,1,13,27,27,0,0,3,3,0,0,Entre 60 y 65 años,,278.8,,3
8,Servicios para empresas,JALISCO,JALISCO,Jalisco,202508,MultiPolygon,59105.599999997,836.400000000,,7527.6,0,,subdel,1,14,215,212,3,0,27,27,0,0,Entre 60 y 65 años,,278.8,,27
8,Servicios para empresas,MÉXICO,MÉXICO,México,202508,Polygon,17843.199999999,278.800000000,,1951.6,0,,subdel,1,15,65,64,1,0,7,7,0,0,Entre 60 y 65 años,,278.8,,7
8,Servicios para empresas,MICHOACÁN DE OCAMPO,MICHOACÁN DE OCAMPO,Michoacán de Ocampo,202508,MultiPolygon,17564.399999999,278.800000000,,2788,0,,subdel,1,16,64,63,1,0,10,10,0,0,Entre 60 y 65 años,,278.8,,10
8,Servicios para empresas,MORELOS,MORELOS,Morelos,202508,Polygon,4460.800000000,,,0,,,subdel,1,17,16,16,0,0,0,0,0,0,Entre 60 y 65 años,,,,0
8,Servicios para empresas,NAYARIT,NAYARIT,Nayarit,202508,MultiPolygon,34849.999999999,1672.800000000,,3903.2,278.8,,subdel,1,18,131,125,6,0,15,14,1,0,Entre 60 y 65 años,278.8,278.8,,15
8,Servicios para empresas,NUEVO LEÓN,NUEVO LEÓN,Nuevo León,202508,Polygon,26764.799999999,278.800000000,,4460.8,0,,subdel,1,19,97,96,1,0,16,16,0,0,Entre 60 y 65 años,,278.8,,16
8,Servicios para empresas,OAXACA,OAXACA,Oaxaca,202508,MultiPolygon,10594.400000000,278.800000000,,1951.6,0,,subdel,1,20,39,38,1,0,7,7,0,0,Entre 60 y 65 años,,278.8,,7
8,Servicios para empresas,PUEBLA,PUEBLA,Puebla,202508,Polygon,26485.999999999,278.800000000,,1951.6,0,,subdel,1,21,96,95,1,0,7,7,0,0,Entre 60 y 65 años,,278.8,,7
8,Servicios para empresas,QUERÉTARO,QUERÉTARO,Querétaro,202508,Polygon,13939.999999999,557.600000000,,2788,0,,subdel,1,22,52,50,2,0,10,10,0,0,Entre 60 y 65 años,,278.8,,10
8,Servicios para empresas,QUINTANA ROO,QUINTANA ROO,Quintana Roo,202508,MultiPolygon,1115.200000000,278.800000000,,557.6,0,,subdel,1,23,5,4,1,0,2,2,0,0,Entre 60 y 65 años,,278.8,,2
8,Servicios para empresas,SAN LUIS POTOSÍ,SAN LUIS POTOSÍ,San Luis Potosí,202508,Polygon,25649.599999999,557.600000000,,3903.2,0,,subdel,1,24,94,92,2,0,14,14,0,0,Entre 60 y 65 años,,278.8,,14
8,Servicios para empresas,SINALOA,SINALOA,Sinaloa,202508,MultiPolygon,33455.999999999,1951.600000000,,5854.8,0,,subdel,1,25,127,120,7,0,21,21,0,0,Entre 60 y 65 años,,278.8,,21
8,Servicios para empresas,SONORA,SONORA,Sonora,202508,MultiPolygon,34013.599999999,836.400000000,,5297.2,0,,subdel,1,26,125,122,3,0,19,19,0,0,Entre 60 y 65 años,,278.8,,19
8,Servicios para empresas,TABASCO,TABASCO,Tabasco,202508,MultiPolygon,4739.600000000,557.600000000,,836.4,278.8,,subdel,1,27,19,17,2,0,4,3,1,0,Entre 60 y 65 años,278.8,278.8,,4
8,Servicios para empresas,TAMAULIPAS,TAMAULIPAS,Tamaulipas,202508,MultiPolygon,19237.199999999,278.800000000,,1394,0,,subdel,1,28,70,69,1,0,5,5,0,0,Entre 60 y 65 años,,278.8,,5
8,Servicios para empresas,TLAXCALA,TLAXCALA,Tlaxcala,202508,Polygon,3345.600000000,,,278.8,,,subdel,1,29,12,12,0,0,1,1,0,0,Entre 60 y 65 años,,278.8,,1
8,Servicios para empresas,VERACRUZ,VERACRUZ,Veracruz,202508,MultiPolygon,76669.999999997,2509.200000000,,10873.2,0,,subdel,1,30,284,275,9,0,39,39,0,0,Entre 60 y 65 años,,278.8,,39
8,Servicios para empresas,YUCATÁN,YUCATÁN,Yucatán,202508,MultiPolygon,46001.999999998,1951.600000000,,5576,0,,subdel,1,31,172,165,7,0,20,20,0,0,Entre 60 y 65 años,,278.8,,20
8,Servicios para empresas,ZACATECAS,ZACATECAS,Zacatecas,202508,Polygon,10873.200000000,278.800000000,,1951.6,0,,subdel,1,32,40,39,1,0,7,7,0,0,Entre 60 y 65 años,,278.8,,7
8,Servicios para empresas,EXTRANJERO/EXTRANJERA,,Extranjero/Extranjera,202508,,2230.400000000,278.800000000,,0,0,,subdel,1,,9,8,1,0,0,0,0,0,Entre 65 y 70 años,,,,0
8,Servicios para empresas,NACIDO EN EL EXTRANJERO,,Nacido en el Extranjero,202508,,0,,,557.6,,,subdel,1,,0,0,0,0,2,2,0,0,Entre 65 y 70 años,,278.8,,2
8,Servicios para empresas,COAHUILA DE ZARAGOZA,COAHUILA DE ZARAGOZA,Coahuila de Zaragoza,202508,Polygon,12267.199999999,278.800000000,,3066.8,278.8,,subdel,1,5,45,44,1,0,12,11,1,0,Entre 65 y 70 años,278.8,278.8,,12
8,Servicios para empresas,COLIMA,COLIMA,Colima,202508,MultiPolygon,836.400000000,,,0,,,subdel,1,6,3,3,0,0,0,0,0,0,Entre 65 y 70 años,,,,0
8,Servicios para empresas,DURANGO,DURANGO,Durango,202508,Polygon,3345.600000000,,,557.6,,,subdel,1,10,12,12,0,0,2,2,0,0,Entre 65 y 70 años,,278.8,,2
8,Servicios para empresas,GUANAJUATO,GUANAJUATO,Guanajuato,202508,Polygon,15891.599999999,,,1394,,,subdel,1,11,57,57,0,0,5,5,0,0,Entre 65 y 70 años,,278.8,,5
8,Servicios para empresas,GUERRERO,GUERRERO,Guerrero,202508,MultiPolygon,3345.600000000,,,557.6,,,subdel,1,12,12,12,0,0,2,2,0,0,Entre 65 y 70 años,,278.8,,2
8,Servicios para empresas,HIDALGO,HIDALGO,Hidalgo,202508,Polygon,2788.000000000,,,0,,,subdel,1,13,10,10,0,0,0,0,0,0,Entre 65 y 70 años,,,,0
8,Servicios para empresas,JALISCO,JALISCO,Jalisco,202508,MultiPolygon,19237.199999999,278.800000000,,1394,0,,subdel,1,14,70,69,1,0,5,5,0,0,Entre 65 y 70 años,,278.8,,5
8,Servicios para empresas,MÉXICO,MÉXICO,México,202508,Polygon,6412.400000000,278.800000000,,557.6,0,,subdel,1,15,24,23,1,0,2,2,0,0,Entre 65 y 70 años,,278.8,,2
8,Servicios para empresas,MICHOACÁN DE OCAMPO,MICHOACÁN DE OCAMPO,Michoacán de Ocampo,202508,MultiPolygon,4182.000000000,278.800000000,,278.8,0,,subdel,1,16,16,15,1,0,1,1,0,0,Entre 65 y 70 años,,278.8,,1
8,Servicios para empresas,MORELOS,MORELOS,Morelos,202508,Polygon,557.600000000,278.800000000,,0,0,,subdel,1,17,3,2,1,0,0,0,0,0,Entre 65 y 70 años,,,,0
8,Servicios para empresas,NAYARIT,NAYARIT,Nayarit,202508,MultiPolygon,15333.999999999,278.800000000,,1672.8,0,,subdel,1,18,56,55,1,0,6,6,0,0,Entre 65 y 70 años,,278.8,,6
8,Servicios para empresas,NUEVO LEÓN,NUEVO LEÓN,Nuevo León,202508,Polygon,6412.400000000,,,278.8,,,subdel,1,19,23,23,0,0,1,1,0,0,Entre 65 y 70 años,,278.8,,1
8,Servicios para empresas,OAXACA,OAXACA,Oaxaca,202508,MultiPolygon,5018.400000000,278.800000000,,1115.2,0,,subdel,1,20,19,18,1,0,4,4,0,0,Entre 65 y 70 años,,278.8,,4
8,Servicios para empresas,PUEBLA,PUEBLA,Puebla,202508,Polygon,8364.000000000,,,836.4,,,subdel,1,21,30,30,0,0,3,3,0,0,Entre 65 y 70 años,,278.8,,3
8,Servicios para empresas,QUERÉTARO,QUERÉTARO,Querétaro,202508,Polygon,5854.800000000,,,278.8,,,subdel,1,22,21,21,0,0,1,1,0,0,Entre 65 y 70 años,,278.8,,1
8,Servicios para empresas,QUINTANA ROO,QUINTANA ROO,Quintana Roo,202508,MultiPolygon,278.800000000,,,0,,,subdel,1,23,1,1,0,0,0,0,0,0,Entre 65 y 70 años,,,,0
8,Servicios para empresas,SAN LUIS POTOSÍ,SAN LUIS POTOSÍ,San Luis Potosí,202508,Polygon,8085.200000000,,,2509.2,,,subdel,1,24,29,29,0,0,9,9,0,0,Entre 65 y 70 años,,278.8,,9
8,Servicios para empresas,SINALOA,SINALOA,Sinaloa,202508,MultiPolygon,9479.200000000,278.800000000,,1115.2,0,,subdel,1,25,35,34,1,0,4,4,0,0,Entre 65 y 70 años,,278.8,,4
8,Servicios para empresas,SONORA,SONORA,Sonora,202508,MultiPolygon,9200.400000000,278.800000000,,557.6,0,,subdel,1,26,34,33,1,0,2,2,0,0,Entre 65 y 70 años,,278.8,,2
8,Servicios para empresas,TABASCO,TABASCO,Tabasco,202508,MultiPolygon,1394.000000000,,,0,,,subdel,1,27,5,5,0,0,0,0,0,0,Entre 65 y 70 años,,,,0
8,Servicios para empresas,TAMAULIPAS,TAMAULIPAS,Tamaulipas,202508,MultiPolygon,4182.000000000,,,836.4,,,subdel,1,28,15,15,0,0,3,3,0,0,Entre 65 y 70 años,,278.8,,3
8,Servicios para empresas,TLAXCALA,TLAXCALA,Tlaxcala,202508,Polygon,278.800000000,,,0,,,subdel,1,29,1,1,0,0,0,0,0,0,Entre 65 y 70 años,,,,0
8,Servicios para empresas,VERACRUZ,VERACRUZ,Veracruz,202508,MultiPolygon,26764.799999999,836.400000000,,1672.8,0,,subdel,1,30,99,96,3,0,6,6,0,0,Entre 65 y 70 años,,278.8,,6
8,Servicios para empresas,YUCATÁN,YUCATÁN,Yucatán,202508,MultiPolygon,12545.999999999,278.800000000,,2230.4,0,,subdel,1,31,46,45,1,0,8,8,0,0,Entre 65 y 70 años,,278.8,,8
8,Servicios para empresas,ZACATECAS,ZACATECAS,Zacatecas,202508,Polygon,2509.200000000,,,278.8,,,subdel,1,32,9,9,0,0,1,1,0,0,Entre 65 y 70 años,,278.8,,1
8,Servicios para empresas,COAHUILA DE ZARAGOZA,COAHUILA DE ZARAGOZA,Coahuila de Zaragoza,202508,Polygon,2509.200000000,,,557.6,,,subdel,1,5,9,9,0,0,2,2,0,0,Entre 70 y 75 años,,278.8,,2
8,Servicios para empresas,COLIMA,COLIMA,Colima,202508,MultiPolygon,836.400000000,,,0,,,subdel,1,6,3,3,0,0,0,0,0,0,Entre 70 y 75 años,,,,0
8,Servicios para empresas,GUANAJUATO,GUANAJUATO,Guanajuato,202508,Polygon,3066.800000000,,,278.8,,,subdel,1,11,11,11,0,0,1,1,0,0,Entre 70 y 75 años,,278.8,,1
8,Servicios para empresas,GUERRERO,GUERRERO,Guerrero,202508,MultiPolygon,278.800000000,,,0,,,subdel,1,12,1,1,0,0,0,0,0,0,Entre 70 y 75 años,,,,0
8,Servicios para empresas,HIDALGO,HIDALGO,Hidalgo,202508,Polygon,557.600000000,,,278.8,,,subdel,1,13,2,2,0,0,1,1,0,0,Entre 70 y 75 años,,278.8,,1
8,Servicios para empresas,JALISCO,JALISCO,Jalisco,202508,MultiPolygon,5018.400000000,,,278.8,,,subdel,1,14,18,18,0,0,1,1,0,0,Entre 70 y 75 años,,278.8,,1
8,Servicios para empresas,MÉXICO,MÉXICO,México,202508,Polygon,1672.800000000,,,0,,,subdel,1,15,6,6,0,0,0,0,0,0,Entre 70 y 75 años,,,,0
8,Servicios para empresas,MICHOACÁN DE OCAMPO,MICHOACÁN DE OCAMPO,Michoacán de Ocampo,202508,MultiPolygon,3345.600000000,,,0,,,subdel,1,16,12,12,0,0,0,0,0,0,Entre 70 y 75 años,,,,0
8,Servicios para empresas,MORELOS,MORELOS,Morelos,202508,Polygon,278.800000000,,,0,,,subdel,1,17,1,1,0,0,0,0,0,0,Entre 70 y 75 años,,,,0
8,Servicios para empresas,NAYARIT,NAYARIT,Nayarit,202508,MultiPolygon,2509.200000000,,,278.8,,,subdel,1,18,9,9,0,0,1,1,0,0,Entre 70 y 75 años,,278.8,,1
8,Servicios para empresas,NUEVO LEÓN,NUEVO LEÓN,Nuevo León,202508,Polygon,557.600000000,,,0,,,subdel,1,19,2,2,0,0,0,0,0,0,Entre 70 y 75 años,,,,0
8,Servicios para empresas,OAXACA,OAXACA,Oaxaca,202508,MultiPolygon,836.400000000,,,0,,,subdel,1,20,3,3,0,0,0,0,0,0,Entre 70 y 75 años,,,,0
8,Servicios para empresas,PUEBLA,PUEBLA,Puebla,202508,Polygon,2509.200000000,,,278.8,,,subdel,1,21,9,9,0,0,1,1,0,0,Entre 70 y 75 años,,278.8,,1
8,Servicios para empresas,QUERÉTARO,QUERÉTARO,Querétaro,202508,Polygon,278.800000000,,,0,,,subdel,1,22,1,1,0,0,0,0,0,0,Entre 70 y 75 años,,,,0
8,Servicios para empresas,SAN LUIS POTOSÍ,SAN LUIS POTOSÍ,San Luis Potosí,202508,Polygon,2230.400000000,,,557.6,,,subdel,1,24,8,8,0,0,2,2,0,0,Entre 70 y 75 años,,278.8,,2
8,Servicios para empresas,SINALOA,SINALOA,Sinaloa,202508,MultiPolygon,2230.400000000,,,278.8,,,subdel,1,25,8,8,0,0,1,1,0,0,Entre 70 y 75 años,,278.8,,1
8,Servicios para empresas,SONORA,SONORA,Sonora,202508,MultiPolygon,2788.000000000,278.800000000,,278.8,278.8,,subdel,1,26,11,10,1,0,2,1,1,0,Entre 70 y 75 años,278.8,278.8,,2
8,Servicios para empresas,TABASCO,TABASCO,Tabasco,202508,MultiPolygon,278.800000000,,,0,,,subdel,1,27,1,1,0,0,0,0,0,0,Entre 70 y 75 años,,,,0
8,Servicios para empresas,TAMAULIPAS,TAMAULIPAS,Tamaulipas,202508,MultiPolygon,1115.200000000,,,0,,,subdel,1,28,4,4,0,0,0,0,0,0,Entre 70 y 75 años,,,,0
8,Servicios para empresas,TLAXCALA,TLAXCALA,Tlaxcala,202508,Polygon,278.800000000,,,0,,,subdel,1,29,1,1,0,0,0,0,0,0,Entre 70 y 75 años,,,,0
8,Servicios para empresas,VERACRUZ,VERACRUZ,Veracruz,202508,MultiPolygon,6412.400000000,,,278.8,,,subdel,1,30,23,23,0,0,1,1,0,0,Entre 70 y 75 años,,278.8,,1
8,Servicios para empresas,YUCATÁN,YUCATÁN,Yucatán,202508,MultiPolygon,2788.000000000,,,278.8,,,subdel,1,31,10,10,0,0,1,1,0,0,Entre 70 y 75 años,,278.8,,1
8,Servicios para empresas,ZACATECAS,ZACATECAS,Zacatecas,202508,Polygon,278.800000000,,,0,,,subdel,1,32,1,1,0,0,0,0,0,0,Entre 70 y 75 años,,,,0
7,Transportes y comunicaciones,EXTRANJERO/EXTRANJERA,,Extranjero/Extranjera,202508,,62311.069999998,7898.600000000,,0,0,,subdel,1,,240,213,27,0,0,0,0,0,75 años y más,,,,0
7,Transportes y comunicaciones,NACIDO EN EL EXTRANJERO,,Nacido en el Extranjero,202508,,0,0,,4142.09,687.16,,subdel,1,,0,0,0,0,13,11,2,0,75 años y más,343.58,376.553636364,,13
7,Transportes y comunicaciones,COAHUILA DE ZARAGOZA,COAHUILA DE ZARAGOZA,Coahuila de Zaragoza,202508,Polygon,111165.249999997,14627.000000000,,3399.63,0,,subdel,1,5,430,380,50,0,9,9,0,0,75 años y más,,377.736666667,,9
7,Transportes y comunicaciones,COLIMA,COLIMA,Colima,202508,MultiPolygon,61140.869999999,6143.340000000,,1418.78,0,,subdel,1,6,230,209,21,0,4,4,0,0,75 años y más,,354.695,,4
7,Transportes y comunicaciones,DURANGO,DURANGO,Durango,202508,Polygon,104144.259999997,13164.300000000,,2353.78,0,,subdel,1,10,401,356,45,0,6,6,0,0,75 años y más,,392.296666667,,6
7,Transportes y comunicaciones,GUANAJUATO,GUANAJUATO,Guanajuato,202508,Polygon,278790.689999993,23403.199999999,,6109.51,585.08,,subdel,1,11,1033,953,80,0,20,18,2,0,75 años y más,292.54,339.417222222,,20
7,Transportes y comunicaciones,GUERRERO,GUERRERO,Guerrero,202508,MultiPolygon,98878.549999998,9946.360000000,,3392.6,308.57,,subdel,1,12,372,338,34,0,10,9,1,0,75 años y más,308.57,376.955555556,,10
7,Transportes y comunicaciones,HIDALGO,HIDALGO,Hidalgo,202508,Polygon,60555.819999999,6728.420000000,,2422.77,0,,subdel,1,13,230,207,23,0,6,6,0,0,75 años y más,,403.795,,6
7,Transportes y comunicaciones,JALISCO,JALISCO,Jalisco,202508,MultiPolygon,643295.699999984,60555.779999999,,29962.67,1633.4,,subdel,1,14,2406,2199,207,0,87,82,5,0,75 años y más,326.68,365.398414634,,87
7,Transportes y comunicaciones,MÉXICO,MÉXICO,México,202508,Polygon,1339836.06999997,144222.289999997,,33071.33,1569.36,,subdel,1,15,5073,4580,493,0,104,99,5,0,75 años y más,313.872,334.053838384,,104
7,Transportes y comunicaciones,MICHOACÁN DE OCAMPO,MICHOACÁN DE OCAMPO,Michoacán de Ocampo,202508,MultiPolygon,164115.029999996,10824.000000000,,4598.48,292.54,,subdel,1,16,598,561,37,0,14,13,1,0,75 años y más,292.54,353.729230769,,14
7,Transportes y comunicaciones,MORELOS,MORELOS,Morelos,202508,Polygon,171428.499999996,18430.020000000,,2761.72,424.6,,subdel,1,17,649,586,63,0,8,7,1,0,75 años y más,424.6,394.531428571,,8
7,Transportes y comunicaciones,NAYARIT,NAYARIT,Nayarit,202508,MultiPolygon,50316.889999999,5558.260000000,,1745.48,0,,subdel,1,18,191,172,19,0,5,5,0,0,75 años y más,,349.096,,5
7,Transportes y comunicaciones,NUEVO LEÓN,NUEVO LEÓN,Nuevo León,202508,Polygon,215309.509999995,30424.159999999,,16720.5,1369.02,,subdel,1,19,840,736,104,0,49,45,4,0,75 años y más,342.255,371.566666667,,49
7,Transportes y comunicaciones,OAXACA,OAXACA,Oaxaca,202508,MultiPolygon,107362.189999997,8191.120000000,,8960.77,0,,subdel,1,20,395,367,28,0,24,24,0,0,75 años y más,,373.365416667,,24
7,Transportes y comunicaciones,PUEBLA,PUEBLA,Puebla,202508,Polygon,291662.469999993,22525.579999999,,10542.18,1028.18,,subdel,1,21,1074,997,77,0,32,29,3,0,75 años y más,342.726666667,363.523448276,,32
7,Transportes y comunicaciones,QUERÉTARO,QUERÉTARO,Querétaro,202508,Polygon,86884.399999998,9068.750000000,,2495.25,0,,subdel,1,22,328,297,31,0,7,7,0,0,75 años y más,,356.464285714,,7
7,Transportes y comunicaciones,QUINTANA ROO,QUINTANA ROO,Quintana Roo,202508,MultiPolygon,149780.489999996,16382.240000000,,6245.79,0,,subdel,1,23,568,512,56,0,17,17,0,0,75 años y más,,367.399411765,,17
7,Transportes y comunicaciones,SAN LUIS POTOSÍ,SAN LUIS POTOSÍ,San Luis Potosí,202508,Polygon,121404.119999997,10823.990000000,,4166.04,0,,subdel,1,24,452,415,37,0,11,11,0,0,75 años y más,,378.730909091,,11
7,Transportes y comunicaciones,SINALOA,SINALOA,Sinaloa,202508,MultiPolygon,191906.269999995,17259.870000000,,3826.67,0,,subdel,1,25,715,656,59,0,11,11,0,0,75 años y más,,347.879090909,,11
7,Transportes y comunicaciones,SONORA,SONORA,Sonora,202508,MultiPolygon,124037.009999997,19892.720000000,,6379.07,604.16,,subdel,1,26,492,424,68,0,20,18,2,0,75 años y más,302.08,354.392777778,,20
7,Transportes y comunicaciones,TABASCO,TABASCO,Tabasco,202508,MultiPolygon,112627.909999997,10531.440000000,,3011.44,0,,subdel,1,27,421,385,36,0,8,8,0,0,75 años y más,,376.43,,8
7,Transportes y comunicaciones,TAMAULIPAS,TAMAULIPAS,Tamaulipas,202508,MultiPolygon,170550.869999996,20185.280000000,,9221.3,0,,subdel,1,28,652,583,69,0,26,26,0,0,75 años y más,,354.665384615,,26
7,Transportes y comunicaciones,TLAXCALA,TLAXCALA,Tlaxcala,202508,Polygon,50901.979999999,2340.320000000,,340.07,0,,subdel,1,29,182,174,8,0,1,1,0,0,75 años y más,,340.07,,1
7,Transportes y comunicaciones,VERACRUZ,VERACRUZ,Veracruz,202508,MultiPolygon,213846.859999995,24865.929999999,,5736.49,465.83,,subdel,1,30,816,731,85,0,18,17,1,0,75 años y más,465.83,337.440588235,,18
7,Transportes y comunicaciones,YUCATÁN,YUCATÁN,Yucatán,202508,MultiPolygon,129010.149999997,11701.600000000,,4611.99,0,,subdel,1,31,481,441,40,0,13,13,0,0,75 años y más,,354.768461538,,13
7,Transportes y comunicaciones,ZACATECAS,ZACATECAS,Zacatecas,202508,Polygon,57337.839999999,2340.320000000,,1455.21,0,,subdel,1,32,204,196,8,0,4,4,0,0,75 años y más,,363.8025,,4
7,Transportes y comunicaciones,EXTRANJERO/EXTRANJERA,,Extranjero/Extranjera,202508,,24865.899999999,3510.480000000,,0,0,,subdel,1,,97,85,12,0,0,0,0,0,Entre 15 y 20 años,,,,0
7,Transportes y comunicaciones,NACIDO EN EL EXTRANJERO,,Nacido en el Extranjero,202508,,0,,,290.71,,,subdel,1,,0,0,0,0,1,1,0,0,Entre 15 y 20 años,,290.71,,1
7,Transportes y comunicaciones,COAHUILA DE ZARAGOZA,COAHUILA DE ZARAGOZA,Coahuila de Zaragoza,202508,Polygon,151535.729999996,16967.320000000,,6253,0,,subdel,1,5,576,518,58,0,16,16,0,0,Entre 15 y 20 años,,390.8125,,16
7,Transportes y comunicaciones,COLIMA,COLIMA,Colima,202508,MultiPolygon,59678.159999999,7606.040000000,,2756.28,307.36,,subdel,1,6,230,204,26,0,9,8,1,0,Entre 15 y 20 años,307.36,344.535,,9
7,Transportes y comunicaciones,DURANGO,DURANGO,Durango,202508,Polygon,93320.269999998,7020.960000000,,3662.12,0,,subdel,1,10,343,319,24,0,11,11,0,0,Entre 15 y 20 años,,332.92,,11
7,Transportes y comunicaciones,GUANAJUATO,GUANAJUATO,Guanajuato,202508,Polygon,260068.099999994,19015.100000000,,7898.88,292.54,,subdel,1,11,954,889,65,0,24,23,1,0,Entre 15 y 20 años,292.54,343.429565217,,24
7,Transportes y comunicaciones,GUERRERO,GUERRERO,Guerrero,202508,MultiPolygon,55875.139999999,3510.490000000,,3000.36,0,,subdel,1,12,203,191,12,0,9,9,0,0,Entre 15 y 20 años,,333.373333333,,9
7,Transportes y comunicaciones,HIDALGO,HIDALGO,Hidalgo,202508,Polygon,32764.479999999,1462.700000000,,2384.52,0,,subdel,1,13,117,112,5,0,6,6,0,0,Entre 15 y 20 años,,397.42,,6
7,Transportes y comunicaciones,JALISCO,JALISCO,Jalisco,202508,MultiPolygon,511349.959999988,44466.079999999,,24038.87,877.62,,subdel,1,14,1900,1748,152,0,66,63,3,0,Entre 15 y 20 años,292.54,381.569365079,,66
7,Transportes y comunicaciones,MÉXICO,MÉXICO,México,202508,Polygon,667868.969999984,50609.439999999,,8486.38,664.33,,subdel,1,15,2456,2283,173,0,28,26,2,0,Entre 15 y 20 años,332.165,326.399230769,,28
7,Transportes y comunicaciones,MICHOACÁN DE OCAMPO,MICHOACÁN DE OCAMPO,Michoacán de Ocampo,202508,MultiPolygon,84544.079999998,7020.960000000,,3093.36,0,,subdel,1,16,313,289,24,0,9,9,0,0,Entre 15 y 20 años,,343.706666667,,9
7,Transportes y comunicaciones,MORELOS,MORELOS,Morelos,202508,Polygon,88639.629999998,5850.800000000,,2059.64,340.34,,subdel,1,17,323,303,20,0,6,5,1,0,Entre 15 y 20 años,340.34,411.928,,6
7,Transportes y comunicaciones,NAYARIT,NAYARIT,Nayarit,202508,MultiPolygon,29546.549999999,2047.780000000,,915.65,0,,subdel,1,18,108,101,7,0,2,2,0,0,Entre 15 y 20 años,,457.825,,2
7,Transportes y comunicaciones,NUEVO LEÓN,NUEVO LEÓN,Nuevo León,202508,Polygon,479180.579999988,41833.229999999,,33699.13,1650.44,,subdel,1,19,1781,1638,143,0,88,84,4,0,Entre 15 y 20 años,412.61,401.180119048,,88
7,Transportes y comunicaciones,OAXACA,OAXACA,Oaxaca,202508,MultiPolygon,49439.259999999,5265.720000000,,1755.82,311.28,,subdel,1,20,187,169,18,0,6,5,1,0,Entre 15 y 20 años,311.28,351.164,,6
7,Transportes y comunicaciones,PUEBLA,PUEBLA,Puebla,202508,Polygon,124036.979999997,10238.900000000,,4156.67,292.54,,subdel,1,21,459,424,35,0,13,12,1,0,Entre 15 y 20 años,292.54,346.389166667,,13
7,Transportes y comunicaciones,QUERÉTARO,QUERÉTARO,Querétaro,202508,Polygon,88932.169999998,8483.660000000,,1741.66,0,,subdel,1,22,333,304,29,0,5,5,0,0,Entre 15 y 20 años,,348.332,,5
7,Transportes y comunicaciones,QUINTANA ROO,QUINTANA ROO,Quintana Roo,202508,MultiPolygon,111750.279999997,9653.820000000,,2528.67,0,,subdel,1,23,415,382,33,0,7,7,0,0,Entre 15 y 20 años,,361.238571429,,7
7,Transportes y comunicaciones,SAN LUIS POTOSÍ,SAN LUIS POTOSÍ,San Luis Potosí,202508,Polygon,128132.519999997,11409.060000000,,6504.44,596.58,,subdel,1,24,477,438,39,0,20,18,2,0,Entre 15 y 20 años,298.29,361.357777778,,20
7,Transportes y comunicaciones,SINALOA,SINALOA,Sinaloa,202508,MultiPolygon,180497.179999996,13749.380000000,,6352.34,301.93,,subdel,1,25,664,617,47,0,17,16,1,0,Entre 15 y 20 años,301.93,397.02125,,17
7,Transportes y comunicaciones,SONORA,SONORA,Sonora,202508,MultiPolygon,119063.809999997,9068.740000000,,3254.76,0,,subdel,1,26,438,407,31,0,10,10,0,0,Entre 15 y 20 años,,325.476,,10
7,Transportes y comunicaciones,TABASCO,TABASCO,Tabasco,202508,MultiPolygon,76060.399999998,6143.340000000,,2211.57,0,,subdel,1,27,281,260,21,0,6,6,0,0,Entre 15 y 20 años,,368.595,,6
7,Transportes y comunicaciones,TAMAULIPAS,TAMAULIPAS,Tamaulipas,202508,MultiPolygon,143052.109999997,11701.600000000,,8351.81,0,,subdel,1,28,529,489,40,0,22,22,0,0,Entre 15 y 20 años,,379.627727273,,22
7,Transportes y comunicaciones,TLAXCALA,TLAXCALA,Tlaxcala,202508,Polygon,17552.400000000,,,694.34,,,subdel,1,29,60,60,0,0,2,2,0,0,Entre 15 y 20 años,,347.17,,2
7,Transportes y comunicaciones,VERACRUZ,VERACRUZ,Veracruz,202508,MultiPolygon,171135.939999996,19600.180000000,,10486.11,1044.34,,subdel,1,30,652,585,67,0,30,28,2,0,Entre 15 y 20 años,522.17,374.503928571,,30
7,Transportes y comunicaciones,YUCATÁN,YUCATÁN,Yucatán,202508,MultiPolygon,68746.919999998,6728.420000000,,2794.73,0,,subdel,1,31,258,235,23,0,9,9,0,0,Entre 15 y 20 años,,310.525555556,,9
7,Transportes y comunicaciones,ZACATECAS,ZACATECAS,Zacatecas,202508,Polygon,43295.919999999,,,1579.34,,,subdel,1,32,148,148,0,0,4,4,0,0,Entre 15 y 20 años,,394.835,,4
7,Transportes y comunicaciones,EXTRANJERO/EXTRANJERA,,Extranjero/Extranjera,202508,,220867.849999995,28668.929999999,,0,0,,subdel,1,,853,755,98,0,0,0,0,0,Entre 20 y 25 años,,,,0
7,Transportes y comunicaciones,NACIDO EN EL EXTRANJERO,,Nacido en el Extranjero,202508,,0,0,,18454.61,949.22,,subdel,1,,0,0,0,0,48,45,3,0,Entre 20 y 25 años,316.406666667,410.102444444,,48
7,Transportes y comunicaciones,COAHUILA DE ZARAGOZA,COAHUILA DE ZARAGOZA,Coahuila de Zaragoza,202508,Polygon,995221.389999976,123451.909999997,,62872.69,3852.78,,subdel,1,5,3824,3402,422,0,178,169,9,0,Entre 20 y 25 años,428.086666667,372.027751479,,178
7,Transportes y comunicaciones,COLIMA,COLIMA,Colima,202508,MultiPolygon,379424.479999991,35104.849999999,,9257.09,335.19,,subdel,1,6,1417,1297,120,0,29,28,1,0,Entre 20 y 25 años,335.19,330.610357143,,29
7,Transportes y comunicaciones,DURANGO,DURANGO,Durango,202508,Polygon,766162.519999982,69039.459999998,,39909.46,1160.39,,subdel,1,10,2855,2619,236,0,113,111,2,0,Entre 20 y 25 años,580.195,359.544684685,,113
7,Transportes y comunicaciones,GUANAJUATO,GUANAJUATO,Guanajuato,202508,Polygon,1917950.42999995,144035.799999997,,91808.82,2207.07,,subdel,1,11,7048,6556,492,0,263,256,7,0,Entre 20 y 25 años,315.295714286,358.628203125,,263
7,Transportes y comunicaciones,GUERRERO,GUERRERO,Guerrero,202508,MultiPolygon,631886.629999985,66114.109999998,,45510.94,618.12,,subdel,1,12,2386,2160,226,0,120,118,2,0,Entre 20 y 25 años,309.06,385.685932203,,120
7,Transportes y comunicaciones,HIDALGO,HIDALGO,Hidalgo,202508,Polygon,352510.859999991,35397.359999999,,27434.36,426.05,,subdel,1,13,1326,1205,121,0,69,68,1,0,Entre 20 y 25 años,426.05,403.446470588,,69
7,Transportes y comunicaciones,JALISCO,JALISCO,Jalisco,202508,MultiPolygon,4048034.1299999,391226.47999999,,323100.09,11181.09,,subdel,1,14,15174,13837,1337,0,904,871,33,0,Entre 20 y 25 años,338.820909091,370.953030999,,904
7,Transportes y comunicaciones,MÉXICO,MÉXICO,México,202508,Polygon,6967894.59999983,633920.839999985,,249550.79,16102.96,,subdel,1,15,25986,23819,2167,0,767,716,51,0,Entre 20 y 25 años,315.744313725,348.534622905,,767
7,Transportes y comunicaciones,MICHOACÁN DE OCAMPO,MICHOACÁN DE OCAMPO,Michoacán de Ocampo,202508,MultiPolygon,841930.38999998,64651.369999998,,37865.94,1631.03,,subdel,1,16,3099,2878,221,0,108,103,5,0,Entre 20 y 25 años,326.206,367.630485437,,108
7,Transportes y comunicaciones,MORELOS,MORELOS,Morelos,202508,Polygon,812676.43999998,79570.909999998,,27046.76,1446.71,,subdel,1,17,3050,2778,272,0,83,79,4,0,Entre 20 y 25 años,361.6775,342.364050633,,83
7,Transportes y comunicaciones,NAYARIT,NAYARIT,Nayarit,202508,MultiPolygon,289907.209999993,31886.859999999,,12987.66,454.38,,subdel,1,18,1100,991,109,0,38,37,1,0,Entre 20 y 25 años,454.38,351.017837838,,38
7,Transportes y comunicaciones,NUEVO LEÓN,NUEVO LEÓN,Nuevo León,202508,Polygon,2795275.93999993,324998.279999992,,449308.94,16567.92,,subdel,1,19,10666,9555,1111,0,1152,1111,41,0,Entre 20 y 25 años,404.095609756,404.418487849,,1152
7,Transportes y comunicaciones,OAXACA,OAXACA,Oaxaca,202508,MultiPolygon,674597.399999984,66699.139999998,,36514.16,2503.66,,subdel,1,20,2534,2306,228,0,103,96,7,0,Entre 20 y 25 años,357.665714286,380.355833333,,103
7,Transportes y comunicaciones,PUEBLA,PUEBLA,Puebla,202508,Polygon,1641732.68999996,131629.339999997,,83558.03,3409.92,,subdel,1,21,6062,5612,450,0,239,230,9,0,Entre 20 y 25 años,378.88,363.295782609,,239
7,Transportes y comunicaciones,QUERÉTARO,QUERÉTARO,Querétaro,202508,Polygon,662895.819999984,43881.019999999,,34155.17,1025.59,,subdel,1,22,2416,2266,150,0,100,97,3,0,Entre 20 y 25 años,341.863333333,352.115154639,,100
7,Transportes y comunicaciones,QUINTANA ROO,QUINTANA ROO,Quintana Roo,202508,MultiPolygon,778741.669999981,91272.519999998,,25828.29,1554.42,,subdel,1,23,2974,2662,312,0,79,74,5,0,Entre 20 y 25 años,310.884,349.030945946,,79
7,Transportes y comunicaciones,SAN LUIS POTOSÍ,SAN LUIS POTOSÍ,San Luis Potosí,202508,Polygon,850985.329999979,94490.439999998,,60632.04,2811.25,,subdel,1,24,3232,2909,323,0,167,158,9,0,Entre 20 y 25 años,312.361111111,383.747088608,,167
7,Transportes y comunicaciones,SINALOA,SINALOA,Sinaloa,202508,MultiPolygon,1412383.45999997,127547.469999997,,103811,3842.93,,subdel,1,25,5264,4828,436,0,287,277,10,0,Entre 20 y 25 años,384.293,374.768953069,,287
7,Transportes y comunicaciones,SONORA,SONORA,Sonora,202508,MultiPolygon,966844.979999977,114383.179999997,,69214,3422.03,,subdel,1,26,3696,3305,391,0,196,186,10,0,Entre 20 y 25 años,342.203,372.118279570,,196
7,Transportes y comunicaciones,TABASCO,TABASCO,Tabasco,202508,MultiPolygon,843100.41999998,73427.569999998,,44106.03,1351.18,,subdel,1,27,3133,2882,251,0,118,114,4,0,Entre 20 y 25 años,337.795,386.895,,118
7,Transportes y comunicaciones,TAMAULIPAS,TAMAULIPAS,Tamaulipas,202508,MultiPolygon,1364114.40999997,165870.219999996,,147333.41,8458.19,,subdel,1,28,5230,4663,567,0,405,382,23,0,Entre 20 y 25 años,367.747391304,385.689554974,,405
7,Transportes y comunicaciones,TLAXCALA,TLAXCALA,Tlaxcala,202508,Polygon,291955.109999993,16382.260000000,,6982.01,0,,subdel,1,29,1054,998,56,0,19,19,0,0,Entre 20 y 25 años,,367.474210526,,19
7,Transportes y comunicaciones,VERACRUZ,VERACRUZ,Veracruz,202508,MultiPolygon,1826060.24999996,191093.179999995,,124736.63,5137.15,,subdel,1,30,6895,6242,653,0,332,318,14,0,Entre 20 y 25 años,366.939285714,392.253553459,,332
7,Transportes y comunicaciones,YUCATÁN,YUCATÁN,Yucatán,202508,MultiPolygon,921793.709999978,87758.019999998,,48299.59,1612.83,,subdel,1,31,3451,3151,300,0,139,134,5,0,Entre 20 y 25 años,322.566,360.444701493,,139
7,Transportes y comunicaciones,ZACATECAS,ZACATECAS,Zacatecas,202508,Polygon,326474.759999992,22818.119999999,,21901.74,678.41,,subdel,1,32,1194,1116,78,0,60,58,2,0,Entre 20 y 25 años,339.205,377.616206897,,60
7,Transportes y comunicaciones,EXTRANJERO/EXTRANJERA,,Extranjero/Extranjera,202508,,263578.659999994,29546.619999999,,0,0,,subdel,1,,1002,901,101,0,0,0,0,0,Entre 25 y 30 años,,,,0
7,Transportes y comunicaciones,NACIDO EN EL EXTRANJERO,,Nacido en el Extranjero,202508,,0,0,,46760.13,1271.29,,subdel,1,,0,0,0,0,116,112,4,0,Entre 25 y 30 años,317.8225,417.501160714,,116
7,Transportes y comunicaciones,COAHUILA DE ZARAGOZA,COAHUILA DE ZARAGOZA,Coahuila de Zaragoza,202508,Polygon,1138246.25999997,146855.339999996,,118260.5,6937.2,,subdel,1,5,4393,3891,502,0,331,311,20,0,Entre 25 y 30 años,346.86,380.258842444,,331
7,Transportes y comunicaciones,COLIMA,COLIMA,Colima,202508,MultiPolygon,357177.809999991,45343.839999999,,22074.85,1326.57,,subdel,1,6,1376,1221,155,0,64,60,4,0,Entre 25 y 30 años,331.6425,367.914166667,,64
7,Transportes y comunicaciones,DURANGO,DURANGO,Durango,202508,Polygon,787518.039999981,84836.709999998,,62379.87,2593.27,,subdel,1,10,2982,2692,290,0,169,162,7,0,Entre 25 y 30 años,370.467142857,385.060925926,,169
7,Transportes y comunicaciones,GUANAJUATO,GUANAJUATO,Guanajuato,202508,Polygon,2010944.16999995,183701.569999995,,150648.02,7447.02,,subdel,1,11,7502,6874,628,0,438,415,23,0,Entre 25 y 30 años,323.783478261,363.007277108,,438
7,Transportes y comunicaciones,GUERRERO,GUERRERO,Guerrero,202508,MultiPolygon,780190.869999981,90102.389999998,,78730.69,7128.86,,subdel,1,12,2975,2667,308,0,212,195,17,0,Entre 25 y 30 años,419.344705882,403.747128205,,212
7,Transportes y comunicaciones,HIDALGO,HIDALGO,Hidalgo,202508,Polygon,442905.909999989,42125.859999999,,54190.78,1060.54,,subdel,1,13,1658,1514,144,0,131,128,3,0,Entre 25 y 30 años,353.513333333,423.36546875,,131
7,Transportes y comunicaciones,JALISCO,JALISCO,Jalisco,202508,MultiPolygon,4372256.07999989,433274.219999989,,554602.14,21255.71,,subdel,1,14,16425,14944,1481,0,1504,1446,58,0,Entre 25 y 30 años,366.477758621,383.542282158,,1504
7,Transportes y comunicaciones,MÉXICO,MÉXICO,México,202508,Polygon,7681862.30999981,681326.269999983,,547315.43,19826.86,,subdel,1,15,28588,26259,2329,0,1555,1496,59,0,Entre 25 y 30 años,336.048474576,365.852560160,,1555
7,Transportes y comunicaciones,MICHOACÁN DE OCAMPO,MICHOACÁN DE OCAMPO,Michoacán de Ocampo,202508,MultiPolygon,1012481.45999998,91272.559999998,,70664.85,3597.22,,subdel,1,16,3773,3461,312,0,198,188,10,0,Entre 25 y 30 años,359.722,375.876861702,,198
7,Transportes y comunicaciones,MORELOS,MORELOS,Morelos,202508,Polygon,867075.479999979,90980.039999998,,44058.04,2069.39,,subdel,1,17,3275,2964,311,0,129,123,6,0,Entre 25 y 30 años,344.898333333,358.195447154,,129
7,Transportes y comunicaciones,NAYARIT,NAYARIT,Nayarit,202508,MultiPolygon,315943.359999992,31288.059999999,,24858.61,1792.54,,subdel,1,18,1187,1080,107,0,70,65,5,0,Entre 25 y 30 años,358.508,382.440153846,,70
7,Transportes y comunicaciones,NUEVO LEÓN,NUEVO LEÓN,Nuevo León,202508,Polygon,3413817.09999992,437357.669999989,,778588.94,37135.5,,subdel,1,19,13165,11670,1495,0,1960,1858,102,0,Entre 25 y 30 años,364.073529412,419.046792250,,1960
7,Transportes y comunicaciones,OAXACA,OAXACA,Oaxaca,202508,MultiPolygon,861795.789999979,91565.149999998,,106463.12,4241.31,,subdel,1,20,3259,2946,313,0,278,265,13,0,Entre 25 y 30 años,326.254615385,401.747622642,,278
7,Transportes y comunicaciones,PUEBLA,PUEBLA,Puebla,202508,Polygon,2077300.57999995,171414.949999996,,212795.65,5813.14,,subdel,1,21,7687,7101,586,0,577,561,16,0,Entre 25 y 30 años,363.32125,379.314884135,,577
7,Transportes y comunicaciones,QUERÉTARO,QUERÉTARO,Querétaro,202508,Polygon,725165.699999982,81591.269999998,,68404.83,3174.71,,subdel,1,22,2758,2479,279,0,190,181,9,0,Entre 25 y 30 años,352.745555556,377.927237569,,190
7,Transportes y comunicaciones,QUINTANA ROO,QUINTANA ROO,Quintana Roo,202508,MultiPolygon,712656.939999983,102681.629999997,,51008.63,2452.95,,subdel,1,23,2787,2436,351,0,145,138,7,0,Entre 25 y 30 años,350.421428571,369.627753623,,145
7,Transportes y comunicaciones,SAN LUIS POTOSÍ,SAN LUIS POTOSÍ,San Luis Potosí,202508,Polygon,923229.079999978,114383.199999997,,122181.55,6013.92,,subdel,1,24,3547,3156,391,0,314,298,16,0,Entre 25 y 30 años,375.87,410.005201342,,314
7,Transportes y comunicaciones,SINALOA,SINALOA,Sinaloa,202508,MultiPolygon,1617454.18999996,160604.609999996,,171643.18,7525.78,,subdel,1,25,6078,5529,549,0,460,439,21,0,Entre 25 y 30 años,358.370476190,390.986742597,,460
7,Transportes y comunicaciones,SONORA,SONORA,Sonora,202508,MultiPolygon,1118088.25999997,152413.489999996,,125376.35,7930.98,,subdel,1,26,4343,3822,521,0,354,332,22,0,Entre 25 y 30 años,360.499090909,377.639608434,,354
7,Transportes y comunicaciones,TABASCO,TABASCO,Tabasco,202508,MultiPolygon,1070989.37999997,108239.859999997,,95183.91,2205.18,,subdel,1,27,4031,3661,370,0,251,246,5,0,Entre 25 y 30 años,441.036,386.926463415,,251
7,Transportes y comunicaciones,TAMAULIPAS,TAMAULIPAS,Tamaulipas,202508,MultiPolygon,1545768.29999996,200975.069999995,,229182.15,11800.95,,subdel,1,28,5971,5284,687,0,607,577,30,0,Entre 25 y 30 años,393.365,397.196100520,,607
7,Transportes y comunicaciones,TLAXCALA,TLAXCALA,Tlaxcala,202508,Polygon,372403.809999991,21062.909999999,,19789.82,949.77,,subdel,1,29,1345,1273,72,0,56,53,3,0,Entre 25 y 30 años,316.59,373.392830189,,56
7,Transportes y comunicaciones,VERACRUZ,VERACRUZ,Veracruz,202508,MultiPolygon,2498798.09999994,269137.199999993,,303399.38,15600.42,,subdel,1,30,9462,8542,920,0,787,747,40,0,Entre 25 y 30 años,390.0105,406.157135207,,787
7,Transportes y comunicaciones,YUCATÁN,YUCATÁN,Yucatán,202508,MultiPolygon,1206142.74999997,134275.939999997,,102290.82,4510.44,,subdel,1,31,4582,4123,459,0,281,267,14,0,Entre 25 y 30 años,322.174285714,383.111685393,,281
7,Transportes y comunicaciones,ZACATECAS,ZACATECAS,Zacatecas,202508,Polygon,382921.279999991,30131.639999999,,36344.13,1806.75,,subdel,1,32,1412,1309,103,0,97,92,5,0,Entre 25 y 30 años,361.35,395.044891304,,97
7,Transportes y comunicaciones,EXTRANJERO/EXTRANJERA,,Extranjero/Extranjera,202508,,304813.159999993,38322.789999999,,0,0,,subdel,1,,1173,1042,131,0,0,0,0,0,Entre 30 y 35 años,,,,0
7,Transportes y comunicaciones,NACIDO EN EL EXTRANJERO,,Nacido en el Extranjero,202508,,0,0,,60846.47,4333.43,,subdel,1,,0,0,0,0,163,151,12,0,Entre 30 y 35 años,361.119166667,402.956754967,,163
7,Transportes y comunicaciones,COAHUILA DE ZARAGOZA,COAHUILA DE ZARAGOZA,Coahuila de Zaragoza,202508,Polygon,1078010.55999997,158556.989999996,,158285.29,7130.03,,subdel,1,5,4227,3685,542,0,408,388,20,0,Entre 30 y 35 años,356.5015,407.951778351,,408
7,Transportes y comunicaciones,COLIMA,COLIMA,Colima,202508,MultiPolygon,279375.919999993,42710.959999999,,22794.74,307.31,,subdel,1,6,1101,955,146,0,63,62,1,0,Entre 30 y 35 años,307.31,367.657096774,,63
7,Transportes y comunicaciones,DURANGO,DURANGO,Durango,202508,Polygon,707348.489999983,95368.239999998,,79375.17,4424.29,,subdel,1,10,2744,2418,326,0,206,194,12,0,Entre 30 y 35 años,368.690833333,409.150360825,,206
7,Transportes y comunicaciones,GUANAJUATO,GUANAJUATO,Guanajuato,202508,Polygon,1697058.15999996,166748.229999996,,211944.06,10447.99,,subdel,1,11,6370,5800,570,0,595,565,30,0,Entre 30 y 35 años,348.266333333,375.122230088,,595
7,Transportes y comunicaciones,GUERRERO,GUERRERO,Guerrero,202508,MultiPolygon,664165.499999984,77557.609999998,,105201.3,6953.32,,subdel,1,12,2535,2270,265,0,282,263,19,0,Entre 30 y 35 años,365.964210526,400.004942966,,282
7,Transportes y comunicaciones,HIDALGO,HIDALGO,Hidalgo,202508,Polygon,427401.30999999,49146.829999999,,70956.28,6710.35,,subdel,1,13,1629,1461,168,0,187,170,17,0,Entre 30 y 35 años,394.726470588,417.389882353,,187
7,Transportes y comunicaciones,JALISCO,JALISCO,Jalisco,202508,MultiPolygon,3837057.59999991,411644.51999999,,658274.94,38379.52,,subdel,1,14,14522,13115,1407,0,1789,1681,108,0,Entre 30 y 35 años,355.365925926,391.597227841,,1789
7,Transportes y comunicaciones,MÉXICO,MÉXICO,México,202508,Polygon,6237276.73999985,551776.509999986,,663290.68,23850.67,,subdel,1,15,23207,21321,1886,0,1844,1772,72,0,Entre 30 y 35 años,331.259305556,374.317539503,,1844
7,Transportes y comunicaciones,MICHOACÁN DE OCAMPO,MICHOACÁN DE OCAMPO,Michoacán de Ocampo,202508,MultiPolygon,950170.489999977,95075.689999998,,103217.58,6237.36,,subdel,1,16,3573,3248,325,0,285,268,17,0,Entre 30 y 35 años,366.903529412,385.140223881,,285
7,Transportes y comunicaciones,MORELOS,MORELOS,Morelos,202508,Polygon,683374.089999983,74305.269999998,,52261.48,2992.84,,subdel,1,17,2590,2336,254,0,149,140,9,0,Entre 30 y 35 años,332.537777778,373.296285714,,149
7,Transportes y comunicaciones,NAYARIT,NAYARIT,Nayarit,202508,MultiPolygon,281702.449999993,30424.169999999,,41926.65,1258.35,,subdel,1,18,1067,963,104,0,108,104,4,0,Entre 30 y 35 años,314.5875,403.140865385,,108
7,Transportes y comunicaciones,NUEVO LEÓN,NUEVO LEÓN,Nuevo León,202508,Polygon,3402713.19999992,461907.529999989,,986866.47,53719.47,,subdel,1,19,13211,11632,1579,0,2439,2301,138,0,Entre 30 y 35 años,389.271521739,428.885906128,,2439
7,Transportes y comunicaciones,OAXACA,OAXACA,Oaxaca,202508,MultiPolygon,730457.859999982,75767.989999998,,107222.71,7888.79,,subdel,1,20,2756,2497,259,0,291,270,21,0,Entre 30 y 35 años,375.656666667,397.121148148,,291
7,Transportes y comunicaciones,PUEBLA,PUEBLA,Puebla,202508,Polygon,1864331.31999995,162360.009999996,,231868.07,11448.21,,subdel,1,21,6928,6373,555,0,638,605,33,0,Entre 30 y 35 años,346.915454545,383.253008264,,638
7,Transportes y comunicaciones,QUERÉTARO,QUERÉTARO,Querétaro,202508,Polygon,601435.059999985,66720.209999998,,76934.01,5053.72,,subdel,1,22,2284,2056,228,0,215,201,14,0,Entre 30 y 35 años,360.98,382.756268657,,215
7,Transportes y comunicaciones,QUINTANA ROO,QUINTANA ROO,Quintana Roo,202508,MultiPolygon,541478.109999987,86617.369999998,,53456.16,3296.59,,subdel,1,23,2147,1851,296,0,150,141,9,0,Entre 30 y 35 años,366.287777778,379.121702128,,150
7,Transportes y comunicaciones,SAN LUIS POTOSÍ,SAN LUIS POTOSÍ,San Luis Potosí,202508,Polygon,848645.219999979,106497.579999997,,153979.74,7322.37,,subdel,1,24,3265,2901,364,0,400,381,19,0,Entre 30 y 35 años,385.387894737,404.146299213,,400
7,Transportes y comunicaciones,SINALOA,SINALOA,Sinaloa,202508,MultiPolygon,1433739.12999997,186348.179999995,,202041.05,11826.89,,subdel,1,25,5538,4901,637,0,523,492,31,0,Entre 30 y 35 años,381.512580645,410.652540650,,523
7,Transportes y comunicaciones,SONORA,SONORA,Sonora,202508,MultiPolygon,981774.959999976,158264.249999996,,151030.21,8571.15,,subdel,1,26,3897,3356,541,0,407,383,24,0,Entre 30 y 35 años,357.13125,394.334751958,,407
7,Transportes y comunicaciones,TABASCO,TABASCO,Tabasco,202508,MultiPolygon,977084.019999976,103266.709999997,,114075.44,6945.96,,subdel,1,27,3693,3340,353,0,307,288,19,0,Entre 30 y 35 años,365.576842105,396.095277778,,307
7,Transportes y comunicaciones,TAMAULIPAS,TAMAULIPAS,Tamaulipas,202508,MultiPolygon,1380748.25999997,205363.269999995,,273266.89,18232.13,,subdel,1,28,5422,4720,702,0,709,662,47,0,Entre 30 y 35 años,387.917659574,412.789864048,,709
7,Transportes y comunicaciones,TLAXCALA,TLAXCALA,Tlaxcala,202508,Polygon,313895.629999992,19307.680000000,,19445.2,1237.82,,subdel,1,29,1139,1073,66,0,53,50,3,0,Entre 30 y 35 años,412.606666667,388.904,,53
7,Transportes y comunicaciones,VERACRUZ,VERACRUZ,Veracruz,202508,MultiPolygon,2402644.64999994,295168.689999993,,381189.64,21926.63,,subdel,1,30,9222,8213,1009,0,981,924,57,0,Entre 30 y 35 años,384.677719298,412.542900433,,981
7,Transportes y comunicaciones,YUCATÁN,YUCATÁN,Yucatán,202508,MultiPolygon,1162861.86999997,142467.069999997,,124451.3,11227.43,,subdel,1,31,4462,3975,487,0,356,325,31,0,Entre 30 y 35 años,362.175161290,382.927076923,,356
7,Transportes y comunicaciones,ZACATECAS,ZACATECAS,Zacatecas,202508,Polygon,290492.289999993,38359.439999999,,43217.02,2383.8,,subdel,1,32,1124,993,131,0,119,113,6,0,Entre 30 y 35 años,397.3,382.451504425,,119
7,Transportes y comunicaciones,EXTRANJERO/EXTRANJERA,,Extranjero/Extranjera,202508,,262463.399999994,32482.269999999,,0,0,,subdel,1,,1008,897,111,0,0,0,0,0,Entre 35 y 40 años,,,,0
7,Transportes y comunicaciones,NACIDO EN EL EXTRANJERO,,Nacido en el Extranjero,202508,,0,0,,62485.49,4824.27,,subdel,1,,0,0,0,0,160,147,13,0,Entre 35 y 40 años,371.097692308,425.071360544,,160
7,Transportes y comunicaciones,COAHUILA DE ZARAGOZA,COAHUILA DE ZARAGOZA,Coahuila de Zaragoza,202508,Polygon,824378.31999998,136323.949999997,,139730.58,10884.44,,subdel,1,5,3284,2818,466,0,386,357,29,0,Entre 35 y 40 años,375.325517241,391.402184874,,386
7,Transportes y comunicaciones,COLIMA,COLIMA,Colima,202508,MultiPolygon,212384.279999995,32764.569999999,,27228.68,1576.52,,subdel,1,6,838,726,112,0,73,69,4,0,Entre 35 y 40 años,394.13,394.618550725,,73
7,Transportes y comunicaciones,DURANGO,DURANGO,Durango,202508,Polygon,477132.979999988,66406.669999998,,59088.51,5808.13,,subdel,1,10,1858,1631,227,0,165,149,16,0,Entre 35 y 40 años,363.008125,396.567181208,,165
7,Transportes y comunicaciones,GUANAJUATO,GUANAJUATO,Guanajuato,202508,Polygon,1225423.39999997,127840.229999997,,208097.63,10179.51,,subdel,1,11,4626,4189,437,0,573,543,30,0,Entre 35 y 40 años,339.317,383.236887661,,573
7,Transportes y comunicaciones,GUERRERO,GUERRERO,Guerrero,202508,MultiPolygon,508128.709999988,54412.489999999,,120734.38,4103.84,,subdel,1,12,1923,1737,186,0,298,287,11,0,Entre 35 y 40 años,373.076363636,420.677282230,,298
7,Transportes y comunicaciones,HIDALGO,HIDALGO,Hidalgo,202508,Polygon,298105.719999993,26621.249999999,,56651.45,1416.08,,subdel,1,13,1110,1019,91,0,146,142,4,0,Entre 35 y 40 años,354.02,398.953873239,,146
7,Transportes y comunicaciones,JALISCO,JALISCO,Jalisco,202508,MultiPolygon,3059945.30999993,383908.85999999,,704205.12,38596.6,,subdel,1,14,11770,10459,1311,0,1865,1761,104,0,Entre 35 y 40 años,371.121153846,399.889335605,,1865
7,Transportes y comunicaciones,MÉXICO,MÉXICO,México,202508,Polygon,3843122.99999991,332338.559999992,,566442.58,24975.05,,subdel,1,15,14272,13136,1136,0,1564,1491,73,0,Entre 35 y 40 años,342.123972603,379.907833669,,1564
7,Transportes y comunicaciones,MICHOACÁN DE OCAMPO,MICHOACÁN DE OCAMPO,Michoacán de Ocampo,202508,MultiPolygon,682527.329999983,82203.899999998,,116626.11,6523.92,,subdel,1,16,2614,2333,281,0,310,291,19,0,Entre 35 y 40 años,343.364210526,400.777010309,,310
7,Transportes y comunicaciones,MORELOS,MORELOS,Morelos,202508,Polygon,463676.459999989,50024.479999999,,53851.96,3714.73,,subdel,1,17,1756,1585,171,0,150,140,10,0,Entre 35 y 40 años,371.473,384.656857143,,150
7,Transportes y comunicaciones,NAYARIT,NAYARIT,Nayarit,202508,MultiPolygon,214418.209999995,29546.539999999,,48277.63,3655,,subdel,1,18,834,733,101,0,122,112,10,0,Entre 35 y 40 años,365.5,431.050267857,,122
7,Transportes y comunicaciones,NUEVO LEÓN,NUEVO LEÓN,Nuevo León,202508,Polygon,2749630.18999993,369229.269999991,,945752.48,62865.54,,subdel,1,19,10662,9400,1262,0,2337,2168,169,0,Entre 35 y 40 años,371.985443787,436.232693727,,2337
7,Transportes y comunicaciones,OAXACA,OAXACA,Oaxaca,202508,MultiPolygon,497304.679999988,59773.189999998,,98608.63,8064.43,,subdel,1,20,1904,1700,204,0,266,245,21,0,Entre 35 y 40 años,384.020476190,402.484204082,,266
7,Transportes y comunicaciones,PUEBLA,PUEBLA,Puebla,202508,Polygon,1386579.42999997,128135.059999997,,247560.72,12685.05,,subdel,1,21,5178,4740,438,0,679,642,37,0,Entre 35 y 40 años,342.839189189,385.608598131,,679
7,Transportes y comunicaciones,QUERÉTARO,QUERÉTARO,Querétaro,202508,Polygon,424462.04999999,46221.429999999,,70320.78,3799.09,,subdel,1,22,1609,1451,158,0,187,177,10,0,Entre 35 y 40 años,379.909,397.292542373,,187
7,Transportes y comunicaciones,QUINTANA ROO,QUINTANA ROO,Quintana Roo,202508,MultiPolygon,275865.339999993,45051.229999999,,37043.44,5395.76,,subdel,1,23,1097,943,154,0,108,93,15,0,Entre 35 y 40 años,359.717333333,398.316559140,,108
7,Transportes y comunicaciones,SAN LUIS POTOSÍ,SAN LUIS POTOSÍ,San Luis Potosí,202508,Polygon,595597.979999986,85714.369999998,,127434.24,9781.23,,subdel,1,24,2329,2036,293,0,329,304,25,0,Entre 35 y 40 años,391.2492,419.191578947,,329
7,Transportes y comunicaciones,SINALOA,SINALOA,Sinaloa,202508,MultiPolygon,1071282.01999997,134861.109999997,,200044.39,16109.72,,subdel,1,25,4123,3662,461,0,551,507,44,0,Entre 35 y 40 años,366.13,394.564871795,,551
7,Transportes y comunicaciones,SONORA,SONORA,Sonora,202508,MultiPolygon,767026.479999981,145685.079999996,,144763.27,13382.63,,subdel,1,26,3120,2622,498,0,404,366,38,0,Entre 35 y 40 años,352.174473684,395.528060109,,404
7,Transportes y comunicaciones,TABASCO,TABASCO,Tabasco,202508,MultiPolygon,736377.969999982,69460.199999998,,116034.46,6799.18,,subdel,1,27,2754,2517,237,0,301,283,18,0,Entre 35 y 40 años,377.732222222,410.015759717,,301
7,Transportes y comunicaciones,TAMAULIPAS,TAMAULIPAS,Tamaulipas,202508,MultiPolygon,1037612.48999997,151535.959999996,,217231.55,19184.25,,subdel,1,28,4065,3547,518,0,581,535,46,0,Entre 35 y 40 años,417.048913043,406.040280374,,581
7,Transportes y comunicaciones,TLAXCALA,TLAXCALA,Tlaxcala,202508,Polygon,246305.089999994,17552.440000000,,23297.23,1400.17,,subdel,1,29,902,842,60,0,61,57,4,0,Entre 35 y 40 años,350.0425,408.723333333,,61
7,Transportes y comunicaciones,VERACRUZ,VERACRUZ,Veracruz,202508,MultiPolygon,1822790.53999996,217642.369999995,,355501.01,20448.42,,subdel,1,30,6975,6231,744,0,903,850,53,0,Entre 35 y 40 años,385.819245283,418.236482353,,903
7,Transportes y comunicaciones,YUCATÁN,YUCATÁN,Yucatán,202508,MultiPolygon,988785.559999976,116723.579999997,,145541.36,8522.62,,subdel,1,31,3779,3380,399,0,393,370,23,0,Entre 35 y 40 años,370.548695652,393.355027027,,393
7,Transportes y comunicaciones,ZACATECAS,ZACATECAS,Zacatecas,202508,Polygon,258312.929999994,31009.279999999,,46378.96,3930.16,,subdel,1,32,989,883,106,0,125,115,10,0,Entre 35 y 40 años,393.016,403.295304348,,125
7,Transportes y comunicaciones,EXTRANJERO/EXTRANJERA,,Extranjero/Extranjera,202508,,182143.779999996,24280.899999999,,0,0,,subdel,1,,705,622,83,0,0,0,0,0,Entre 40 y 45 años,,,,0
7,Transportes y comunicaciones,NACIDO EN EL EXTRANJERO,,Nacido en el Extranjero,202508,,0,0,,46728.17,3344.63,,subdel,1,,0,0,0,0,120,112,8,0,Entre 40 y 45 años,418.07875,417.215803571,,120
7,Transportes y comunicaciones,COAHUILA DE ZARAGOZA,COAHUILA DE ZARAGOZA,Coahuila de Zaragoza,202508,Polygon,602925.379999985,91565.199999998,,125154.86,9417.59,,subdel,1,5,2374,2061,313,0,331,306,25,0,Entre 40 y 45 años,376.7036,409.002810458,,331
7,Transportes y comunicaciones,COLIMA,COLIMA,Colima,202508,MultiPolygon,150073.239999996,29254.069999999,,22349.09,3026.17,,subdel,1,6,613,513,100,0,64,56,8,0,Entre 40 y 45 años,378.27125,399.090892857,,64
7,Transportes y comunicaciones,DURANGO,DURANGO,Durango,202508,Polygon,328522.569999992,50316.949999999,,55646.98,5196.05,,subdel,1,10,1295,1123,172,0,153,139,14,0,Entre 40 y 45 años,371.146428571,400.337985612,,153
7,Transportes y comunicaciones,GUANAJUATO,GUANAJUATO,Guanajuato,202508,Polygon,910211.389999978,93347.049999998,,186883.61,15816.17,,subdel,1,11,3430,3111,319,0,519,474,45,0,Entre 40 y 45 años,351.470444444,394.269219409,,519
7,Transportes y comunicaciones,GUERRERO,GUERRERO,Guerrero,202508,MultiPolygon,343430.979999992,41833.289999999,,94599.82,4580.7,,subdel,1,12,1317,1174,143,0,243,230,13,0,Entre 40 y 45 años,352.361538462,411.303565217,,243
7,Transportes y comunicaciones,HIDALGO,HIDALGO,Hidalgo,202508,Polygon,193062.879999995,23403.259999999,,51397.75,2484.66,,subdel,1,13,740,660,80,0,129,122,7,0,Entre 40 y 45 años,354.951428571,421.293032787,,129
7,Transportes y comunicaciones,JALISCO,JALISCO,Jalisco,202508,MultiPolygon,2305829.61999994,272722.019999993,,628438.2,33358.36,,subdel,1,14,8813,7881,932,0,1645,1552,93,0,Entre 40 y 45 años,358.692043011,404.921520619,,1645
7,Transportes y comunicaciones,MÉXICO,MÉXICO,México,202508,Polygon,1948901.09999995,188215.329999995,,358885.72,21899.34,,subdel,1,15,7305,6662,643,0,995,932,63,0,Entre 40 y 45 años,347.608571429,385.070515021,,995
7,Transportes y comunicaciones,MICHOACÁN DE OCAMPO,MICHOACÁN DE OCAMPO,Michoacán de Ocampo,202508,MultiPolygon,461145.979999989,59678.289999999,,99810.45,6571.44,,subdel,1,16,1780,1576,204,0,259,240,19,0,Entre 40 y 45 años,345.865263158,415.876875,,259
7,Transportes y comunicaciones,MORELOS,MORELOS,Morelos,202508,Polygon,321487.929999992,31886.979999999,,31873.9,2160.84,,subdel,1,17,1208,1099,109,0,90,84,6,0,Entre 40 y 45 años,360.14,379.451190476,,90
7,Transportes y comunicaciones,NAYARIT,NAYARIT,Nayarit,202508,MultiPolygon,161189.619999996,23988.319999999,,46328.26,2638.89,,subdel,1,18,633,551,82,0,116,109,7,0,Entre 40 y 45 años,376.984285714,425.029908257,,116
7,Transportes y comunicaciones,NUEVO LEÓN,NUEVO LEÓN,Nuevo León,202508,Polygon,2148543.61999995,304574.439999992,,891455.68,65776.21,,subdel,1,19,8386,7345,1041,0,2149,1984,165,0,Entre 40 y 45 años,398.643696970,449.322419355,,2149
7,Transportes y comunicaciones,OAXACA,OAXACA,Oaxaca,202508,MultiPolygon,372389.929999991,37152.669999999,,81349.86,4575.19,,subdel,1,20,1400,1273,127,0,209,196,13,0,Entre 40 y 45 años,351.937692308,415.050306122,,209
7,Transportes y comunicaciones,PUEBLA,PUEBLA,Puebla,202508,Polygon,1030006.81999997,96538.459999998,,220242.61,11588.46,,subdel,1,21,3851,3521,330,0,593,561,32,0,Entre 40 y 45 años,362.139375,392.589322638,,593
7,Transportes y comunicaciones,QUERÉTARO,QUERÉTARO,Querétaro,202508,Polygon,306554.579999993,38907.919999999,,62385.53,5522.88,,subdel,1,22,1181,1048,133,0,169,155,14,0,Entre 40 y 45 años,394.491428571,402.487290323,,169
7,Transportes y comunicaciones,QUINTANA ROO,QUINTANA ROO,Quintana Roo,202508,MultiPolygon,146270.109999996,20477.849999999,,23130.92,1209.95,,subdel,1,23,570,500,70,0,63,60,3,0,Entre 40 y 45 años,403.316666667,385.515333333,,63
7,Transportes y comunicaciones,SAN LUIS POTOSÍ,SAN LUIS POTOSÍ,San Luis Potosí,202508,Polygon,405519.76999999,52936.109999999,,117684,8637.43,,subdel,1,24,1567,1386,181,0,298,275,23,0,Entre 40 y 45 años,375.540434783,427.941818182,,298
7,Transportes y comunicaciones,SINALOA,SINALOA,Sinaloa,202508,MultiPolygon,795745.509999981,111457.819999997,,177035.28,13156.24,,subdel,1,25,3101,2720,381,0,465,428,37,0,Entre 40 y 45 años,355.574054054,413.633831776,,465
7,Transportes y comunicaciones,SONORA,SONORA,Sonora,202508,MultiPolygon,589468.309999986,108532.429999997,,129496.38,16338.7,,subdel,1,26,2386,2015,371,0,369,323,46,0,Entre 40 y 45 años,355.189130435,400.917585139,,369
7,Transportes y comunicaciones,TABASCO,TABASCO,Tabasco,202508,MultiPolygon,513702.929999988,54144.009999999,,95890.66,4338.38,,subdel,1,27,1941,1756,185,0,246,235,11,0,Entre 40 y 45 años,394.398181818,408.045361702,,246
7,Transportes y comunicaciones,TAMAULIPAS,TAMAULIPAS,Tamaulipas,202508,MultiPolygon,739235.179999982,112335.519999997,,173040.75,12508.81,,subdel,1,28,2911,2527,384,0,454,420,34,0,Entre 40 y 45 años,367.906176471,412.001785714,,454
7,Transportes y comunicaciones,TLAXCALA,TLAXCALA,Tlaxcala,202508,Polygon,193369.079999995,10531.450000000,,24725.65,757.83,,subdel,1,29,697,661,36,0,63,61,2,0,Entre 40 y 45 años,378.915,405.338524590,,63
7,Transportes y comunicaciones,VERACRUZ,VERACRUZ,Veracruz,202508,MultiPolygon,1288695.54999997,150365.849999996,,298107.73,13503.62,,subdel,1,30,4919,4405,514,0,742,705,37,0,Entre 40 y 45 años,364.962702703,422.847843972,,742
7,Transportes y comunicaciones,YUCATÁN,YUCATÁN,Yucatán,202508,MultiPolygon,750365.289999982,88347.109999998,,133267.21,10034.1,,subdel,1,31,2867,2565,302,0,362,336,26,0,Entre 40 y 45 años,385.926923077,396.628601190,,362
7,Transportes y comunicaciones,ZACATECAS,ZACATECAS,Zacatecas,202508,Polygon,180789.809999996,21647.979999999,,40623.92,317.81,,subdel,1,32,692,618,74,0,95,94,1,0,Entre 40 y 45 años,317.81,432.169361702,,95
7,Transportes y comunicaciones,EXTRANJERO/EXTRANJERA,,Extranjero/Extranjera,202508,,147442.789999996,23988.369999999,,0,0,,subdel,1,,586,504,82,0,0,0,0,0,Entre 45 y 50 años,,,,0
7,Transportes y comunicaciones,NACIDO EN EL EXTRANJERO,,Nacido en el Extranjero,202508,,0,0,,51093.4,3483,,subdel,1,,0,0,0,0,130,119,11,0,Entre 45 y 50 años,316.636363636,429.356302521,,130
7,Transportes y comunicaciones,COAHUILA DE ZARAGOZA,COAHUILA DE ZARAGOZA,Coahuila de Zaragoza,202508,Polygon,400181.29999999,63188.729999998,,101067.74,5922.54,,subdel,1,5,1584,1368,216,0,267,250,17,0,Entre 45 y 50 años,348.384705882,404.27096,,267
7,Transportes y comunicaciones,COLIMA,COLIMA,Colima,202508,MultiPolygon,89224.769999998,16382.290000000,,16345.09,705.58,,subdel,1,6,361,305,56,0,42,40,2,0,Entre 45 y 50 años,352.79,408.62725,,42
7,Transportes y comunicaciones,DURANGO,DURANGO,Durango,202508,Polygon,218195.459999995,31886.889999999,,47297.15,3959.01,,subdel,1,10,854,745,109,0,129,118,11,0,Entre 45 y 50 años,359.91,400.823305085,,129
7,Transportes y comunicaciones,GUANAJUATO,GUANAJUATO,Guanajuato,202508,Polygon,567867.319999986,66406.809999998,,158528.92,6545.49,,subdel,1,11,2168,1941,227,0,415,396,19,0,Entre 45 y 50 años,344.499473684,400.325555556,,415
7,Transportes y comunicaciones,GUERRERO,GUERRERO,Guerrero,202508,MultiPolygon,236965.439999994,30716.789999999,,72421.27,3625.79,,subdel,1,12,915,810,105,0,182,172,10,0,Entre 45 y 50 años,362.579,421.053895349,,182
7,Transportes y comunicaciones,HIDALGO,HIDALGO,Hidalgo,202508,Polygon,151828.439999996,15504.670000000,,46046.49,1958.19,,subdel,1,13,572,519,53,0,110,104,6,0,Entre 45 y 50 años,326.365,442.754711538,,110
7,Transportes y comunicaciones,JALISCO,JALISCO,Jalisco,202508,MultiPolygon,1569403.74999996,209969.689999995,,506808.16,32022.84,,subdel,1,14,6081,5364,717,0,1322,1233,89,0,Entre 45 y 50 años,359.807191011,411.036626115,,1322
7,Transportes y comunicaciones,MÉXICO,MÉXICO,México,202508,Polygon,1182307.35999997,103269.329999997,,276280.42,7129.44,,subdel,1,15,4394,4041,353,0,721,701,20,0,Entre 45 y 50 años,356.472,394.123281027,,721
7,Transportes y comunicaciones,MICHOACÁN DE OCAMPO,MICHOACÁN DE OCAMPO,Michoacán de Ocampo,202508,MultiPolygon,320317.749999992,47976.649999999,,75348.5,3917.51,,subdel,1,16,1259,1095,164,0,195,184,11,0,Entre 45 y 50 años,356.137272727,409.502717391,,195
7,Transportes y comunicaciones,MORELOS,MORELOS,Morelos,202508,Polygon,212969.429999995,26036.109999999,,34189.61,1450.03,,subdel,1,17,817,728,89,0,94,90,4,0,Entre 45 y 50 años,362.5075,379.884555556,,94
7,Transportes y comunicaciones,NAYARIT,NAYARIT,Nayarit,202508,MultiPolygon,104729.409999997,11701.610000000,,28878.5,1546.99,,subdel,1,18,398,358,40,0,71,67,4,0,Entre 45 y 50 años,386.7475,431.022388060,,71
7,Transportes y comunicaciones,NUEVO LEÓN,NUEVO LEÓN,Nuevo León,202508,Polygon,1508605.61999996,190813.289999995,,713632.47,44295.6,,subdel,1,19,5809,5157,652,0,1673,1565,108,0,Entre 45 y 50 años,410.144444444,455.995188498,,1673
7,Transportes y comunicaciones,OAXACA,OAXACA,Oaxaca,202508,MultiPolygon,275559.109999993,25451.049999999,,66692.96,1999.89,,subdel,1,20,1029,942,87,0,168,162,6,0,Entre 45 y 50 años,333.315,411.684938272,,168
7,Transportes y comunicaciones,PUEBLA,PUEBLA,Puebla,202508,Polygon,729277.679999982,61433.529999998,,192694,6057.43,,subdel,1,21,2703,2493,210,0,502,485,17,0,Entre 45 y 50 años,356.319411765,397.307216495,,502
7,Transportes y comunicaciones,QUERÉTARO,QUERÉTARO,Querétaro,202508,Polygon,186640.579999995,17552.410000000,,55608.99,2423,,subdel,1,22,698,638,60,0,141,134,7,0,Entre 45 y 50 años,346.142857143,414.992462687,,141
7,Transportes y comunicaciones,QUINTANA ROO,QUINTANA ROO,Quintana Roo,202508,MultiPolygon,60263.269999999,8568.070000000,,8054.33,376.94,,subdel,1,23,235,206,29,0,21,20,1,0,Entre 45 y 50 años,376.94,402.7165,,21
7,Transportes y comunicaciones,SAN LUIS POTOSÍ,SAN LUIS POTOSÍ,San Luis Potosí,202508,Polygon,249244.149999994,42484.589999999,,88030,5117.28,,subdel,1,24,997,852,145,0,212,198,14,0,Entre 45 y 50 años,365.52,444.595959596,,212
7,Transportes y comunicaciones,SINALOA,SINALOA,Sinaloa,202508,MultiPolygon,570776.429999986,84251.569999998,,143368.31,10926.32,,subdel,1,25,2239,1951,288,0,384,357,27,0,Entre 45 y 50 años,404.678518519,401.591904762,,384
7,Transportes y comunicaciones,SONORA,SONORA,Sonora,202508,MultiPolygon,447293.819999989,89809.869999998,,124556.74,17358.9,,subdel,1,26,1836,1529,307,0,353,306,47,0,Entre 45 y 50 años,369.338297872,407.048169935,,353
7,Transportes y comunicaciones,TABASCO,TABASCO,Tabasco,202508,MultiPolygon,304327.039999993,38907.929999999,,60680.01,3769.31,,subdel,1,27,1173,1040,133,0,162,151,11,0,Entre 45 y 50 años,342.664545455,401.854370861,,162
7,Transportes y comunicaciones,TAMAULIPAS,TAMAULIPAS,Tamaulipas,202508,MultiPolygon,480058.409999988,69708.779999998,,148719.54,8577.86,,subdel,1,28,1879,1641,238,0,368,346,22,0,Entre 45 y 50 años,389.902727273,429.825260116,,368
7,Transportes y comunicaciones,TLAXCALA,TLAXCALA,Tlaxcala,202508,Polygon,118478.739999997,9653.840000000,,21053.75,1590.15,,subdel,1,29,438,405,33,0,53,49,4,0,Entre 45 y 50 años,397.5375,429.668367347,,53
7,Transportes y comunicaciones,VERACRUZ,VERACRUZ,Veracruz,202508,MultiPolygon,878459.629999978,96245.979999998,,239862.44,14814.12,,subdel,1,30,3332,3003,329,0,606,566,40,0,Entre 45 y 50 años,370.353,423.785229682,,606
7,Transportes y comunicaciones,YUCATÁN,YUCATÁN,Yucatán,202508,MultiPolygon,513407.809999988,58800.659999999,,103784.28,6396.31,,subdel,1,31,1956,1755,201,0,274,256,18,0,Entre 45 y 50 años,355.350555556,405.40734375,,274
7,Transportes y comunicaciones,ZACATECAS,ZACATECAS,Zacatecas,202508,Polygon,137493.879999997,13749.380000000,,43338.04,2336.76,,subdel,1,32,517,470,47,0,110,104,6,0,Entre 45 y 50 años,389.46,416.711923077,,110
7,Transportes y comunicaciones,EXTRANJERO/EXTRANJERA,,Extranjero/Extranjera,202508,,93014.029999998,17552.410000000,,0,0,,subdel,1,,378,318,60,0,0,0,0,0,Entre 50 y 55 años,,,,0
7,Transportes y comunicaciones,NACIDO EN EL EXTRANJERO,,Nacido en el Extranjero,202508,,0,0,,35058.67,2445.18,,subdel,1,,0,0,0,0,87,81,6,0,Entre 50 y 55 años,407.53,432.823086420,,87
7,Transportes y comunicaciones,COAHUILA DE ZARAGOZA,COAHUILA DE ZARAGOZA,Coahuila de Zaragoza,202508,Polygon,261809.719999994,38907.859999999,,82216.63,3938.7,,subdel,1,5,1028,895,133,0,205,193,12,0,Entre 50 y 55 años,328.225,425.992901554,,205
7,Transportes y comunicaciones,COLIMA,COLIMA,Colima,202508,MultiPolygon,60555.829999999,9068.740000000,,11371.87,337.6,,subdel,1,6,238,207,31,0,28,27,1,0,Entre 50 y 55 años,337.6,421.180370370,,28
7,Transportes y comunicaciones,DURANGO,DURANGO,Durango,202508,Polygon,150950.679999996,25451.009999999,,45388.44,3604.49,,subdel,1,10,603,516,87,0,118,108,10,0,Entre 50 y 55 años,360.449,420.263333333,,118
7,Transportes y comunicaciones,GUANAJUATO,GUANAJUATO,Guanajuato,202508,Polygon,425674.99999999,41833.309999999,,141121.5,6619.95,,subdel,1,11,1598,1455,143,0,363,344,19,0,Entre 50 y 55 años,348.418421053,410.236918605,,363
7,Transportes y comunicaciones,GUERRERO,GUERRERO,Guerrero,202508,MultiPolygon,163807.269999996,19015.150000000,,58987.17,3689.8,,subdel,1,12,625,560,65,0,147,138,9,0,Entre 50 y 55 años,409.977777778,427.443260870,,147
7,Transportes y comunicaciones,HIDALGO,HIDALGO,Hidalgo,202508,Polygon,93661.989999998,11701.640000000,,30080.54,1179.45,,subdel,1,13,360,320,40,0,82,79,3,0,Entre 50 y 55 años,393.15,380.766329114,,82
7,Transportes y comunicaciones,JALISCO,JALISCO,Jalisco,202508,MultiPolygon,1138222.04999997,144224.129999996,,400251.43,21345.86,,subdel,1,14,4383,3890,493,0,1052,992,60,0,Entre 50 y 55 años,355.764333333,403.479264113,,1052
7,Transportes y comunicaciones,MÉXICO,MÉXICO,México,202508,Polygon,647976.549999984,56460.349999999,,157339.73,6633.61,,subdel,1,15,2408,2215,193,0,425,406,19,0,Entre 50 y 55 años,349.137368421,387.536280788,,425
7,Transportes y comunicaciones,MICHOACÁN DE OCAMPO,MICHOACÁN DE OCAMPO,Michoacán de Ocampo,202508,MultiPolygon,232555.689999994,25451.029999999,,71214.75,4561.84,,subdel,1,16,882,795,87,0,186,173,13,0,Entre 50 y 55 años,350.910769231,411.645953757,,186
7,Transportes y comunicaciones,MORELOS,MORELOS,Morelos,202508,Polygon,133398.349999997,14919.560000000,,30307.98,830.15,,subdel,1,17,507,456,51,0,80,78,2,0,Entre 50 y 55 años,415.075,388.563846154,,80
7,Transportes y comunicaciones,NAYARIT,NAYARIT,Nayarit,202508,MultiPolygon,78985.809999998,9653.820000000,,21338.98,2586.96,,subdel,1,18,303,270,33,0,52,47,5,0,Entre 50 y 55 años,517.392,454.020851064,,52
7,Transportes y comunicaciones,NUEVO LEÓN,NUEVO LEÓN,Nuevo León,202508,Polygon,964714.839999977,132813.459999997,,546500.32,38197.86,,subdel,1,19,3752,3298,454,0,1296,1206,90,0,Entre 50 y 55 años,424.420666667,453.151177446,,1296
7,Transportes y comunicaciones,OAXACA,OAXACA,Oaxaca,202508,MultiPolygon,170537.219999996,13749.420000000,,48493.7,3755.57,,subdel,1,20,630,583,47,0,126,117,9,0,Entre 50 y 55 años,417.285555556,414.476068376,,126
7,Transportes y comunicaciones,PUEBLA,PUEBLA,Puebla,202508,Polygon,488820.949999988,45692.419999999,,156067.97,8013.12,,subdel,1,21,1827,1671,156,0,411,388,23,0,Entre 50 y 55 años,348.396521739,402.237036082,,411
7,Transportes y comunicaciones,QUERÉTARO,QUERÉTARO,Querétaro,202508,Polygon,109702.539999997,9361.300000000,,33042.81,818.27,,subdel,1,22,407,375,32,0,81,79,2,0,Entre 50 y 55 años,409.135,418.263417722,,81
7,Transportes y comunicaciones,QUINTANA ROO,QUINTANA ROO,Quintana Roo,202508,MultiPolygon,23695.739999999,3510.480000000,,3925.66,303.48,,subdel,1,23,93,81,12,0,10,9,1,0,Entre 50 y 55 años,303.48,436.184444444,,10
7,Transportes y comunicaciones,SAN LUIS POTOSÍ,SAN LUIS POTOSÍ,San Luis Potosí,202508,Polygon,181667.399999996,27791.339999999,,79286.54,5903.93,,subdel,1,24,716,621,95,0,197,182,15,0,Entre 50 y 55 años,393.595333333,435.640329670,,197
7,Transportes y comunicaciones,SINALOA,SINALOA,Sinaloa,202508,MultiPolygon,368015.419999991,59678.209999999,,114681.53,9973.58,,subdel,1,25,1462,1258,204,0,294,269,25,0,Entre 50 y 55 años,398.9432,426.325390335,,294
7,Transportes y comunicaciones,SONORA,SONORA,Sonora,202508,MultiPolygon,292247.549999993,54412.509999999,,99148.63,11544.53,,subdel,1,26,1185,999,186,0,265,236,29,0,Entre 50 y 55 años,398.087241379,420.121313559,,265
7,Transportes y comunicaciones,TABASCO,TABASCO,Tabasco,202508,MultiPolygon,173768.819999996,19892.740000000,,42694.65,3864.25,,subdel,1,27,662,594,68,0,117,106,11,0,Entre 50 y 55 años,351.295454545,402.779716981,,117
7,Transportes y comunicaciones,TAMAULIPAS,TAMAULIPAS,Tamaulipas,202508,MultiPolygon,333203.229999992,49439.309999999,,103858.74,8929.05,,subdel,1,28,1308,1139,169,0,278,255,23,0,Entre 50 y 55 años,388.219565217,407.289176471,,278
7,Transportes y comunicaciones,TLAXCALA,TLAXCALA,Tlaxcala,202508,Polygon,77815.719999998,4973.190000000,,16886.27,0,,subdel,1,29,283,266,17,0,42,42,0,0,Entre 50 y 55 años,,402.054047619,,42
7,Transportes y comunicaciones,VERACRUZ,VERACRUZ,Veracruz,202508,MultiPolygon,544728.699999987,60263.379999998,,171851.29,5930.74,,subdel,1,30,2068,1862,206,0,432,415,17,0,Entre 50 y 55 años,348.867058824,414.099493976,,432
7,Transportes y comunicaciones,YUCATÁN,YUCATÁN,Yucatán,202508,MultiPolygon,376791.559999991,45343.769999999,,99958.92,3952.59,,subdel,1,31,1443,1288,155,0,256,244,12,0,Entre 50 y 55 años,329.3825,409.667704918,,256
7,Transportes y comunicaciones,ZACATECAS,ZACATECAS,Zacatecas,202508,Polygon,114383.179999997,13164.310000000,,30938.05,1455.38,,subdel,1,32,436,391,45,0,76,72,4,0,Entre 50 y 55 años,363.845,429.695138889,,76
7,Transportes y comunicaciones,EXTRANJERO/EXTRANJERA,,Extranjero/Extranjera,202508,,67284.269999998,8483.670000000,,0,0,,subdel,1,,259,230,29,0,0,0,0,0,Entre 55 y 60 años,,,,0
7,Transportes y comunicaciones,NACIDO EN EL EXTRANJERO,,Nacido en el Extranjero,202508,,0,0,,27887.28,1326.81,,subdel,1,,0,0,0,0,72,68,4,0,Entre 55 y 60 años,331.7025,410.107058824,,72
7,Transportes y comunicaciones,COAHUILA DE ZARAGOZA,COAHUILA DE ZARAGOZA,Coahuila de Zaragoza,202508,Polygon,159419.549999996,20770.349999999,,51476.04,1611.75,,subdel,1,5,616,545,71,0,130,126,4,0,Entre 55 y 60 años,402.9375,408.54,,130
7,Transportes y comunicaciones,COLIMA,COLIMA,Colima,202508,MultiPolygon,36275.009999999,4680.640000000,,9423.33,1730.95,,subdel,1,6,140,124,16,0,29,25,4,0,Entre 55 y 60 años,432.7375,376.9332,,29
7,Transportes y comunicaciones,DURANGO,DURANGO,Durango,202508,Polygon,87176.929999998,9653.840000000,,25003.23,1374.91,,subdel,1,10,331,298,33,0,66,62,4,0,Entre 55 y 60 años,343.7275,403.277903226,,66
7,Transportes y comunicaciones,GUANAJUATO,GUANAJUATO,Guanajuato,202508,Polygon,273817.609999993,16674.820000000,,94532.58,3256.9,,subdel,1,11,993,936,57,0,245,236,9,0,Entre 55 y 60 años,361.877777778,400.561779661,,245
7,Transportes y comunicaciones,GUERRERO,GUERRERO,Guerrero,202508,MultiPolygon,98018.689999998,11701.630000000,,36749.75,1560.92,,subdel,1,12,375,335,40,0,95,90,5,0,Entre 55 y 60 años,312.184,408.330555556,,95
7,Transportes y comunicaciones,HIDALGO,HIDALGO,Hidalgo,202508,Polygon,70209.669999998,3510.500000000,,20588.38,323.61,,subdel,1,13,252,240,12,0,53,52,1,0,Entre 55 y 60 años,323.61,395.930384615,,53
7,Transportes y comunicaciones,JALISCO,JALISCO,Jalisco,202508,MultiPolygon,638041.419999985,64909.009999998,,234702.58,11215.45,,subdel,1,14,2402,2181,221,0,602,572,30,0,Entre 55 y 60 años,373.848333333,410.319195804,,602
7,Transportes y comunicaciones,MÉXICO,MÉXICO,México,202508,Polygon,346632.549999992,25743.589999999,,92959.59,1319.18,,subdel,1,15,1273,1185,88,0,237,233,4,0,Entre 55 y 60 años,329.795,398.968197425,,237
7,Transportes y comunicaciones,MICHOACÁN DE OCAMPO,MICHOACÁN DE OCAMPO,Michoacán de Ocampo,202508,MultiPolygon,158849.299999996,11994.160000000,,52717,2790,,subdel,1,16,584,543,41,0,133,124,9,0,Entre 55 y 60 años,310,425.137096774,,133
7,Transportes y comunicaciones,MORELOS,MORELOS,Morelos,202508,Polygon,78400.809999998,7606.070000000,,15811.19,431.88,,subdel,1,17,294,268,26,0,40,39,1,0,Entre 55 y 60 años,431.88,405.415128205,,40
7,Transportes y comunicaciones,NAYARIT,NAYARIT,Nayarit,202508,MultiPolygon,42125.759999999,5265.720000000,,14811.32,0,,subdel,1,18,162,144,18,0,35,35,0,0,Entre 55 y 60 años,,423.180571429,,35
7,Transportes y comunicaciones,NUEVO LEÓN,NUEVO LEÓN,Nuevo León,202508,Polygon,621917.059999985,55582.699999999,,334758.97,15787.18,,subdel,1,19,2316,2126,190,0,784,747,37,0,Entre 55 y 60 años,426.680540541,448.137844712,,784
7,Transportes y comunicaciones,OAXACA,OAXACA,Oaxaca,202508,MultiPolygon,85421.729999998,6728.430000000,,29509.51,2475.31,,subdel,1,20,315,292,23,0,78,72,6,0,Entre 55 y 60 años,412.551666667,409.854305556,,78
7,Transportes y comunicaciones,PUEBLA,PUEBLA,Puebla,202508,Polygon,294002.849999993,21355.439999999,,89750.89,1441.28,,subdel,1,21,1078,1005,73,0,231,227,4,0,Entre 55 y 60 años,360.32,395.378370044,,231
7,Transportes y comunicaciones,QUERÉTARO,QUERÉTARO,Querétaro,202508,Polygon,64943.899999998,3510.490000000,,23379.72,315.47,,subdel,1,22,234,222,12,0,59,58,1,0,Entre 55 y 60 años,315.47,403.098620690,,59
7,Transportes y comunicaciones,QUINTANA ROO,QUINTANA ROO,Quintana Roo,202508,MultiPolygon,8776.200000000,1170.160000000,,913.13,0,,subdel,1,23,34,30,4,0,2,2,0,0,Entre 55 y 60 años,,456.565,,2
7,Transportes y comunicaciones,SAN LUIS POTOSÍ,SAN LUIS POTOSÍ,San Luis Potosí,202508,Polygon,118464.989999997,11994.150000000,,53219.59,2230.64,,subdel,1,24,446,405,41,0,127,121,6,0,Entre 55 y 60 años,371.773333333,439.831322314,,127
7,Transportes y comunicaciones,SINALOA,SINALOA,Sinaloa,202508,MultiPolygon,223194.359999995,24573.369999999,,64675.59,3397.44,,subdel,1,25,847,763,84,0,171,162,9,0,Entre 55 y 60 años,377.493333333,399.232037037,,171
7,Transportes y comunicaciones,SONORA,SONORA,Sonora,202508,MultiPolygon,188688.339999995,34227.199999999,,71096.38,8239.33,,subdel,1,26,762,645,117,0,200,178,22,0,Entre 55 y 60 años,374.515,399.417865169,,200
7,Transportes y comunicaciones,TABASCO,TABASCO,Tabasco,202508,MultiPolygon,83958.989999998,12286.710000000,,20039.16,2281.16,,subdel,1,27,329,287,42,0,56,50,6,0,Entre 55 y 60 años,380.193333333,400.7832,,56
7,Transportes y comunicaciones,TAMAULIPAS,TAMAULIPAS,Tamaulipas,202508,MultiPolygon,215003.299999995,30716.719999999,,72195.61,7663.15,,subdel,1,28,840,735,105,0,186,168,18,0,Entre 55 y 60 años,425.730555556,429.735773810,,186
7,Transportes y comunicaciones,TLAXCALA,TLAXCALA,Tlaxcala,202508,Polygon,37152.599999999,2047.780000000,,6765.9,0,,subdel,1,29,134,127,7,0,17,17,0,0,Entre 55 y 60 años,,397.994117647,,17
7,Transportes y comunicaciones,VERACRUZ,VERACRUZ,Veracruz,202508,MultiPolygon,308044.919999992,27206.299999999,,94439.05,2306.95,,subdel,1,30,1146,1053,93,0,230,223,7,0,Entre 55 y 60 años,329.564285714,423.493497758,,230
7,Transportes y comunicaciones,YUCATÁN,YUCATÁN,Yucatán,202508,MultiPolygon,213261.779999995,24573.399999999,,61447.1,4500.18,,subdel,1,31,813,729,84,0,168,156,12,0,Entre 55 y 60 años,375.015,393.891666667,,168
7,Transportes y comunicaciones,ZACATECAS,ZACATECAS,Zacatecas,202508,Polygon,83081.389999998,6143.360000000,,30335.69,292.55,,subdel,1,32,305,284,21,0,74,73,1,0,Entre 55 y 60 años,292.55,415.557397260,,74
7,Transportes y comunicaciones,EXTRANJERO/EXTRANJERA,,Extranjero/Extranjera,202508,,35689.899999999,4388.110000000,,0,0,,subdel,1,,137,122,15,0,0,0,0,0,Entre 60 y 65 años,,,,0
7,Transportes y comunicaciones,NACIDO EN EL EXTRANJERO,,Nacido en el Extranjero,202508,,0,0,,16227.79,292.54,,subdel,1,,0,0,0,0,38,37,1,0,Entre 60 y 65 años,292.54,438.588918919,,38
7,Transportes y comunicaciones,COAHUILA DE ZARAGOZA,COAHUILA DE ZARAGOZA,Coahuila de Zaragoza,202508,Polygon,90102.349999998,10531.460000000,,28777.34,281.28,,subdel,1,5,344,308,36,0,72,71,1,0,Entre 60 y 65 años,281.28,405.314647887,,72
7,Transportes y comunicaciones,COLIMA,COLIMA,Colima,202508,MultiPolygon,17552.400000000,1755.260000000,,4528.16,292.54,,subdel,1,6,66,60,6,0,13,12,1,0,Entre 60 y 65 años,292.54,377.346666667,,13
7,Transportes y comunicaciones,DURANGO,DURANGO,Durango,202508,Polygon,47684.039999999,5558.260000000,,16925.97,0,,subdel,1,10,182,163,19,0,41,41,0,0,Entre 60 y 65 años,,412.828536585,,41
7,Transportes y comunicaciones,GUANAJUATO,GUANAJUATO,Guanajuato,202508,Polygon,138956.549999997,7020.980000000,,36754.29,0,,subdel,1,11,499,475,24,0,95,95,0,0,Entre 60 y 65 años,,386.887263158,,95
7,Transportes y comunicaciones,GUERRERO,GUERRERO,Guerrero,202508,MultiPolygon,52072.119999999,4095.570000000,,16898.75,0,,subdel,1,12,192,178,14,0,41,41,0,0,Entre 60 y 65 años,,412.164634146,,41
7,Transportes y comunicaciones,HIDALGO,HIDALGO,Hidalgo,202508,Polygon,41540.739999999,2632.870000000,,11959.17,403.15,,subdel,1,13,151,142,9,0,31,30,1,0,Entre 60 y 65 años,403.15,398.639,,31
7,Transportes y comunicaciones,JALISCO,JALISCO,Jalisco,202508,MultiPolygon,328950.219999992,20485.369999999,,113284.71,2019.51,,subdel,1,14,1194,1124,70,0,298,292,6,0,Entre 60 y 65 años,336.585,387.961335616,,298
7,Transportes y comunicaciones,MÉXICO,MÉXICO,México,202508,Polygon,167647.069999996,8191.130000000,,37544.05,0,,subdel,1,15,601,573,28,0,95,95,0,0,Entre 60 y 65 años,,395.200526316,,95
7,Transportes y comunicaciones,MICHOACÁN DE OCAMPO,MICHOACÁN DE OCAMPO,Michoacán de Ocampo,202508,MultiPolygon,103559.209999997,7313.520000000,,22925.03,0,,subdel,1,16,379,354,25,0,61,61,0,0,Entre 60 y 65 años,,375.820163934,,61
7,Transportes y comunicaciones,MORELOS,MORELOS,Morelos,202508,Polygon,34227.179999999,3510.490000000,,8995.48,0,,subdel,1,17,129,117,12,0,23,23,0,0,Entre 60 y 65 años,,391.107826087,,23
7,Transportes y comunicaciones,NAYARIT,NAYARIT,Nayarit,202508,MultiPolygon,21355.439999999,1462.700000000,,6107.18,0,,subdel,1,18,78,73,5,0,16,16,0,0,Entre 60 y 65 años,,381.69875,,16
7,Transportes y comunicaciones,NUEVO LEÓN,NUEVO LEÓN,Nuevo León,202508,Polygon,304520.459999993,24267.109999999,,139624.34,4085.59,,subdel,1,19,1124,1041,83,0,340,329,11,0,Entre 60 y 65 años,371.417272727,424.390091185,,340
7,Transportes y comunicaciones,OAXACA,OAXACA,Oaxaca,202508,MultiPolygon,49734.289999999,6435.880000000,,17871.16,0,,subdel,1,20,192,170,22,0,42,42,0,0,Entre 60 y 65 años,,425.503809524,,42
7,Transportes y comunicaciones,PUEBLA,PUEBLA,Puebla,202508,Polygon,150936.979999996,8776.220000000,,36219.5,1061.59,,subdel,1,21,546,516,30,0,102,99,3,0,Entre 60 y 65 años,353.863333333,365.853535354,,102
7,Transportes y comunicaciones,QUERÉTARO,QUERÉTARO,Querétaro,202508,Polygon,32179.419999999,1755.240000000,,10589.04,356.15,,subdel,1,22,116,110,6,0,28,27,1,0,Entre 60 y 65 años,356.15,392.186666667,,28
7,Transportes y comunicaciones,QUINTANA ROO,QUINTANA ROO,Quintana Roo,202508,MultiPolygon,6728.420000000,292.540000000,,1573.22,0,,subdel,1,23,24,23,1,0,4,4,0,0,Entre 60 y 65 años,,393.305,,4
7,Transportes y comunicaciones,SAN LUIS POTOSÍ,SAN LUIS POTOSÍ,San Luis Potosí,202508,Polygon,78985.829999998,5265.720000000,,35412.08,301.14,,subdel,1,24,288,270,18,0,86,85,1,0,Entre 60 y 65 años,301.14,416.612705882,,86
7,Transportes y comunicaciones,SINALOA,SINALOA,Sinaloa,202508,MultiPolygon,111165.259999997,11116.540000000,,25124.09,1591.33,,subdel,1,25,418,380,38,0,72,68,4,0,Entre 60 y 65 años,397.8325,369.471911765,,72
7,Transportes y comunicaciones,SONORA,SONORA,Sonora,202508,MultiPolygon,107069.659999997,11116.530000000,,29536.16,1882.92,,subdel,1,26,404,366,38,0,80,75,5,0,Entre 60 y 65 años,376.584,393.815466667,,80
7,Transportes y comunicaciones,TABASCO,TABASCO,Tabasco,202508,MultiPolygon,35982.429999999,2632.860000000,,9858.9,0,,subdel,1,27,132,123,9,0,23,23,0,0,Entre 60 y 65 años,,428.647826087,,23
7,Transportes y comunicaciones,TAMAULIPAS,TAMAULIPAS,Tamaulipas,202508,MultiPolygon,117016.019999997,9361.290000000,,33560.2,1267.3,,subdel,1,28,432,400,32,0,88,85,3,0,Entre 60 y 65 años,422.433333333,394.825882353,,88
7,Transportes y comunicaciones,TLAXCALA,TLAXCALA,Tlaxcala,202508,Polygon,31009.239999999,1462.710000000,,5181.28,292.54,,subdel,1,29,111,106,5,0,14,13,1,0,Entre 60 y 65 años,292.54,398.56,,14
7,Transportes y comunicaciones,VERACRUZ,VERACRUZ,Veracruz,202508,MultiPolygon,151544.039999996,15797.190000000,,41230.55,298.34,,subdel,1,30,572,518,54,0,99,98,1,0,Entre 60 y 65 años,298.34,420.719897959,,99
7,Transportes y comunicaciones,YUCATÁN,YUCATÁN,Yucatán,202508,MultiPolygon,103559.189999997,7313.510000000,,22428.12,1365.81,,subdel,1,31,379,354,25,0,61,57,4,0,Entre 60 y 65 años,341.4525,393.475789474,,61
7,Transportes y comunicaciones,ZACATECAS,ZACATECAS,Zacatecas,202508,Polygon,52359.369999999,3510.480000000,,17401,878.79,,subdel,1,32,191,179,12,0,44,42,2,0,Entre 60 y 65 años,439.395,414.309523810,,44
7,Transportes y comunicaciones,EXTRANJERO/EXTRANJERA,,Extranjero/Extranjera,202508,,18722.590000000,877.630000000,,0,0,,subdel,1,,67,64,3,0,0,0,0,0,Entre 65 y 70 años,,,,0
7,Transportes y comunicaciones,NACIDO EN EL EXTRANJERO,,Nacido en el Extranjero,202508,,0,,,7141.49,,,subdel,1,,0,0,0,0,17,17,0,0,Entre 65 y 70 años,,420.087647059,,17
7,Transportes y comunicaciones,COAHUILA DE ZARAGOZA,COAHUILA DE ZARAGOZA,Coahuila de Zaragoza,202508,Polygon,32179.409999999,2340.320000000,,10284.46,0,,subdel,1,5,118,110,8,0,25,25,0,0,Entre 65 y 70 años,,411.3784,,25
7,Transportes y comunicaciones,COLIMA,COLIMA,Colima,202508,MultiPolygon,10823.980000000,,,2349.75,,,subdel,1,6,37,37,0,0,6,6,0,0,Entre 65 y 70 años,,391.625,,6
7,Transportes y comunicaciones,DURANGO,DURANGO,Durango,202508,Polygon,18430.020000000,1170.160000000,,5248.07,0,,subdel,1,10,67,63,4,0,14,14,0,0,Entre 65 y 70 años,,374.862142857,,14
7,Transportes y comunicaciones,GUANAJUATO,GUANAJUATO,Guanajuato,202508,Polygon,52072.169999999,1755.240000000,,14242.16,407.81,,subdel,1,11,184,178,6,0,38,37,1,0,Entre 65 y 70 años,407.81,384.923243243,,38
7,Transportes y comunicaciones,GUERRERO,GUERRERO,Guerrero,202508,MultiPolygon,19015.110000000,1755.240000000,,6086.86,0,,subdel,1,12,71,65,6,0,14,14,0,0,Entre 65 y 70 años,,434.775714286,,14
7,Transportes y comunicaciones,HIDALGO,HIDALGO,Hidalgo,202508,Polygon,17552.410000000,2340.320000000,,4415.52,0,,subdel,1,13,68,60,8,0,12,12,0,0,Entre 65 y 70 años,,367.96,,12
7,Transportes y comunicaciones,JALISCO,JALISCO,Jalisco,202508,MultiPolygon,111165.259999997,6728.420000000,,27534.95,0,,subdel,1,14,403,380,23,0,72,72,0,0,Entre 65 y 70 años,,382.429861111,,72
7,Transportes y comunicaciones,MÉXICO,MÉXICO,México,202508,Polygon,57922.949999999,1755.240000000,,11770.86,0,,subdel,1,15,204,198,6,0,31,31,0,0,Entre 65 y 70 años,,379.705161290,,31
7,Transportes y comunicaciones,MICHOACÁN DE OCAMPO,MICHOACÁN DE OCAMPO,Michoacán de Ocampo,202508,MultiPolygon,37445.129999999,5287.620000000,,9495.31,1109.18,,subdel,1,16,146,128,18,0,29,26,3,0,Entre 65 y 70 años,369.726666667,365.204230769,,29
7,Transportes y comunicaciones,MORELOS,MORELOS,Morelos,202508,Polygon,11116.520000000,,,2078.66,,,subdel,1,17,38,38,0,0,6,6,0,0,Entre 65 y 70 años,,346.443333333,,6
7,Transportes y comunicaciones,NAYARIT,NAYARIT,Nayarit,202508,MultiPolygon,10531.440000000,877.620000000,,4432.8,0,,subdel,1,18,39,36,3,0,9,9,0,0,Entre 65 y 70 años,,492.533333333,,9
7,Transportes y comunicaciones,NUEVO LEÓN,NUEVO LEÓN,Nuevo León,202508,Polygon,94170.429999998,7606.040000000,,44659.2,1272.7,,subdel,1,19,348,322,26,0,107,104,3,0,Entre 65 y 70 años,424.233333333,429.415384615,,107
7,Transportes y comunicaciones,OAXACA,OAXACA,Oaxaca,202508,MultiPolygon,19307.640000000,1755.240000000,,5051.82,357.74,,subdel,1,20,72,66,6,0,14,13,1,0,Entre 65 y 70 años,357.74,388.601538462,,14
7,Transportes y comunicaciones,PUEBLA,PUEBLA,Puebla,202508,Polygon,49146.749999999,3803.020000000,,8244.53,459.84,,subdel,1,21,181,168,13,0,24,23,1,0,Entre 65 y 70 años,459.84,358.457826087,,24
7,Transportes y comunicaciones,QUERÉTARO,QUERÉTARO,Querétaro,202508,Polygon,11994.140000000,,,2119.11,,,subdel,1,22,41,41,0,0,5,5,0,0,Entre 65 y 70 años,,423.822,,5
7,Transportes y comunicaciones,QUINTANA ROO,QUINTANA ROO,Quintana Roo,202508,MultiPolygon,585.080000000,,,0,,,subdel,1,23,2,2,0,0,0,0,0,0,Entre 65 y 70 años,,,,0
7,Transportes y comunicaciones,SAN LUIS POTOSÍ,SAN LUIS POTOSÍ,San Luis Potosí,202508,Polygon,27791.309999999,2632.860000000,,7933.5,298.65,,subdel,1,24,104,95,9,0,21,20,1,0,Entre 65 y 70 años,298.65,396.675,,21
7,Transportes y comunicaciones,SINALOA,SINALOA,Sinaloa,202508,MultiPolygon,43003.409999999,2925.400000000,,8177.05,355.27,,subdel,1,25,157,147,10,0,22,21,1,0,Entre 65 y 70 años,355.27,389.383333333,,22
7,Transportes y comunicaciones,SONORA,SONORA,Sonora,202508,MultiPolygon,41833.229999999,2925.410000000,,12421.47,2087.65,,subdel,1,26,153,143,10,0,37,34,3,0,Entre 65 y 70 años,695.883333333,365.337352941,,37
7,Transportes y comunicaciones,TABASCO,TABASCO,Tabasco,202508,MultiPolygon,11409.060000000,292.540000000,,3398.15,0,,subdel,1,27,40,39,1,0,9,9,0,0,Entre 65 y 70 años,,377.572222222,,9
7,Transportes y comunicaciones,TAMAULIPAS,TAMAULIPAS,Tamaulipas,202508,MultiPolygon,39785.459999999,1462.700000000,,10518.34,0,,subdel,1,28,141,136,5,0,28,28,0,0,Entre 65 y 70 años,,375.655,,28
7,Transportes y comunicaciones,TLAXCALA,TLAXCALA,Tlaxcala,202508,Polygon,11701.600000000,877.620000000,,1369.85,0,,subdel,1,29,43,40,3,0,4,4,0,0,Entre 65 y 70 años,,342.4625,,4
7,Transportes y comunicaciones,VERACRUZ,VERACRUZ,Veracruz,202508,MultiPolygon,52364.709999999,2925.400000000,,11294.55,292.54,,subdel,1,30,189,179,10,0,27,26,1,0,Entre 65 y 70 años,292.54,434.405769231,,27
7,Transportes y comunicaciones,YUCATÁN,YUCATÁN,Yucatán,202508,MultiPolygon,33642.119999999,1755.240000000,,8986.92,302.7,,subdel,1,31,121,115,6,0,25,24,1,0,Entre 65 y 70 años,302.7,374.455,,25
7,Transportes y comunicaciones,ZACATECAS,ZACATECAS,Zacatecas,202508,Polygon,19600.180000000,2047.780000000,,7547.61,0,,subdel,1,32,74,67,7,0,18,18,0,0,Entre 65 y 70 años,,419.311666667,,18
7,Transportes y comunicaciones,EXTRANJERO/EXTRANJERA,,Extranjero/Extranjera,202508,,7020.990000000,,,0,,,subdel,1,,24,24,0,0,0,0,0,0,Entre 70 y 75 años,,,,0
7,Transportes y comunicaciones,NACIDO EN EL EXTRANJERO,,Nacido en el Extranjero,202508,,0,,,2342.01,,,subdel,1,,0,0,0,0,7,7,0,0,Entre 70 y 75 años,,334.572857143,,7
7,Transportes y comunicaciones,COAHUILA DE ZARAGOZA,COAHUILA DE ZARAGOZA,Coahuila de Zaragoza,202508,Polygon,9946.380000000,292.540000000,,2069.13,0,,subdel,1,5,35,34,1,0,6,6,0,0,Entre 70 y 75 años,,344.855,,6
7,Transportes y comunicaciones,COLIMA,COLIMA,Colima,202508,MultiPolygon,2632.860000000,292.540000000,,0,0,,subdel,1,6,10,9,1,0,0,0,0,0,Entre 70 y 75 años,,,,0
7,Transportes y comunicaciones,CIUDAD DE MÉXICO,CIUDAD DE MÉXICO,Ciudad de México,202508,Polygon,166747.859999996,9361.300000000,,33929.94,294.73,,subdel,1,9,602,570,32,0,93,92,1,0,Entre 70 y 75 años,294.73,368.803695652,,93
7,Transportes y comunicaciones,DURANGO,DURANGO,Durango,202508,Polygon,5265.720000000,292.540000000,,899.26,0,,subdel,1,10,19,18,1,0,2,2,0,0,Entre 70 y 75 años,,449.63,,2
7,Transportes y comunicaciones,GUANAJUATO,GUANAJUATO,Guanajuato,202508,Polygon,14334.460000000,292.540000000,,2876.43,0,,subdel,1,11,50,49,1,0,8,8,0,0,Entre 70 y 75 años,,359.55375,,8
7,Transportes y comunicaciones,GUERRERO,GUERRERO,Guerrero,202508,MultiPolygon,5265.720000000,877.620000000,,1712.88,0,,subdel,1,12,21,18,3,0,4,4,0,0,Entre 70 y 75 años,,428.22,,4
7,Transportes y comunicaciones,HIDALGO,HIDALGO,Hidalgo,202508,Polygon,4973.180000000,292.540000000,,659.83,0,,subdel,1,13,18,17,1,0,2,2,0,0,Entre 70 y 75 años,,329.915,,2
7,Transportes y comunicaciones,JALISCO,JALISCO,Jalisco,202508,MultiPolygon,31301.779999999,2047.780000000,,5933.09,0,,subdel,1,14,114,107,7,0,16,16,0,0,Entre 70 y 75 años,,370.818125,,16
7,Transportes y comunicaciones,MÉXICO,MÉXICO,México,202508,Polygon,15504.630000000,1462.700000000,,3759.57,0,,subdel,1,15,58,53,5,0,11,11,0,0,Entre 70 y 75 años,,341.779090909,,11
7,Transportes y comunicaciones,MICHOACÁN DE OCAMPO,MICHOACÁN DE OCAMPO,Michoacán de Ocampo,202508,MultiPolygon,12286.680000000,585.080000000,,3487.5,0,,subdel,1,16,44,42,2,0,9,9,0,0,Entre 70 y 75 años,,387.5,,9
7,Transportes y comunicaciones,MORELOS,MORELOS,Morelos,202508,Polygon,4388.100000000,,,510.39,,,subdel,1,17,15,15,0,0,1,1,0,0,Entre 70 y 75 años,,510.39,,1
7,Transportes y comunicaciones,NAYARIT,NAYARIT,Nayarit,202508,MultiPolygon,3510.480000000,292.540000000,,1118.09,0,,subdel,1,18,13,12,1,0,3,3,0,0,Entre 70 y 75 años,,372.696666667,,3
7,Transportes y comunicaciones,NUEVO LEÓN,NUEVO LEÓN,Nuevo León,202508,Polygon,21355.419999999,1462.700000000,,7695.01,427.39,,subdel,1,19,78,73,5,0,19,18,1,0,Entre 70 y 75 años,427.39,427.500555556,,19
7,Transportes y comunicaciones,OAXACA,OAXACA,Oaxaca,202508,MultiPolygon,6728.420000000,585.080000000,,1057.41,0,,subdel,1,20,25,23,2,0,3,3,0,0,Entre 70 y 75 años,,352.47,,3
7,Transportes y comunicaciones,PUEBLA,PUEBLA,Puebla,202508,Polygon,15212.090000000,292.540000000,,3285.62,0,,subdel,1,21,53,52,1,0,8,8,0,0,Entre 70 y 75 años,,410.7025,,8
7,Transportes y comunicaciones,QUERÉTARO,QUERÉTARO,Querétaro,202508,Polygon,2925.400000000,,,0,,,subdel,1,22,10,10,0,0,0,0,0,0,Entre 70 y 75 años,,,,0
7,Transportes y comunicaciones,QUINTANA ROO,QUINTANA ROO,Quintana Roo,202508,MultiPolygon,292.540000000,292.540000000,,0,0,,subdel,1,23,2,1,1,0,0,0,0,0,Entre 70 y 75 años,,,,0
7,Transportes y comunicaciones,SAN LUIS POTOSÍ,SAN LUIS POTOSÍ,San Luis Potosí,202508,Polygon,7898.580000000,292.540000000,,2553.96,0,,subdel,1,24,28,27,1,0,6,6,0,0,Entre 70 y 75 años,,425.66,,6
7,Transportes y comunicaciones,SINALOA,SINALOA,Sinaloa,202508,MultiPolygon,13456.840000000,,,3118.18,,,subdel,1,25,46,46,0,0,7,7,0,0,Entre 70 y 75 años,,445.454285714,,7
7,Transportes y comunicaciones,SONORA,SONORA,Sonora,202508,MultiPolygon,13456.840000000,,,2908.57,,,subdel,1,26,46,46,0,0,7,7,0,0,Entre 70 y 75 años,,415.51,,7
7,Transportes y comunicaciones,TABASCO,TABASCO,Tabasco,202508,MultiPolygon,1170.160000000,292.540000000,,325.71,330.64,,subdel,1,27,5,4,1,0,2,1,1,0,Entre 70 y 75 años,330.64,325.71,,2
7,Transportes y comunicaciones,TAMAULIPAS,TAMAULIPAS,Tamaulipas,202508,MultiPolygon,12871.760000000,292.540000000,,5805.07,0,,subdel,1,28,45,44,1,0,14,14,0,0,Entre 70 y 75 años,,414.647857143,,14
7,Transportes y comunicaciones,TLAXCALA,TLAXCALA,Tlaxcala,202508,Polygon,3217.940000000,292.540000000,,652.76,0,,subdel,1,29,12,11,1,0,2,2,0,0,Entre 70 y 75 años,,326.38,,2
7,Transportes y comunicaciones,VERACRUZ,VERACRUZ,Veracruz,202508,MultiPolygon,19015.120000000,1462.700000000,,3422.9,0,,subdel,1,30,70,65,5,0,9,9,0,0,Entre 70 y 75 años,,380.322222222,,9
7,Transportes y comunicaciones,YUCATÁN,YUCATÁN,Yucatán,202508,MultiPolygon,9946.370000000,,,1954.85,,,subdel,1,31,34,34,0,0,4,4,0,0,Entre 70 y 75 años,,488.7125,,4
7,Transportes y comunicaciones,ZACATECAS,ZACATECAS,Zacatecas,202508,Polygon,5558.260000000,292.540000000,,2124.55,0,,subdel,1,32,20,19,1,0,4,4,0,0,Entre 70 y 75 años,,531.1375,,4
