CVE_DIVISION,División,Entidad,ENTIDAD (entidades.shp),entidad_nacimiento,fecha,Geometría,masa_aseg_H,masa_aseg_M,masa_aseg_NB,masa_puestos_H,masa_puestos_M,masa_puestos_NB,Nivel Agregación,NOTA,NUM_EDO,PTPD_Aseg,PTPD_Aseg_H,PTPD_Aseg_M,PTPD_Aseg_NB,PTPD_Puestos,PTPD_Puestos_H,PTPD_Puestos_M,PTPD_Puestos_NB,Rango_edad_2,SalarioFem,SalarioMasc,SalarioNB,TOTAL
8,Servicios para empresas,AGUASCALIENTES,AGUASCALIENTES,Aguascalientes,202507,Polygon,12400.600000000,571.340000000,,757.85,0,,subdel,1,1,45,43,2,0,2,2,0,0,75 años y más,,378.925,,2
8,Servicios para empresas,AGUASCALIENTES,AGUASCALIENTES,Aguascalientes,202507,Polygon,13515.800000000,292.540000000,,278.8,0,,subdel,1,1,48,47,1,0,1,1,0,0,Entre 15 y 20 años,,278.8,,1
8,Servicios para empresas,AGUASCALIENTES,AGUASCALIENTES,Aguascalientes,202507,Polygon,127202.719999996,7692.480000000,,2914.5,278.8,,subdel,1,1,473,446,27,0,11,10,1,0,Entre 20 y 25 años,278.8,291.45,,11
8,Servicios para empresas,AGUASCALIENTES,AGUASCALIENTES,Aguascalientes,202507,Polygon,162239.339999994,12445.820000000,,4975.07,278.8,,subdel,1,1,617,573,44,0,17,16,1,0,Entre 25 y 30 años,278.8,310.941875,,17
8,Servicios para empresas,AGUASCALIENTES,AGUASCALIENTES,Aguascalientes,202507,Polygon,168449.639999994,13492.319999999,,7981.74,278.8,,subdel,1,1,645,597,48,0,27,26,1,0,Entre 30 y 35 años,278.8,306.99,,27
8,Servicios para empresas,AGUASCALIENTES,AGUASCALIENTES,Aguascalientes,202507,Polygon,128218.259999995,13451.099999999,,6930.75,278.8,,subdel,1,1,504,456,48,0,25,24,1,0,Entre 35 y 40 años,278.8,288.78125,,25
8,Servicios para empresas,AGUASCALIENTES,AGUASCALIENTES,Aguascalientes,202507,Polygon,81497.779999997,9241.620000000,,4322.75,278.8,,subdel,1,1,323,290,33,0,15,14,1,0,Entre 40 y 45 años,278.8,308.767857143,,15
8,Servicios para empresas,AGUASCALIENTES,AGUASCALIENTES,Aguascalientes,202507,Polygon,58946.459999998,3916.940000000,,5576,0,,subdel,1,1,224,210,14,0,20,20,0,0,Entre 45 y 50 años,,278.8,,20
8,Servicios para empresas,AGUASCALIENTES,AGUASCALIENTES,Aguascalientes,202507,Polygon,37620.259999998,3359.340000000,,2509.2,0,,subdel,1,1,146,134,12,0,9,9,0,0,Entre 50 y 55 años,,278.8,,9
8,Servicios para empresas,AGUASCALIENTES,AGUASCALIENTES,Aguascalientes,202507,Polygon,23264.059999999,1394.000000000,,1951.6,278.8,,subdel,1,1,88,83,5,0,8,7,1,0,Entre 55 y 60 años,278.8,278.8,,8
8,Servicios para empresas,AGUASCALIENTES,AGUASCALIENTES,Aguascalientes,202507,Polygon,11179.480000000,292.540000000,,1394,352.21,,subdel,1,1,41,40,1,0,6,5,1,0,Entre 60 y 65 años,352.21,278.8,,6
8,Servicios para empresas,AGUASCALIENTES,AGUASCALIENTES,Aguascalientes,202507,Polygon,5032.140000000,,,0,,,subdel,1,1,18,18,0,0,0,0,0,0,Entre 65 y 70 años,,,,0
8,Servicios para empresas,AGUASCALIENTES,AGUASCALIENTES,Aguascalientes,202507,Polygon,1672.800000000,,,0,,,subdel,1,1,6,6,0,0,0,0,0,0,Entre 70 y 75 años,,,,0
7,Transportes y comunicaciones,AGUASCALIENTES,AGUASCALIENTES,Aguascalientes,202507,Polygon,74672.819999998,5558.260000000,,3100.68,0,,subdel,1,1,274,255,19,0,9,9,0,0,75 años y más,,344.52,,9
7,Transportes y comunicaciones,AGUASCALIENTES,AGUASCALIENTES,Aguascalientes,202507,Polygon,73770.169999998,6435.880000000,,2931.05,0,,subdel,1,1,274,252,22,0,8,8,0,0,Entre 15 y 20 años,,366.38125,,8
7,Transportes y comunicaciones,AGUASCALIENTES,AGUASCALIENTES,Aguascalientes,202507,Polygon,520926.399999987,54157.789999999,,31224,1170.19,,subdel,1,1,1965,1780,185,0,88,84,4,0,Entre 20 y 25 años,292.5475,371.714285714,,88
7,Transportes y comunicaciones,AGUASCALIENTES,AGUASCALIENTES,Aguascalientes,202507,Polygon,533957.189999987,55585.339999999,,50066.3,2253.21,,subdel,1,1,2015,1825,190,0,147,140,7,0,Entre 25 y 30 años,321.887142857,357.616428571,,147
7,Transportes y comunicaciones,AGUASCALIENTES,AGUASCALIENTES,Aguascalientes,202507,Polygon,447697.879999989,57922.999999999,,56885.03,4351.26,,subdel,1,1,1728,1530,198,0,163,150,13,0,Entre 30 y 35 años,334.712307692,379.233533333,,163
7,Transportes y comunicaciones,AGUASCALIENTES,AGUASCALIENTES,Aguascalientes,202507,Polygon,337358.789999992,46806.459999999,,55949.92,4597.45,,subdel,1,1,1313,1153,160,0,164,150,14,0,Entre 35 y 40 años,328.389285714,372.999466667,,164
7,Transportes y comunicaciones,AGUASCALIENTES,AGUASCALIENTES,Aguascalientes,202507,Polygon,226447.069999995,27498.819999999,,37426.21,5100.77,,subdel,1,1,868,774,94,0,108,94,14,0,Entre 40 y 45 años,364.340714286,398.151170213,,108
7,Transportes y comunicaciones,AGUASCALIENTES,AGUASCALIENTES,Aguascalientes,202507,Polygon,135446.089999997,21062.879999999,,32539.81,2646.02,,subdel,1,1,535,463,72,0,90,82,8,0,Entre 45 y 50 años,330.7525,396.826951220,,90
7,Transportes y comunicaciones,AGUASCALIENTES,AGUASCALIENTES,Aguascalientes,202507,Polygon,89224.699999998,8483.670000000,,30679.07,603,,subdel,1,1,334,305,29,0,77,75,2,0,Entre 50 y 55 años,301.5,409.054266667,,77
7,Transportes y comunicaciones,AGUASCALIENTES,AGUASCALIENTES,Aguascalientes,202507,Polygon,62603.589999998,6436.050000000,,28130.96,292.55,,subdel,1,1,236,214,22,0,71,70,1,0,Entre 55 y 60 años,292.55,401.870857143,,71
7,Transportes y comunicaciones,AGUASCALIENTES,AGUASCALIENTES,Aguascalientes,202507,Polygon,47976.569999999,3256.950000000,,18265.93,0,,subdel,1,1,175,164,11,0,45,45,0,0,Entre 60 y 65 años,,405.909555556,,45
7,Transportes y comunicaciones,AGUASCALIENTES,AGUASCALIENTES,Aguascalientes,202507,Polygon,11409.070000000,585.080000000,,3537.93,0,,subdel,1,1,41,39,2,0,9,9,0,0,Entre 65 y 70 años,,393.103333333,,9
7,Transportes y comunicaciones,AGUASCALIENTES,AGUASCALIENTES,Aguascalientes,202507,Polygon,5558.260000000,292.540000000,,1819.72,0,,subdel,1,1,20,19,1,0,5,5,0,0,Entre 70 y 75 años,,363.944,,5
8,Servicios para empresas,BAJA CALIFORNIA,BAJA CALIFORNIA,Baja California,202507,MultiPolygon,17766.499999999,1156.420000000,,0,0,,subdel,1,2,66,62,4,0,0,0,0,0,75 años y más,,,,0
8,Servicios para empresas,BAJA CALIFORNIA,BAJA CALIFORNIA,Baja California,202507,MultiPolygon,17277.599999999,292.540000000,,278.8,0,,subdel,1,2,61,60,1,0,1,1,0,0,Entre 15 y 20 años,,278.8,,1
8,Servicios para empresas,BAJA CALIFORNIA,BAJA CALIFORNIA,Baja California,202507,MultiPolygon,185695.239999994,8903.860000000,,9479.02,321.74,,subdel,1,2,680,649,31,0,30,29,1,0,Entre 20 y 25 años,321.74,326.862758621,,30
8,Servicios para empresas,BAJA CALIFORNIA,BAJA CALIFORNIA,Baja California,202507,MultiPolygon,248293.579999991,19023.099999999,,14899.95,278.8,,subdel,1,2,939,872,67,0,50,49,1,0,Entre 25 y 30 años,278.8,304.080612245,,50
8,Servicios para empresas,BAJA CALIFORNIA,BAJA CALIFORNIA,Baja California,202507,MultiPolygon,201830.679999993,27551.979999999,,13221.32,652.89,,subdel,1,2,809,712,97,0,47,45,2,0,Entre 30 y 35 años,326.445,293.807111111,,47
8,Servicios para empresas,BAJA CALIFORNIA,BAJA CALIFORNIA,Baja California,202507,MultiPolygon,164803.499999994,12363.380000000,,16697.76,557.6,,subdel,1,2,626,582,44,0,57,55,2,0,Entre 35 y 40 años,278.8,303.595636364,,57
8,Servicios para empresas,BAJA CALIFORNIA,BAJA CALIFORNIA,Baja California,202507,MultiPolygon,119384.839999996,14118.619999999,,9957.32,278.8,,subdel,1,2,472,422,50,0,35,34,1,0,Entre 40 y 45 años,278.8,292.862352941,,35
8,Servicios para empresas,BAJA CALIFORNIA,BAJA CALIFORNIA,Baja California,202507,MultiPolygon,77714.239999997,7665.000000000,,7086.34,0,,subdel,1,2,302,275,27,0,25,25,0,0,Entre 45 y 50 años,,283.4536,,25
8,Servicios para empresas,BAJA CALIFORNIA,BAJA CALIFORNIA,Baja California,202507,MultiPolygon,55221.879999998,5324.680000000,,4834.49,615.87,,subdel,1,2,215,196,19,0,19,17,2,0,Entre 50 y 55 años,307.935,284.381764706,,19
8,Servicios para empresas,BAJA CALIFORNIA,BAJA CALIFORNIA,Baja California,202507,MultiPolygon,26454.519999999,1700.280000000,,4095.77,0,,subdel,1,2,100,94,6,0,14,14,0,0,Entre 55 y 60 años,,292.555,,14
8,Servicios para empresas,BAJA CALIFORNIA,BAJA CALIFORNIA,Baja California,202507,MultiPolygon,11220.700000000,571.340000000,,836.4,0,,subdel,1,2,42,40,2,0,3,3,0,0,Entre 60 y 65 años,,278.8,,3
8,Servicios para empresas,BAJA CALIFORNIA,BAJA CALIFORNIA,Baja California,202507,MultiPolygon,2536.680000000,585.080000000,,0,0,,subdel,1,2,11,9,2,0,0,0,0,0,Entre 65 y 70 años,,,,0
8,Servicios para empresas,BAJA CALIFORNIA,BAJA CALIFORNIA,Baja California,202507,MultiPolygon,836.400000000,,,0,,,subdel,1,2,3,3,0,0,0,0,0,0,Entre 70 y 75 años,,,,0
7,Transportes y comunicaciones,BAJA CALIFORNIA,BAJA CALIFORNIA,Baja California,202507,MultiPolygon,141728.839999997,14919.540000000,,14532.74,0,,subdel,1,2,535,484,51,0,36,36,0,0,75 años y más,,403.687222222,,36
7,Transportes y comunicaciones,BAJA CALIFORNIA,BAJA CALIFORNIA,Baja California,202507,MultiPolygon,161582.349999996,16449.040000000,,12948.15,595.72,,subdel,1,2,608,552,56,0,37,35,2,0,Entre 15 y 20 años,297.86,369.947142857,,37
7,Transportes y comunicaciones,BAJA CALIFORNIA,BAJA CALIFORNIA,Baja California,202507,MultiPolygon,1331336.93999997,148449.339999996,,193348.22,9140.99,,subdel,1,2,5057,4550,507,0,512,488,24,0,Entre 20 y 25 años,380.874583333,396.205368852,,512
7,Transportes y comunicaciones,BAJA CALIFORNIA,BAJA CALIFORNIA,Baja California,202507,MultiPolygon,1363281.98999997,204863.739999995,,240400.14,13489.69,,subdel,1,2,5359,4659,700,0,641,603,38,0,Entre 25 y 30 años,354.991842105,398.673532338,,641
7,Transportes y comunicaciones,BAJA CALIFORNIA,BAJA CALIFORNIA,Baja California,202507,MultiPolygon,1070072.89999997,199943.409999995,,228039.35,23434.38,,subdel,1,2,4340,3657,683,0,625,560,65,0,Entre 30 y 35 años,360.528923077,407.213125,,625
7,Transportes y comunicaciones,BAJA CALIFORNIA,BAJA CALIFORNIA,Baja California,202507,MultiPolygon,685537.289999983,134873.069999997,,180398.83,17893.34,,subdel,1,2,2804,2343,461,0,480,433,47,0,Entre 35 y 40 años,380.709361702,416.625473441,,480
7,Transportes y comunicaciones,BAJA CALIFORNIA,BAJA CALIFORNIA,Baja California,202507,MultiPolygon,447682.339999989,98359.479999998,,141361.55,19901.4,,subdel,1,2,1866,1530,336,0,391,340,51,0,Entre 40 y 45 años,390.223529412,415.769264706,,391
7,Transportes y comunicaciones,BAJA CALIFORNIA,BAJA CALIFORNIA,Baja California,202507,MultiPolygon,280570.559999993,58846.109999999,,115925.51,17858.29,,subdel,1,2,1160,959,201,0,313,266,47,0,Entre 45 y 50 años,379.963617021,435.810187970,,313
7,Transportes y comunicaciones,BAJA CALIFORNIA,BAJA CALIFORNIA,Baja California,202507,MultiPolygon,194587.189999995,41540.689999999,,97511.57,7420.37,,subdel,1,2,807,665,142,0,247,229,18,0,Entre 50 y 55 años,412.242777778,425.814716157,,247
7,Transportes y comunicaciones,BAJA CALIFORNIA,BAJA CALIFORNIA,Baja California,202507,MultiPolygon,91875.089999998,16967.340000000,,38837.84,4076.03,,subdel,1,2,372,314,58,0,104,93,11,0,Entre 55 y 60 años,370.548181818,417.611182796,,104
7,Transportes y comunicaciones,BAJA CALIFORNIA,BAJA CALIFORNIA,Baja California,202507,MultiPolygon,43588.479999999,6728.420000000,,16718.27,1170.16,,subdel,1,2,172,149,23,0,43,41,2,0,Entre 60 y 65 años,585.08,407.762682927,,43
7,Transportes y comunicaciones,BAJA CALIFORNIA,BAJA CALIFORNIA,Baja California,202507,MultiPolygon,15212.090000000,1755.240000000,,4395.47,0,,subdel,1,2,58,52,6,0,11,11,0,0,Entre 65 y 70 años,,399.588181818,,11
7,Transportes y comunicaciones,BAJA CALIFORNIA,BAJA CALIFORNIA,Baja California,202507,MultiPolygon,2925.400000000,292.540000000,,795.08,0,,subdel,1,2,11,10,1,0,2,2,0,0,Entre 70 y 75 años,,397.54,,2
8,Servicios para empresas,BAJA CALIFORNIA SUR,BAJA CALIFORNIA SUR,Baja California Sur,202507,MultiPolygon,6202.300000000,557.600000000,,0,0,,subdel,1,3,24,22,2,0,0,0,0,0,75 años y más,,,,0
8,Servicios para empresas,BAJA CALIFORNIA SUR,BAJA CALIFORNIA SUR,Baja California Sur,202507,MultiPolygon,6243.520000000,557.600000000,,594.37,0,,subdel,1,3,24,22,2,0,2,2,0,0,Entre 15 y 20 años,,297.185,,2
8,Servicios para empresas,BAJA CALIFORNIA SUR,BAJA CALIFORNIA SUR,Baja California Sur,202507,MultiPolygon,63051.759999998,7024.960000000,,3821.06,0,,subdel,1,3,248,223,25,0,12,12,0,0,Entre 20 y 25 años,,318.421666667,,12
8,Servicios para empresas,BAJA CALIFORNIA SUR,BAJA CALIFORNIA SUR,Baja California Sur,202507,MultiPolygon,72699.839999997,9241.620000000,,4322.72,0,,subdel,1,3,291,258,33,0,14,14,0,0,Entre 25 y 30 años,,308.765714286,,14
8,Servicios para empresas,BAJA CALIFORNIA SUR,BAJA CALIFORNIA SUR,Baja California Sur,202507,MultiPolygon,65468.779999997,11750.820000000,,3398.23,278.8,,subdel,1,3,275,233,42,0,13,12,1,0,Entre 30 y 35 años,278.8,283.185833333,,13
8,Servicios para empresas,BAJA CALIFORNIA SUR,BAJA CALIFORNIA SUR,Baja California Sur,202507,MultiPolygon,55518.419999998,13131.079999999,,3345.6,278.8,,subdel,1,3,245,198,47,0,13,12,1,0,Entre 35 y 40 años,278.8,278.8,,13
8,Servicios para empresas,BAJA CALIFORNIA SUR,BAJA CALIFORNIA SUR,Baja California Sur,202507,MultiPolygon,37007.699999998,7248.800000000,,2230.4,0,,subdel,1,3,158,132,26,0,8,8,0,0,Entre 40 y 45 años,,278.8,,8
8,Servicios para empresas,BAJA CALIFORNIA SUR,BAJA CALIFORNIA SUR,Baja California Sur,202507,MultiPolygon,32546.899999999,5603.480000000,,1486.96,278.8,,subdel,1,3,136,116,20,0,6,5,1,0,Entre 45 y 50 años,278.8,297.392,,6
8,Servicios para empresas,BAJA CALIFORNIA SUR,BAJA CALIFORNIA SUR,Baja California Sur,202507,MultiPolygon,13994.959999999,2244.140000000,,1394,0,,subdel,1,3,58,50,8,0,5,5,0,0,Entre 50 y 55 años,,278.8,,5
8,Servicios para empresas,BAJA CALIFORNIA SUR,BAJA CALIFORNIA SUR,Baja California Sur,202507,MultiPolygon,6161.080000000,850.140000000,,1115.2,0,,subdel,1,3,25,22,3,0,4,4,0,0,Entre 55 y 60 años,,278.8,,4
8,Servicios para empresas,BAJA CALIFORNIA SUR,BAJA CALIFORNIA SUR,Baja California Sur,202507,MultiPolygon,5896.020000000,557.600000000,,681.12,0,,subdel,1,3,23,21,2,0,2,2,0,0,Entre 60 y 65 años,,340.56,,2
8,Servicios para empresas,BAJA CALIFORNIA SUR,BAJA CALIFORNIA SUR,Baja California Sur,202507,MultiPolygon,1672.800000000,,,0,,,subdel,1,3,6,6,0,0,0,0,0,0,Entre 65 y 70 años,,,,0
7,Transportes y comunicaciones,BAJA CALIFORNIA SUR,BAJA CALIFORNIA SUR,Baja California Sur,202507,MultiPolygon,43035.209999999,4095.560000000,,1511.71,0,,subdel,1,3,161,147,14,0,4,4,0,0,75 años y más,,377.9275,,4
7,Transportes y comunicaciones,BAJA CALIFORNIA SUR,BAJA CALIFORNIA SUR,Baja California Sur,202507,MultiPolygon,25743.519999999,3217.940000000,,1285.3,0,,subdel,1,3,99,88,11,0,3,3,0,0,Entre 15 y 20 años,,428.433333333,,3
7,Transportes y comunicaciones,BAJA CALIFORNIA SUR,BAJA CALIFORNIA SUR,Baja California Sur,202507,MultiPolygon,232948.689999994,26036.079999999,,26742.19,1421.8,,subdel,1,3,885,796,89,0,76,72,4,0,Entre 20 y 25 años,355.45,371.419305556,,76
7,Transportes y comunicaciones,BAJA CALIFORNIA SUR,BAJA CALIFORNIA SUR,Baja California Sur,202507,MultiPolygon,218382.879999995,38030.259999999,,31410.21,4782.71,,subdel,1,3,876,746,130,0,95,82,13,0,Entre 25 y 30 años,367.900769231,383.051341463,,95
7,Transportes y comunicaciones,BAJA CALIFORNIA SUR,BAJA CALIFORNIA SUR,Baja California Sur,202507,MultiPolygon,176415.739999996,33936.269999999,,31342.36,3412.36,,subdel,1,3,719,603,116,0,93,84,9,0,Entre 30 y 35 años,379.151111111,373.123333333,,93
7,Transportes y comunicaciones,BAJA CALIFORNIA SUR,BAJA CALIFORNIA SUR,Baja California Sur,202507,MultiPolygon,119648.949999997,25158.469999999,,21954.19,5114.76,,subdel,1,3,495,409,86,0,72,58,14,0,Entre 35 y 40 años,365.34,378.520517241,,72
7,Transportes y comunicaciones,BAJA CALIFORNIA SUR,BAJA CALIFORNIA SUR,Baja California Sur,202507,MultiPolygon,80465.039999998,16382.250000000,,14189.64,1912.98,,subdel,1,3,331,275,56,0,43,38,5,0,Entre 40 y 45 años,382.596,373.411578947,,43
7,Transportes y comunicaciones,BAJA CALIFORNIA SUR,BAJA CALIFORNIA SUR,Baja California Sur,202507,MultiPolygon,46513.889999999,11701.630000000,,15553.15,1482.72,,subdel,1,3,199,159,40,0,43,38,5,0,Entre 45 y 50 años,296.544,409.293421053,,43
7,Transportes y comunicaciones,BAJA CALIFORNIA SUR,BAJA CALIFORNIA SUR,Baja California Sur,202507,MultiPolygon,26621.169999999,5558.260000000,,10517.62,1040.88,,subdel,1,3,110,91,19,0,30,27,3,0,Entre 50 y 55 años,346.96,389.541481481,,30
7,Transportes y comunicaciones,BAJA CALIFORNIA SUR,BAJA CALIFORNIA SUR,Baja California Sur,202507,MultiPolygon,16674.780000000,2632.860000000,,5642.25,747.18,,subdel,1,3,66,57,9,0,15,13,2,0,Entre 55 y 60 años,373.59,434.019230769,,15
7,Transportes y comunicaciones,BAJA CALIFORNIA SUR,BAJA CALIFORNIA SUR,Baja California Sur,202507,MultiPolygon,7313.500000000,877.630000000,,2874.55,292.55,,subdel,1,3,28,25,3,0,8,7,1,0,Entre 60 y 65 años,292.55,410.65,,8
7,Transportes y comunicaciones,BAJA CALIFORNIA SUR,BAJA CALIFORNIA SUR,Baja California Sur,202507,MultiPolygon,3510.480000000,292.540000000,,1212.32,0,,subdel,1,3,13,12,1,0,3,3,0,0,Entre 65 y 70 años,,404.106666667,,3
8,Servicios para empresas,CAMPECHE,CAMPECHE,Campeche,202507,MultiPolygon,8990.300000000,,,0,,,subdel,1,4,32,32,0,0,0,0,0,0,75 años y más,,,,0
8,Servicios para empresas,CAMPECHE,CAMPECHE,Campeche,202507,MultiPolygon,1142.680000000,,,0,,,subdel,1,4,4,4,0,0,0,0,0,0,Entre 15 y 20 años,,,,0
8,Servicios para empresas,CAMPECHE,CAMPECHE,Campeche,202507,MultiPolygon,70569.619999997,3916.940000000,,2973.21,0,,subdel,1,4,265,251,14,0,10,10,0,0,Entre 20 y 25 años,,297.321,,10
8,Servicios para empresas,CAMPECHE,CAMPECHE,Campeche,202507,MultiPolygon,135887.259999995,15082.679999999,,6970,0,,subdel,1,4,538,484,54,0,25,25,0,0,Entre 25 y 30 años,,278.8,,25
8,Servicios para empresas,CAMPECHE,CAMPECHE,Campeche,202507,MultiPolygon,152381.679999994,17313.079999999,,16293.14,1115.2,,subdel,1,4,606,544,62,0,61,57,4,0,Entre 30 y 35 años,278.8,285.844561404,,61
8,Servicios para empresas,CAMPECHE,CAMPECHE,Campeche,202507,MultiPolygon,138610.559999994,16476.679999999,,11709.6,557.6,,subdel,1,4,554,495,59,0,44,42,2,0,Entre 35 y 40 años,278.8,278.8,,44
8,Servicios para empresas,CAMPECHE,CAMPECHE,Campeche,202507,MultiPolygon,89143.299999996,10370.560000000,,11988.4,292.54,,subdel,1,4,356,319,37,0,44,43,1,0,Entre 40 y 45 años,292.54,278.8,,44
8,Servicios para empresas,CAMPECHE,CAMPECHE,Campeche,202507,MultiPolygon,45289.259999998,5576.000000000,,7352.31,278.8,,subdel,1,4,182,162,20,0,26,25,1,0,Entre 45 y 50 años,278.8,294.0924,,26
8,Servicios para empresas,CAMPECHE,CAMPECHE,Campeche,202507,MultiPolygon,35028.619999999,5854.800000000,,3066.8,278.8,,subdel,1,4,146,125,21,0,12,11,1,0,Entre 50 y 55 años,278.8,278.8,,12
8,Servicios para empresas,CAMPECHE,CAMPECHE,Campeche,202507,MultiPolygon,19849.759999999,2788.000000000,,2788,0,,subdel,1,4,81,71,10,0,10,10,0,0,Entre 55 y 60 años,,278.8,,10
8,Servicios para empresas,CAMPECHE,CAMPECHE,Campeche,202507,MultiPolygon,8085.200000000,,,278.8,,,subdel,1,4,29,29,0,0,1,1,0,0,Entre 60 y 65 años,,278.8,,1
8,Servicios para empresas,CAMPECHE,CAMPECHE,Campeche,202507,MultiPolygon,2788.000000000,,,0,,,subdel,1,4,10,10,0,0,0,0,0,0,Entre 65 y 70 años,,,,0
8,Servicios para empresas,CAMPECHE,CAMPECHE,Campeche,202507,MultiPolygon,571.340000000,,,0,,,subdel,1,4,2,2,0,0,0,0,0,0,Entre 70 y 75 años,,,,0
7,Transportes y comunicaciones,CAMPECHE,CAMPECHE,Campeche,202507,MultiPolygon,46279.679999999,4095.560000000,,347.97,0,,subdel,1,4,172,158,14,0,1,1,0,0,75 años y más,,347.97,,1
7,Transportes y comunicaciones,CAMPECHE,CAMPECHE,Campeche,202507,MultiPolygon,25161.939999999,2925.400000000,,597.91,0,,subdel,1,4,96,86,10,0,2,2,0,0,Entre 15 y 20 años,,298.955,,2
7,Transportes y comunicaciones,CAMPECHE,CAMPECHE,Campeche,202507,MultiPolygon,257555.919999994,24028.089999999,,5485.27,292.55,,subdel,1,4,962,880,82,0,17,16,1,0,Entre 20 y 25 años,292.55,342.829375,,17
7,Transportes y comunicaciones,CAMPECHE,CAMPECHE,Campeche,202507,MultiPolygon,309241.569999993,40703.029999999,,17034.23,900.94,,subdel,1,4,1196,1057,139,0,50,48,2,0,Entre 25 y 30 años,450.47,354.879791667,,50
7,Transportes y comunicaciones,CAMPECHE,CAMPECHE,Campeche,202507,MultiPolygon,266406.739999993,37740.999999999,,23178.17,3300.37,,subdel,1,4,1039,910,129,0,76,65,11,0,Entre 30 y 35 años,300.033636364,356.587230769,,76
7,Transportes y comunicaciones,CAMPECHE,CAMPECHE,Campeche,202507,MultiPolygon,204528.989999995,25169.159999999,,27933.18,3331.31,,subdel,1,4,785,699,86,0,81,70,11,0,Entre 35 y 40 años,302.846363636,399.045428571,,81
7,Transportes y comunicaciones,CAMPECHE,CAMPECHE,Campeche,202507,MultiPolygon,127896.329999997,21648.019999999,,25349.52,2369.69,,subdel,1,4,511,437,74,0,70,62,8,0,Entre 40 y 45 años,296.21125,408.863225806,,70
7,Transportes y comunicaciones,CAMPECHE,CAMPECHE,Campeche,202507,MultiPolygon,76666.859999998,8191.230000000,,13316.14,1266.4,,subdel,1,4,290,262,28,0,41,37,4,0,Entre 45 y 50 años,316.6,359.895675676,,41
7,Transportes y comunicaciones,CAMPECHE,CAMPECHE,Campeche,202507,MultiPolygon,51194.509999999,7020.980000000,,11879.45,925.69,,subdel,1,4,199,175,24,0,32,29,3,0,Entre 50 y 55 años,308.563333333,409.636206897,,32
7,Transportes y comunicaciones,CAMPECHE,CAMPECHE,Campeche,202507,MultiPolygon,35689.909999999,3803.020000000,,8912.08,876.1,,subdel,1,4,135,122,13,0,23,21,2,0,Entre 55 y 60 años,438.05,424.384761905,,23
7,Transportes y comunicaciones,CAMPECHE,CAMPECHE,Campeche,202507,MultiPolygon,13164.300000000,292.540000000,,2616.56,1073.11,,subdel,1,4,46,45,1,0,7,6,1,0,Entre 60 y 65 años,1073.11,436.093333333,,7
7,Transportes y comunicaciones,CAMPECHE,CAMPECHE,Campeche,202507,MultiPolygon,3217.940000000,292.540000000,,473.19,0,,subdel,1,4,12,11,1,0,1,1,0,0,Entre 65 y 70 años,,473.19,,1
7,Transportes y comunicaciones,CAMPECHE,CAMPECHE,Campeche,202507,MultiPolygon,2047.780000000,,,1182.11,,,subdel,1,4,7,7,0,0,3,3,0,0,Entre 70 y 75 años,,394.036666667,,3
8,Servicios para empresas,CHIAPAS,CHIAPAS,Chiapas,202507,MultiPolygon,7231.060000000,,,0,,,subdel,1,7,25,25,0,0,0,0,0,0,75 años y más,,,,0
8,Servicios para empresas,CHIAPAS,CHIAPAS,Chiapas,202507,MultiPolygon,3706.840000000,,,278.8,,,subdel,1,7,13,13,0,0,1,1,0,0,Entre 15 y 20 años,,278.8,,1
8,Servicios para empresas,CHIAPAS,CHIAPAS,Chiapas,202507,MultiPolygon,111042.059999996,4319.400000000,,6112.3,350.46,,subdel,1,7,402,387,15,0,20,19,1,0,Entre 20 y 25 años,350.46,321.7,,20
8,Servicios para empresas,CHIAPAS,CHIAPAS,Chiapas,202507,MultiPolygon,171199.899999994,7386.200000000,,6618.11,0,,subdel,1,7,627,601,26,0,21,21,0,0,Entre 25 y 30 años,,315.148095238,,21
8,Servicios para empresas,CHIAPAS,CHIAPAS,Chiapas,202507,MultiPolygon,172075.779999994,10215.420000000,,14130.38,278.8,,subdel,1,7,643,607,36,0,45,44,1,0,Entre 30 y 35 años,278.8,321.145,,45
8,Servicios para empresas,CHIAPAS,CHIAPAS,Chiapas,202507,MultiPolygon,147557.379999994,5937.240000000,,8797.07,278.8,,subdel,1,7,544,523,21,0,32,31,1,0,Entre 35 y 40 años,278.8,283.776451613,,32
8,Servicios para empresas,CHIAPAS,CHIAPAS,Chiapas,202507,MultiPolygon,98806.859999996,3706.840000000,,7334.67,557.6,,subdel,1,7,364,351,13,0,26,24,2,0,Entre 40 y 45 años,278.8,305.61125,,26
8,Servicios para empresas,CHIAPAS,CHIAPAS,Chiapas,202507,MultiPolygon,66903.999999997,2564.160000000,,6873.18,0,,subdel,1,7,247,238,9,0,23,23,0,0,Entre 45 y 50 años,,298.833913043,,23
8,Servicios para empresas,CHIAPAS,CHIAPAS,Chiapas,202507,MultiPolygon,29686.199999999,2257.880000000,,2999.5,0,,subdel,1,7,113,105,8,0,10,10,0,0,Entre 50 y 55 años,,299.95,,10
8,Servicios para empresas,CHIAPAS,CHIAPAS,Chiapas,202507,MultiPolygon,15247.559999999,278.800000000,,1394,0,,subdel,1,7,55,54,1,0,5,5,0,0,Entre 55 y 60 años,,278.8,,5
8,Servicios para empresas,CHIAPAS,CHIAPAS,Chiapas,202507,MultiPolygon,7888.840000000,,,1394,,,subdel,1,7,28,28,0,0,5,5,0,0,Entre 60 y 65 años,,278.8,,5
8,Servicios para empresas,CHIAPAS,CHIAPAS,Chiapas,202507,MultiPolygon,1714.020000000,,,335.79,,,subdel,1,7,6,6,0,0,1,1,0,0,Entre 65 y 70 años,,335.79,,1
8,Servicios para empresas,CHIAPAS,CHIAPAS,Chiapas,202507,MultiPolygon,1686.540000000,,,635.9,,,subdel,1,7,6,6,0,0,2,2,0,0,Entre 70 y 75 años,,317.95,,2
7,Transportes y comunicaciones,CHIAPAS,CHIAPAS,Chiapas,202507,MultiPolygon,168097.849999996,18790.390000000,,4600.94,630.75,,subdel,1,7,638,574,64,0,15,13,2,0,75 años y más,315.375,353.918461538,,15
7,Transportes y comunicaciones,CHIAPAS,CHIAPAS,Chiapas,202507,MultiPolygon,99262.639999998,6728.420000000,,3231.63,0,,subdel,1,7,362,339,23,0,8,8,0,0,Entre 15 y 20 años,,403.95375,,8
7,Transportes y comunicaciones,CHIAPAS,CHIAPAS,Chiapas,202507,MultiPolygon,1208062.25999997,97158.069999998,,71136.7,3914.82,,subdel,1,7,4459,4127,332,0,191,181,10,0,Entre 20 y 25 años,391.482,393.020441989,,191
7,Transportes y comunicaciones,CHIAPAS,CHIAPAS,Chiapas,202507,MultiPolygon,1584222.65999996,153372.159999996,,158065.8,7666.89,,subdel,1,7,5938,5414,524,0,419,396,23,0,Entre 25 y 30 años,333.343043478,399.156060606,,419
7,Transportes y comunicaciones,CHIAPAS,CHIAPAS,Chiapas,202507,MultiPolygon,1278989.72999997,136098.969999997,,164983.75,8431.53,,subdel,1,7,4836,4371,465,0,449,424,25,0,Entre 30 y 35 años,337.2612,389.112617925,,449
7,Transportes y comunicaciones,CHIAPAS,CHIAPAS,Chiapas,202507,MultiPolygon,916376.979999978,83687.449999998,,166414.26,10076.16,,subdel,1,7,3418,3132,286,0,447,417,30,0,Entre 35 y 40 años,335.872,399.074964029,,447
7,Transportes y comunicaciones,CHIAPAS,CHIAPAS,Chiapas,202507,MultiPolygon,578768.619999986,59686.229999999,,104393,5316.53,,subdel,1,7,2182,1978,204,0,280,265,15,0,Entre 40 y 45 años,354.435333333,393.935849057,,280
7,Transportes y comunicaciones,CHIAPAS,CHIAPAS,Chiapas,202507,MultiPolygon,335004.129999992,36612.609999999,,76157.61,3362.27,,subdel,1,7,1270,1145,125,0,201,192,9,0,Entre 45 y 50 años,373.585555556,396.65421875,,201
7,Transportes y comunicaciones,CHIAPAS,CHIAPAS,Chiapas,202507,MultiPolygon,191911.899999995,23988.329999999,,57108.46,4110.55,,subdel,1,7,738,656,82,0,153,141,12,0,Entre 50 y 55 años,342.545833333,405.024539007,,153
7,Transportes y comunicaciones,CHIAPAS,CHIAPAS,Chiapas,202507,MultiPolygon,114119.889999997,9068.760000000,,34455.84,1354.81,,subdel,1,7,421,390,31,0,89,85,4,0,Entre 55 y 60 años,338.7025,405.362823529,,89
7,Transportes y comunicaciones,CHIAPAS,CHIAPAS,Chiapas,202507,MultiPolygon,46806.419999999,3528.790000000,,8579.1,0,,subdel,1,7,172,160,12,0,24,24,0,0,Entre 60 y 65 años,,357.4625,,24
7,Transportes y comunicaciones,CHIAPAS,CHIAPAS,Chiapas,202507,MultiPolygon,16674.790000000,1170.160000000,,2967.95,0,,subdel,1,7,61,57,4,0,8,8,0,0,Entre 65 y 70 años,,370.99375,,8
7,Transportes y comunicaciones,CHIAPAS,CHIAPAS,Chiapas,202507,MultiPolygon,2925.400000000,292.540000000,,720.12,0,,subdel,1,7,11,10,1,0,2,2,0,0,Entre 70 y 75 años,,360.06,,2
8,Servicios para empresas,CHIHUAHUA,CHIHUAHUA,Chihuahua,202507,Polygon,22437.399999999,1992.820000000,,278.8,0,,subdel,1,8,86,79,7,0,1,1,0,0,75 años y más,,278.8,,1
8,Servicios para empresas,CHIHUAHUA,CHIHUAHUA,Chihuahua,202507,Polygon,37419.899999999,3149.240000000,,278.8,0,,subdel,1,8,143,132,11,0,1,1,0,0,Entre 15 y 20 años,,278.8,,1
8,Servicios para empresas,CHIHUAHUA,CHIHUAHUA,Chihuahua,202507,Polygon,357579.179999987,42991.899999999,,8508.8,1030.16,,subdel,1,8,1414,1263,151,0,32,29,3,0,Entre 20 y 25 años,343.386666667,293.406896552,,32
8,Servicios para empresas,CHIHUAHUA,CHIHUAHUA,Chihuahua,202507,Polygon,443879.519999983,58673.399999998,,26261.27,1512.94,,subdel,1,8,1779,1572,207,0,92,87,5,0,Entre 25 y 30 años,302.588,301.853678161,,92
8,Servicios para empresas,CHIHUAHUA,CHIHUAHUA,Chihuahua,202507,Polygon,445303.259999983,74244.979999997,,24890.22,2540.23,,subdel,1,8,1844,1581,263,0,93,84,9,0,Entre 30 y 35 años,282.247777778,296.312142857,,93
8,Servicios para empresas,CHIHUAHUA,CHIHUAHUA,Chihuahua,202507,Polygon,338104.919999987,55693.039999998,,24854.03,3169.91,,subdel,1,8,1397,1200,197,0,93,83,10,0,Entre 35 y 40 años,316.991,299.446144578,,93
8,Servicios para empresas,CHIHUAHUA,CHIHUAHUA,Chihuahua,202507,Polygon,222825.379999991,39220.359999999,,15131.48,1979.08,,subdel,1,8,930,791,139,0,58,51,7,0,Entre 40 y 45 años,282.725714286,296.695686275,,58
8,Servicios para empresas,CHIHUAHUA,CHIHUAHUA,Chihuahua,202507,Polygon,166168.279999994,27135.779999999,,13690.53,950.19,,subdel,1,8,686,590,96,0,51,48,3,0,Entre 45 y 50 años,316.73,285.219375,,51
8,Servicios para empresas,CHIHUAHUA,CHIHUAHUA,Chihuahua,202507,Polygon,109676.059999996,16290.059999999,,14679.9,278.8,,subdel,1,8,446,389,57,0,50,49,1,0,Entre 50 y 55 años,278.8,299.589795918,,50
8,Servicios para empresas,CHIHUAHUA,CHIHUAHUA,Chihuahua,202507,Polygon,69116.659999997,7733.700000000,,6295.37,906.84,,subdel,1,8,272,245,27,0,25,22,3,0,Entre 55 y 60 años,302.28,286.153181818,,25
8,Servicios para empresas,CHIHUAHUA,CHIHUAHUA,Chihuahua,202507,Polygon,36711.159999999,2312.840000000,,2566.45,0,,subdel,1,8,138,130,8,0,9,9,0,0,Entre 60 y 65 años,,285.161111111,,9
8,Servicios para empresas,CHIHUAHUA,CHIHUAHUA,Chihuahua,202507,Polygon,13574.759999999,292.540000000,,854.35,0,,subdel,1,8,49,48,1,0,3,3,0,0,Entre 65 y 70 años,,284.783333333,,3
8,Servicios para empresas,CHIHUAHUA,CHIHUAHUA,Chihuahua,202507,Polygon,2020.300000000,,,0,,,subdel,1,8,7,7,0,0,0,0,0,0,Entre 70 y 75 años,,,,0
7,Transportes y comunicaciones,CHIHUAHUA,CHIHUAHUA,Chihuahua,202507,Polygon,151103.399999996,30183.509999999,,8420.93,0,,subdel,1,8,619,516,103,0,24,24,0,0,75 años y más,,350.872083333,,24
7,Transportes y comunicaciones,CHIHUAHUA,CHIHUAHUA,Chihuahua,202507,Polygon,258540.639999994,38720.439999999,,16757.6,680.57,,subdel,1,8,1015,883,132,0,46,44,2,0,Entre 15 y 20 años,340.285,380.854545455,,46
7,Transportes y comunicaciones,CHIHUAHUA,CHIHUAHUA,Chihuahua,202507,Polygon,1712850.58999996,344315.909999992,,144244.71,8098.29,,subdel,1,8,7029,5853,1176,0,412,386,26,0,Entre 20 y 25 años,311.472692308,373.690958549,,412
7,Transportes y comunicaciones,CHIHUAHUA,CHIHUAHUA,Chihuahua,202507,Polygon,1750580.53999996,412143.45999999,,228675.24,28519.96,,subdel,1,8,7391,5983,1408,0,676,596,80,0,Entre 25 y 30 años,356.4995,383.683288591,,676
7,Transportes y comunicaciones,CHIHUAHUA,CHIHUAHUA,Chihuahua,202507,Polygon,1546504.45999996,386919.999999991,,267269.88,33022.46,,subdel,1,8,6607,5285,1322,0,778,685,93,0,Entre 30 y 35 años,355.080215054,390.175007299,,778
7,Transportes y comunicaciones,CHIHUAHUA,CHIHUAHUA,Chihuahua,202507,Polygon,1071324.40999997,281492.409999993,,226708.17,31758.01,,subdel,1,8,4623,3661,962,0,659,568,91,0,Entre 35 y 40 años,348.989120879,399.134102113,,659
7,Transportes y comunicaciones,CHIHUAHUA,CHIHUAHUA,Chihuahua,202507,Polygon,715700.579999983,183448.479999995,,165478.21,25187.04,,subdel,1,8,3073,2446,627,0,486,415,71,0,Entre 40 y 45 años,354.747042254,398.742674699,,486
7,Transportes y comunicaciones,CHIHUAHUA,CHIHUAHUA,Chihuahua,202507,Polygon,484557.869999988,121404.199999997,,140969.61,15804.67,,subdel,1,8,2071,1656,415,0,386,344,42,0,Entre 45 y 50 años,376.301666667,409.795377907,,386
7,Transportes y comunicaciones,CHIHUAHUA,CHIHUAHUA,Chihuahua,202507,Polygon,318908.579999992,80533.519999998,,116343.1,10993.95,,subdel,1,8,1365,1090,275,0,313,283,30,0,Entre 50 y 55 años,366.465,411.106360424,,313
7,Transportes y comunicaciones,CHIHUAHUA,CHIHUAHUA,Chihuahua,202507,Polygon,228515.719999994,36274.989999999,,85541.49,4067.57,,subdel,1,8,905,781,124,0,215,203,12,0,Entre 55 y 60 años,338.964166667,421.386650246,,215
7,Transportes y comunicaciones,CHIHUAHUA,CHIHUAHUA,Chihuahua,202507,Polygon,111457.799999997,17259.880000000,,33273.43,2508.8,,subdel,1,8,440,381,59,0,92,86,6,0,Entre 60 y 65 años,418.133333333,386.900348837,,92
7,Transportes y comunicaciones,CHIHUAHUA,CHIHUAHUA,Chihuahua,202507,Polygon,44466.099999999,3510.480000000,,15971.38,312.76,,subdel,1,8,164,152,12,0,42,41,1,0,Entre 65 y 70 años,312.76,389.545853659,,42
7,Transportes y comunicaciones,CHIHUAHUA,CHIHUAHUA,Chihuahua,202507,Polygon,10238.900000000,292.540000000,,2712.86,0,,subdel,1,8,36,35,1,0,7,7,0,0,Entre 70 y 75 años,,387.551428571,,7
8,Servicios para empresas,CIUDAD DE MÉXICO,CIUDAD DE MÉXICO,Ciudad de México,202507,Polygon,110605.859999997,3775.540000000,,3047.36,0,,subdel,1,9,394,381,13,0,8,8,0,0,75 años y más,,380.92,,8
8,Servicios para empresas,CIUDAD DE MÉXICO,CIUDAD DE MÉXICO,Ciudad de México,202507,Polygon,47660.539999999,2034.040000000,,626.47,0,,subdel,1,9,171,164,7,0,2,2,0,0,Entre 15 y 20 años,,313.235,,2
8,Servicios para empresas,CIUDAD DE MÉXICO,CIUDAD DE MÉXICO,Ciudad de México,202507,Polygon,963407.259999973,45027.679999999,,21855.51,711.86,,subdel,1,9,3480,3325,155,0,71,69,2,0,Entre 20 y 25 años,355.93,316.746521739,,71
8,Servicios para empresas,CIUDAD DE MÉXICO,CIUDAD DE MÉXICO,Ciudad de México,202507,Polygon,1438715.17999996,88806.759999997,,51209.31,687.31,,subdel,1,9,5298,4991,307,0,161,159,2,0,Entre 25 y 30 años,343.655,322.071132075,,161
8,Servicios para empresas,CIUDAD DE MÉXICO,CIUDAD DE MÉXICO,Ciudad de México,202507,Polygon,1572700.39999995,106797.099999997,,81127.04,2831.36,,subdel,1,9,5871,5501,370,0,273,264,9,0,Entre 30 y 35 años,314.595555556,307.299393939,,273
8,Servicios para empresas,CIUDAD DE MÉXICO,CIUDAD DE MÉXICO,Ciudad de México,202507,Polygon,1524607.99999995,101315.539999997,,86017.31,3759.52,,subdel,1,9,5716,5363,353,0,301,289,12,0,Entre 35 y 40 años,313.293333333,297.637750865,,301
8,Servicios para empresas,CIUDAD DE MÉXICO,CIUDAD DE MÉXICO,Ciudad de México,202507,Polygon,1387307.07999995,87291.359999997,,94966.25,1584.21,,subdel,1,9,5206,4900,306,0,326,321,5,0,Entre 40 y 45 años,316.842,295.845015576,,326
8,Servicios para empresas,CIUDAD DE MÉXICO,CIUDAD DE MÉXICO,Ciudad de México,202507,Polygon,1061615.79999996,79416.259999997,,68761.69,2197.89,,subdel,1,9,4038,3760,278,0,244,237,7,0,Entre 45 y 50 años,313.984285714,290.133713080,,244
8,Servicios para empresas,CIUDAD DE MÉXICO,CIUDAD DE MÉXICO,Ciudad de México,202507,Polygon,864012.339999967,63738.759999998,,63093.04,3259.25,,subdel,1,9,3287,3064,223,0,227,216,11,0,Entre 50 y 55 años,296.295454545,292.097407407,,227
8,Servicios para empresas,CIUDAD DE MÉXICO,CIUDAD DE MÉXICO,Ciudad de México,202507,Polygon,481977.199999981,38599.799999999,,43313.51,850.67,,subdel,1,9,1847,1712,135,0,153,150,3,0,Entre 55 y 60 años,283.556666667,288.756733333,,153
8,Servicios para empresas,CIUDAD DE MÉXICO,CIUDAD DE MÉXICO,Ciudad de México,202507,Polygon,242551.47999999,11175.480000000,,15181.62,0,,subdel,1,9,901,862,39,0,54,54,0,0,Entre 60 y 65 años,,281.141111111,,54
8,Servicios para empresas,CIUDAD DE MÉXICO,CIUDAD DE MÉXICO,Ciudad de México,202507,Polygon,95543.699999996,3149.240000000,,5492.28,0,,subdel,1,9,350,339,11,0,19,19,0,0,Entre 65 y 70 años,,289.067368421,,19
8,Servicios para empresas,CIUDAD DE MÉXICO,CIUDAD DE MÉXICO,Ciudad de México,202507,Polygon,25938.139999999,863.880000000,,557.6,0,,subdel,1,9,95,92,3,0,2,2,0,0,Entre 70 y 75 años,,278.8,,2
7,Transportes y comunicaciones,CIUDAD DE MÉXICO,CIUDAD DE MÉXICO,Ciudad de México,202507,Polygon,1571021.22999996,224510.019999995,,44950.79,2567.79,,subdel,1,9,6131,5365,766,0,145,137,8,0,75 años y más,320.97375,328.107956204,,145
7,Transportes y comunicaciones,CIUDAD DE MÉXICO,CIUDAD DE MÉXICO,Ciudad de México,202507,Polygon,709930.249999983,78159.819999998,,21892.05,0,,subdel,1,9,2692,2425,267,0,65,65,0,0,Entre 15 y 20 años,,336.800769231,,65
7,Transportes y comunicaciones,CIUDAD DE MÉXICO,CIUDAD DE MÉXICO,Ciudad de México,202507,Polygon,8952690.95999978,1153002.31999997,292.540000000,368541.11,31650.25,0,subdel,1,9,34534,30594,3939,1,1193,1094,99,0,Entre 20 y 25 años,319.699494949,336.874872029,,1193
7,Transportes y comunicaciones,CIUDAD DE MÉXICO,CIUDAD DE MÉXICO,Ciudad de México,202507,Polygon,10987665.3399997,1420169.40999997,,794217.3,68309.11,,subdel,1,9,42402,37551,4851,0,2520,2301,219,0,Entre 25 y 30 años,311.913744292,345.161799218,,2520
7,Transportes y comunicaciones,CIUDAD DE MÉXICO,CIUDAD DE MÉXICO,Ciudad de México,202507,Polygon,10885172.1599997,1400794.56999997,,1149888.46,99372.42,,subdel,1,9,41988,37202,4786,0,3576,3263,313,0,Entre 30 y 35 años,317.483769968,352.402224946,,3576
7,Transportes y comunicaciones,CIUDAD DE MÉXICO,CIUDAD DE MÉXICO,Ciudad de México,202507,Polygon,9624920.04999977,1132763.94999997,,1363114.54,102803.99,,subdel,1,9,36768,32897,3871,0,4110,3787,323,0,Entre 35 y 40 años,318.278606811,359.945745973,,4110
7,Transportes y comunicaciones,CIUDAD DE MÉXICO,CIUDAD DE MÉXICO,Ciudad de México,202507,Polygon,8530885.20999979,919634.209999977,,1556762.38,99464.03,,subdel,1,9,32300,29158,3142,0,4508,4194,314,0,Entre 40 y 45 años,316.764426752,371.187978064,,4508
7,Transportes y comunicaciones,CIUDAD DE MÉXICO,CIUDAD DE MÉXICO,Ciudad de México,202507,Polygon,5651498.74999986,694444.689999983,,1330984.57,106640.01,,subdel,1,9,21690,19317,2373,0,3906,3580,326,0,Entre 45 y 50 años,327.116595092,371.783399441,,3906
7,Transportes y comunicaciones,CIUDAD DE MÉXICO,CIUDAD DE MÉXICO,Ciudad de México,202507,Polygon,4395915.06999989,500991.089999988,,1242318.78,71912.24,,subdel,1,9,16738,15026,1712,0,3481,3261,220,0,Entre 50 y 55 años,326.873818182,380.962520699,,3481
7,Transportes y comunicaciones,CIUDAD DE MÉXICO,CIUDAD DE MÉXICO,Ciudad de México,202507,Polygon,2779608.41999993,276218.629999993,,834569,48511.21,,subdel,1,9,10445,9501,944,0,2350,2203,147,0,Entre 55 y 60 años,330.008231293,378.832955061,,2350
7,Transportes y comunicaciones,CIUDAD DE MÉXICO,CIUDAD DE MÉXICO,Ciudad de México,202507,Polygon,1483819.18999996,112072.169999997,,409572.38,12692.29,,subdel,1,9,5455,5072,383,0,1148,1108,40,0,Entre 60 y 65 años,317.30725,369.650162455,,1148
7,Transportes y comunicaciones,CIUDAD DE MÉXICO,CIUDAD DE MÉXICO,Ciudad de México,202507,Polygon,557892.569999986,38030.199999999,,127099.87,3735.66,,subdel,1,9,2037,1907,130,0,357,347,10,0,Entre 65 y 70 años,373.566,366.282046110,,357
7,Transportes y comunicaciones,CIUDAD DE MÉXICO,CIUDAD DE MÉXICO,Ciudad de México,202507,Polygon,148610.359999996,14049.040000000,,33386.71,292.55,,subdel,1,9,556,508,48,0,92,91,1,0,Entre 70 y 75 años,292.55,366.886923077,,92
8,Servicios para empresas,COAHUILA DE ZARAGOZA,COAHUILA DE ZARAGOZA,Coahuila de Zaragoza,202507,Polygon,19360.859999999,557.600000000,,1951.6,0,,subdel,1,5,71,69,2,0,7,7,0,0,75 años y más,,278.8,,7
8,Servicios para empresas,COAHUILA DE ZARAGOZA,COAHUILA DE ZARAGOZA,Coahuila de Zaragoza,202507,Polygon,26970.899999999,278.800000000,,1394,0,,subdel,1,5,97,96,1,0,5,5,0,0,Entre 15 y 20 años,,278.8,,5
8,Servicios para empresas,COAHUILA DE ZARAGOZA,COAHUILA DE ZARAGOZA,Coahuila de Zaragoza,202507,Polygon,316378.519999987,17660.579999999,,28071.62,836.4,,subdel,1,5,1190,1127,63,0,103,100,3,0,Entre 20 y 25 años,278.8,280.7162,,103
8,Servicios para empresas,COAHUILA DE ZARAGOZA,COAHUILA DE ZARAGOZA,Coahuila de Zaragoza,202507,Polygon,501666.599999979,33063.279999999,,52676.61,1951.6,,subdel,1,5,1909,1791,118,0,195,188,7,0,Entre 25 y 30 años,278.8,280.194734043,,195
8,Servicios para empresas,COAHUILA DE ZARAGOZA,COAHUILA DE ZARAGOZA,Coahuila de Zaragoza,202507,Polygon,615589.879999974,60148.099999997,,84435.06,4460.8,,subdel,1,5,2416,2201,215,0,317,301,16,0,Entre 30 y 35 años,278.8,280.515149502,,317
8,Servicios para empresas,COAHUILA DE ZARAGOZA,COAHUILA DE ZARAGOZA,Coahuila de Zaragoza,202507,Polygon,511061.619999979,45833.119999998,,75441.66,3624.4,,subdel,1,5,1992,1828,164,0,281,268,13,0,Entre 35 y 40 años,278.8,281.498731343,,281
8,Servicios para empresas,COAHUILA DE ZARAGOZA,COAHUILA DE ZARAGOZA,Coahuila de Zaragoza,202507,Polygon,403042.359999983,38040.459999998,,57173.66,4182,,subdel,1,5,1577,1441,136,0,218,203,15,0,Entre 40 y 45 años,278.8,281.643645320,,218
8,Servicios para empresas,COAHUILA DE ZARAGOZA,COAHUILA DE ZARAGOZA,Coahuila de Zaragoza,202507,Polygon,276324.019999988,23529.119999999,,46990.83,1394,,subdel,1,5,1073,989,84,0,173,168,5,0,Entre 45 y 50 años,278.8,279.707321429,,173
8,Servicios para empresas,COAHUILA DE ZARAGOZA,COAHUILA DE ZARAGOZA,Coahuila de Zaragoza,202507,Polygon,165754.339999993,10343.080000000,,28026.33,836.4,,subdel,1,5,630,593,37,0,103,100,3,0,Entre 50 y 55 años,278.8,280.2633,,103
8,Servicios para empresas,COAHUILA DE ZARAGOZA,COAHUILA DE ZARAGOZA,Coahuila de Zaragoza,202507,Polygon,104239.719999996,5882.280000000,,17253.23,278.8,,subdel,1,5,394,373,21,0,62,61,1,0,Entre 55 y 60 años,278.8,282.839836066,,62
8,Servicios para empresas,COAHUILA DE ZARAGOZA,COAHUILA DE ZARAGOZA,Coahuila de Zaragoza,202507,Polygon,53708.219999998,3094.280000000,,8941.85,278.8,,subdel,1,5,203,192,11,0,33,32,1,0,Entre 60 y 65 años,278.8,279.4328125,,33
8,Servicios para empresas,COAHUILA DE ZARAGOZA,COAHUILA DE ZARAGOZA,Coahuila de Zaragoza,202507,Polygon,14008.699999999,,,2509.2,,,subdel,1,5,50,50,0,0,9,9,0,0,Entre 65 y 70 años,,278.8,,9
8,Servicios para empresas,COAHUILA DE ZARAGOZA,COAHUILA DE ZARAGOZA,Coahuila de Zaragoza,202507,Polygon,2801.740000000,,,557.6,,,subdel,1,5,10,10,0,0,2,2,0,0,Entre 70 y 75 años,,278.8,,2
7,Transportes y comunicaciones,COAHUILA DE ZARAGOZA,COAHUILA DE ZARAGOZA,Coahuila de Zaragoza,202507,Polygon,97724.749999998,15526.480000000,,4900.32,0,,subdel,1,5,387,334,53,0,13,13,0,0,75 años y más,,376.947692308,,13
7,Transportes y comunicaciones,COAHUILA DE ZARAGOZA,COAHUILA DE ZARAGOZA,Coahuila de Zaragoza,202507,Polygon,162175.969999996,20185.260000000,,8342.84,631.71,,subdel,1,5,623,554,69,0,22,21,1,0,Entre 15 y 20 años,631.71,397.278095238,,22
7,Transportes y comunicaciones,COAHUILA DE ZARAGOZA,COAHUILA DE ZARAGOZA,Coahuila de Zaragoza,202507,Polygon,1015219.31999998,129739.309999997,,81497.77,8426.96,,subdel,1,5,3912,3469,443,0,241,218,23,0,Entre 20 y 25 años,366.389565217,373.842981651,,241
7,Transportes y comunicaciones,COAHUILA DE ZARAGOZA,COAHUILA DE ZARAGOZA,Coahuila de Zaragoza,202507,Polygon,1163076.70999997,160068.719999996,,140089.63,14307.4,,subdel,1,5,4522,3975,547,0,416,372,44,0,Entre 25 y 30 años,325.168181818,376.585026882,,416
7,Transportes y comunicaciones,COAHUILA DE ZARAGOZA,COAHUILA DE ZARAGOZA,Coahuila de Zaragoza,202507,Polygon,1097227.67999997,165369.209999996,,175986.73,17137.64,,subdel,1,5,4315,3750,565,0,500,446,54,0,Entre 30 y 35 años,317.363703704,394.589080717,,500
7,Transportes y comunicaciones,COAHUILA DE ZARAGOZA,COAHUILA DE ZARAGOZA,Coahuila de Zaragoza,202507,Polygon,842024.289999979,145685.229999996,,151556.15,19830.7,,subdel,1,5,3376,2878,498,0,450,393,57,0,Entre 35 y 40 años,347.907017544,385.639058524,,450
7,Transportes y comunicaciones,COAHUILA DE ZARAGOZA,COAHUILA DE ZARAGOZA,Coahuila de Zaragoza,202507,Polygon,614365.319999985,98917.689999998,,143249.97,13358.95,,subdel,1,5,2438,2100,338,0,401,362,39,0,Entre 40 y 45 años,342.537179487,395.718149171,,401
7,Transportes y comunicaciones,COAHUILA DE ZARAGOZA,COAHUILA DE ZARAGOZA,Coahuila de Zaragoza,202507,Polygon,400807.18999999,75548.499999998,,106489.87,7800.85,,subdel,1,5,1628,1370,258,0,289,265,24,0,Entre 45 y 50 años,325.035416667,401.848566038,,289
7,Transportes y comunicaciones,COAHUILA DE ZARAGOZA,COAHUILA DE ZARAGOZA,Coahuila de Zaragoza,202507,Polygon,262458.849999994,48269.129999999,,81968.97,4372.58,,subdel,1,5,1062,897,165,0,205,193,12,0,Entre 50 y 55 años,364.381666667,424.709689119,,205
7,Transportes y comunicaciones,COAHUILA DE ZARAGOZA,COAHUILA DE ZARAGOZA,Coahuila de Zaragoza,202507,Polygon,169098.259999996,24573.369999999,,48254.67,1696.68,,subdel,1,5,662,578,84,0,120,116,4,0,Entre 55 y 60 años,424.17,415.988534483,,120
7,Transportes y comunicaciones,COAHUILA DE ZARAGOZA,COAHUILA DE ZARAGOZA,Coahuila de Zaragoza,202507,Polygon,95378.679999998,10238.920000000,,29951.6,1192.49,,subdel,1,5,361,326,35,0,77,73,4,0,Entre 60 y 65 años,298.1225,410.295890411,,77
7,Transportes y comunicaciones,COAHUILA DE ZARAGOZA,COAHUILA DE ZARAGOZA,Coahuila de Zaragoza,202507,Polygon,34519.729999999,2632.860000000,,10309.21,426.57,,subdel,1,5,127,118,9,0,25,24,1,0,Entre 65 y 70 años,426.57,429.550416667,,25
7,Transportes y comunicaciones,COAHUILA DE ZARAGOZA,COAHUILA DE ZARAGOZA,Coahuila de Zaragoza,202507,Polygon,12286.690000000,877.620000000,,2789.46,0,,subdel,1,5,45,42,3,0,8,8,0,0,Entre 70 y 75 años,,348.6825,,8
8,Servicios para empresas,COLIMA,COLIMA,Colima,202507,MultiPolygon,3176.720000000,,,0,,,subdel,1,6,11,11,0,0,0,0,0,0,75 años y más,,,,0
8,Servicios para empresas,COLIMA,COLIMA,Colima,202507,MultiPolygon,2047.780000000,292.540000000,,292.54,0,,subdel,1,6,8,7,1,0,1,1,0,0,Entre 15 y 20 años,,292.54,,1
8,Servicios para empresas,COLIMA,COLIMA,Colima,202507,MultiPolygon,17931.379999999,1156.420000000,,0,0,,subdel,1,6,66,62,4,0,0,0,0,0,Entre 20 y 25 años,,,,0
8,Servicios para empresas,COLIMA,COLIMA,Colima,202507,MultiPolygon,21473.339999999,1142.680000000,,2205.11,0,,subdel,1,6,79,75,4,0,7,7,0,0,Entre 25 y 30 años,,315.015714286,,7
8,Servicios para empresas,COLIMA,COLIMA,Colima,202507,MultiPolygon,18589.159999999,1979.080000000,,1499.98,0,,subdel,1,6,72,65,7,0,5,5,0,0,Entre 30 y 35 años,,299.996,,5
8,Servicios para empresas,COLIMA,COLIMA,Colima,202507,MultiPolygon,15818.899999999,850.140000000,,1476.8,0,,subdel,1,6,59,56,3,0,5,5,0,0,Entre 35 y 40 años,,295.36,,5
8,Servicios para empresas,COLIMA,COLIMA,Colima,202507,MultiPolygon,19160.499999999,1727.760000000,,0,0,,subdel,1,6,73,67,6,0,0,0,0,0,Entre 40 y 45 años,,,,0
8,Servicios para empresas,COLIMA,COLIMA,Colima,202507,MultiPolygon,12276.940000000,1421.480000000,,1350.57,0,,subdel,1,6,48,43,5,0,4,4,0,0,Entre 45 y 50 años,,337.6425,,4
8,Servicios para empresas,COLIMA,COLIMA,Colima,202507,MultiPolygon,9251.360000000,850.140000000,,733.37,0,,subdel,1,6,35,32,3,0,2,2,0,0,Entre 50 y 55 años,,366.685,,2
8,Servicios para empresas,COLIMA,COLIMA,Colima,202507,MultiPolygon,5727.140000000,292.540000000,,278.8,0,,subdel,1,6,21,20,1,0,1,1,0,0,Entre 55 y 60 años,,278.8,,1
8,Servicios para empresas,COLIMA,COLIMA,Colima,202507,MultiPolygon,3748.060000000,,,0,,,subdel,1,6,13,13,0,0,0,0,0,0,Entre 60 y 65 años,,,,0
8,Servicios para empresas,COLIMA,COLIMA,Colima,202507,MultiPolygon,2605.380000000,,,441.02,,,subdel,1,6,9,9,0,0,1,1,0,0,Entre 65 y 70 años,,441.02,,1
8,Servicios para empresas,COLIMA,COLIMA,Colima,202507,MultiPolygon,2006.560000000,,,451.13,,,subdel,1,6,7,7,0,0,1,1,0,0,Entre 70 y 75 años,,451.13,,1
7,Transportes y comunicaciones,COLIMA,COLIMA,Colima,202507,MultiPolygon,65895.459999998,5850.800000000,,898.07,0,,subdel,1,6,245,225,20,0,3,3,0,0,75 años y más,,299.356666667,,3
7,Transportes y comunicaciones,COLIMA,COLIMA,Colima,202507,MultiPolygon,60920.339999999,5850.800000000,,1745.49,0,,subdel,1,6,228,208,20,0,5,5,0,0,Entre 15 y 20 años,,349.098,,5
7,Transportes y comunicaciones,COLIMA,COLIMA,Colima,202507,MultiPolygon,390404.339999991,37202.489999999,,15156.45,1661.54,,subdel,1,6,1461,1334,127,0,49,44,5,0,Entre 20 y 25 años,332.308,344.464772727,,49
7,Transportes y comunicaciones,COLIMA,COLIMA,Colima,202507,MultiPolygon,359107.739999991,47729.779999999,,32300,6595.49,,subdel,1,6,1390,1227,163,0,113,92,21,0,Entre 25 y 30 años,314.070952381,351.086956522,,113
7,Transportes y comunicaciones,COLIMA,COLIMA,Colima,202507,MultiPolygon,287928.519999993,42125.859999999,,28589.53,3332.64,,subdel,1,6,1128,984,144,0,94,83,11,0,Entre 30 y 35 años,302.967272727,344.452168675,,94
7,Transportes y comunicaciones,COLIMA,COLIMA,Colima,202507,MultiPolygon,216569.539999995,32179.449999999,,30194.03,2851.53,,subdel,1,6,850,740,110,0,87,79,8,0,Entre 35 y 40 años,356.44125,382.202911392,,87
7,Transportes y comunicaciones,COLIMA,COLIMA,Colima,202507,MultiPolygon,154496.899999996,31009.299999999,,30824.76,4304.89,,subdel,1,6,634,528,106,0,94,81,13,0,Entre 40 y 45 años,331.145384615,380.552592593,,94
7,Transportes y comunicaciones,COLIMA,COLIMA,Colima,202507,MultiPolygon,81618.719999998,20512.399999999,,17798.94,2090.43,,subdel,1,6,349,279,70,0,50,43,7,0,Entre 45 y 50 años,298.632857143,413.928837209,,50
7,Transportes y comunicaciones,COLIMA,COLIMA,Colima,202507,MultiPolygon,50029.389999999,11125.420000000,,11525.84,1020.22,,subdel,1,6,209,171,38,0,33,30,3,0,Entre 50 y 55 años,340.073333333,384.194666667,,33
7,Transportes y comunicaciones,COLIMA,COLIMA,Colima,202507,MultiPolygon,33349.599999999,5265.730000000,,8790.49,1542.28,,subdel,1,6,132,114,18,0,26,22,4,0,Entre 55 y 60 años,385.57,399.567727273,,26
7,Transportes y comunicaciones,COLIMA,COLIMA,Colima,202507,MultiPolygon,16382.250000000,2632.880000000,,4423.98,585.1,,subdel,1,6,65,56,9,0,13,11,2,0,Entre 60 y 65 años,292.55,402.18,,13
7,Transportes y comunicaciones,COLIMA,COLIMA,Colima,202507,MultiPolygon,8191.120000000,292.540000000,,1592.33,0,,subdel,1,6,29,28,1,0,4,4,0,0,Entre 65 y 70 años,,398.0825,,4
7,Transportes y comunicaciones,COLIMA,COLIMA,Colima,202507,MultiPolygon,1462.700000000,877.620000000,,0,0,,subdel,1,6,8,5,3,0,0,0,0,0,Entre 70 y 75 años,,,,0
8,Servicios para empresas,DURANGO,DURANGO,Durango,202507,Polygon,4959.440000000,292.540000000,,0,0,,subdel,1,10,18,17,1,0,0,0,0,0,75 años y más,,,,0
8,Servicios para empresas,DURANGO,DURANGO,Durango,202507,Polygon,5155.800000000,,,0,,,subdel,1,10,18,18,0,0,0,0,0,0,Entre 15 y 20 años,,,,0
8,Servicios para empresas,DURANGO,DURANGO,Durango,202507,Polygon,49757.539999998,2856.700000000,,2736.07,0,,subdel,1,10,183,173,10,0,8,8,0,0,Entre 20 y 25 años,,342.00875,,8
8,Servicios para empresas,DURANGO,DURANGO,Durango,202507,Polygon,70777.459999998,5114.580000000,,4871.02,0,,subdel,1,10,266,248,18,0,16,16,0,0,Entre 25 y 30 años,,304.43875,,16
8,Servicios para empresas,DURANGO,DURANGO,Durango,202507,Polygon,86015.279999997,6174.820000000,,5743.97,278.8,,subdel,1,10,325,303,22,0,19,18,1,0,Entre 30 y 35 años,278.8,319.109444444,,19
8,Servicios para empresas,DURANGO,DURANGO,Durango,202507,Polygon,70396.739999997,4223.220000000,,5038.94,0,,subdel,1,10,264,249,15,0,17,17,0,0,Entre 35 y 40 años,,296.408235294,,17
8,Servicios para empresas,DURANGO,DURANGO,Durango,202507,Polygon,58106.059999998,7024.960000000,,5056.38,278.8,,subdel,1,10,231,206,25,0,18,17,1,0,Entre 40 y 45 años,278.8,297.434117647,,18
8,Servicios para empresas,DURANGO,DURANGO,Durango,202507,Polygon,47013.019999998,2244.140000000,,4692.23,557.6,,subdel,1,10,175,167,8,0,18,16,2,0,Entre 45 y 50 años,278.8,293.264375,,18
8,Servicios para empresas,DURANGO,DURANGO,Durango,202507,Polygon,27400.839999999,1407.740000000,,4667.57,0,,subdel,1,10,102,97,5,0,16,16,0,0,Entre 50 y 55 años,,291.723125,,16
8,Servicios para empresas,DURANGO,DURANGO,Durango,202507,Polygon,17436.739999999,557.600000000,,1951.6,0,,subdel,1,10,64,62,2,0,7,7,0,0,Entre 55 y 60 años,,278.8,,7
8,Servicios para empresas,DURANGO,DURANGO,Durango,202507,Polygon,7888.840000000,,,278.8,,,subdel,1,10,28,28,0,0,1,1,0,0,Entre 60 y 65 años,,278.8,,1
8,Servicios para empresas,DURANGO,DURANGO,Durango,202507,Polygon,3916.940000000,292.540000000,,557.6,0,,subdel,1,10,15,14,1,0,2,2,0,0,Entre 65 y 70 años,,278.8,,2
8,Servicios para empresas,DURANGO,DURANGO,Durango,202507,Polygon,278.800000000,,,0,,,subdel,1,10,1,1,0,0,0,0,0,0,Entre 70 y 75 años,,,,0
7,Transportes y comunicaciones,DURANGO,DURANGO,Durango,202507,Polygon,97566.979999998,11718.170000000,,4148.62,302.4,,subdel,1,10,373,333,40,0,12,11,1,0,75 años y más,302.4,377.147272727,,12
7,Transportes y comunicaciones,DURANGO,DURANGO,Durango,202507,Polygon,105430.399999997,7314.890000000,,3021.42,0,,subdel,1,10,385,360,25,0,9,9,0,0,Entre 15 y 20 años,,335.713333333,,9
7,Transportes y comunicaciones,DURANGO,DURANGO,Durango,202507,Polygon,798724.549999981,72018.069999998,,47507.17,1170.2,,subdel,1,10,2975,2729,246,0,135,131,4,0,Entre 20 y 25 años,292.55,362.650152672,,135
7,Transportes y comunicaciones,DURANGO,DURANGO,Durango,202507,Polygon,846845.239999979,97470.429999998,,72265.99,5668.32,,subdel,1,10,3227,2894,333,0,214,197,17,0,Entre 25 y 30 años,333.430588235,366.832436548,,214
7,Transportes y comunicaciones,DURANGO,DURANGO,Durango,202507,Polygon,725596.199999982,113799.539999997,,87875.92,9947.1,,subdel,1,10,2869,2480,389,0,262,233,29,0,Entre 30 y 35 años,343.003448276,377.149871245,,262
7,Transportes y comunicaciones,DURANGO,DURANGO,Durango,202507,Polygon,502692.639999988,76646.949999998,,64628.16,6883.62,,subdel,1,10,1980,1718,262,0,188,167,21,0,Entre 35 y 40 años,327.791428571,386.994970060,,188
7,Transportes y comunicaciones,DURANGO,DURANGO,Durango,202507,Polygon,341152.049999992,52685.189999999,,63572.18,8015.9,,subdel,1,10,1346,1166,180,0,184,163,21,0,Entre 40 y 45 años,381.709523810,390.013374233,,184
7,Transportes y comunicaciones,DURANGO,DURANGO,Durango,202507,Polygon,218247.549999995,33057.039999999,,42928.16,4648.18,,subdel,1,10,859,746,113,0,123,110,13,0,Entre 45 y 50 años,357.552307692,390.256,,123
7,Transportes y comunicaciones,DURANGO,DURANGO,Durango,202507,Polygon,150985.559999996,27242.409999999,,47404.59,3674.19,,subdel,1,10,609,516,93,0,126,116,10,0,Entre 50 y 55 años,367.419,408.660258621,,126
7,Transportes y comunicaciones,DURANGO,DURANGO,Durango,202507,Polygon,79605.309999998,12579.240000000,,26722.72,1996.57,,subdel,1,10,315,272,43,0,72,66,6,0,Entre 55 y 60 años,332.761666667,404.889696970,,72
7,Transportes y comunicaciones,DURANGO,DURANGO,Durango,202507,Polygon,54997.599999999,6728.420000000,,16272.47,1113.14,,subdel,1,10,211,188,23,0,43,40,3,0,Entre 60 y 65 años,371.046666667,406.81175,,43
7,Transportes y comunicaciones,DURANGO,DURANGO,Durango,202507,Polygon,19307.640000000,2047.780000000,,4020,0,,subdel,1,10,73,66,7,0,10,10,0,0,Entre 65 y 70 años,,402,,10
7,Transportes y comunicaciones,DURANGO,DURANGO,Durango,202507,Polygon,6143.340000000,1170.160000000,,1293.8,0,,subdel,1,10,25,21,4,0,3,3,0,0,Entre 70 y 75 años,,431.266666667,,3
8,Servicios para empresas,EXTRANJERO/EXTRANJERA,,Extranjero/Extranjera,202507,,7148.620000000,,,1083.48,,,subdel,1,,25,25,0,0,3,3,0,0,75 años y más,,361.16,,3
8,Servicios para empresas,EXTRANJERO/EXTRANJERA,,Extranjero/Extranjera,202507,,2591.640000000,,,347.92,,,subdel,1,,9,9,0,0,1,1,0,0,Entre 15 y 20 años,,347.92,,1
8,Servicios para empresas,EXTRANJERO/EXTRANJERA,,Extranjero/Extranjera,202507,,39852.399999999,1421.480000000,,3164,0,,subdel,1,,144,139,5,0,11,11,0,0,Entre 20 y 25 años,,287.636363636,,11
8,Servicios para empresas,EXTRANJERO/EXTRANJERA,,Extranjero/Extranjera,202507,,47613.579999998,2870.440000000,,5765.99,278.8,,subdel,1,,176,166,10,0,20,19,1,0,Entre 25 y 30 años,278.8,303.473157895,,20
8,Servicios para empresas,EXTRANJERO/EXTRANJERA,,Extranjero/Extranjera,202507,,61339.479999998,5169.540000000,,5625.15,877.32,,subdel,1,,232,214,18,0,20,18,2,0,Entre 30 y 35 años,438.66,312.508333333,,20
8,Servicios para empresas,EXTRANJERO/EXTRANJERA,,Extranjero/Extranjera,202507,,55794.959999998,1727.760000000,,3705.07,0,,subdel,1,,201,195,6,0,10,10,0,0,Entre 35 y 40 años,,370.507,,10
8,Servicios para empresas,EXTRANJERO/EXTRANJERA,,Extranjero/Extranjera,202507,,41611.639999999,4835.780000000,,5251.29,967.22,,subdel,1,,163,146,17,0,19,16,3,0,Entre 40 y 45 años,322.406666667,328.205625,,19
8,Servicios para empresas,EXTRANJERO/EXTRANJERA,,Extranjero/Extranjera,202507,,31926.339999999,4068.080000000,,6031.12,0,,subdel,1,,126,112,14,0,17,17,0,0,Entre 45 y 50 años,,354.771764706,,17
8,Servicios para empresas,EXTRANJERO/EXTRANJERA,,Extranjero/Extranjera,202507,,21989.719999999,2605.380000000,,3692.53,0,,subdel,1,,86,77,9,0,10,10,0,0,Entre 50 y 55 años,,369.253,,10
8,Servicios para empresas,EXTRANJERO/EXTRANJERA,,Extranjero/Extranjera,202507,,13350.920000000,1448.960000000,,1282.24,0,,subdel,1,,52,47,5,0,4,4,0,0,Entre 55 y 60 años,,320.56,,4
8,Servicios para empresas,EXTRANJERO/EXTRANJERA,,Extranjero/Extranjera,202507,,7386.200000000,877.620000000,,557.6,0,,subdel,1,,29,26,3,0,2,2,0,0,Entre 60 y 65 años,,278.8,,2
8,Servicios para empresas,EXTRANJERO/EXTRANJERA,,Extranjero/Extranjera,202507,,3149.240000000,278.800000000,,1709.86,0,,subdel,1,,12,11,1,0,5,5,0,0,Entre 65 y 70 años,,341.972,,5
8,Servicios para empresas,EXTRANJERO/EXTRANJERA,,Extranjero/Extranjera,202507,,1170.160000000,,,0,,,subdel,1,,4,4,0,0,0,0,0,0,Entre 70 y 75 años,,,,0
7,Transportes y comunicaciones,EXTRANJERO/EXTRANJERA,,Extranjero/Extranjera,202507,,51871.659999999,6435.890000000,,2886.68,358.84,,subdel,1,,199,177,22,0,9,8,1,0,75 años y más,358.84,360.835,,9
7,Transportes y comunicaciones,EXTRANJERO/EXTRANJERA,,Extranjero/Extranjera,202507,,24575.929999999,2340.320000000,,682.43,0,,subdel,1,,92,84,8,0,2,2,0,0,Entre 15 y 20 años,,341.215,,2
7,Transportes y comunicaciones,EXTRANJERO/EXTRANJERA,,Extranjero/Extranjera,202507,,213972.639999995,29589.579999999,,19698.75,1699.66,,subdel,1,,832,731,101,0,55,50,5,0,Entre 20 y 25 años,339.932,393.975,,55
7,Transportes y comunicaciones,EXTRANJERO/EXTRANJERA,,Extranjero/Extranjera,202507,,222117.229999995,28376.429999999,,41973.44,2381.19,,subdel,1,,856,759,97,0,112,104,8,0,Entre 25 y 30 años,297.64875,403.590769231,,112
7,Transportes y comunicaciones,EXTRANJERO/EXTRANJERA,,Extranjero/Extranjera,202507,,241416.719999994,40370.599999999,,49976.96,5713.82,,subdel,1,,963,825,138,0,144,126,18,0,Entre 30 y 35 años,317.434444444,396.642539683,,144
7,Transportes y comunicaciones,EXTRANJERO/EXTRANJERA,,Extranjero/Extranjera,202507,,219842.449999995,28991.449999999,,55171.18,4748,,subdel,1,,850,751,99,0,146,133,13,0,Entre 35 y 40 años,365.230769231,414.820902256,,146
7,Transportes y comunicaciones,EXTRANJERO/EXTRANJERA,,Extranjero/Extranjera,202507,,150458.989999996,21389.079999999,,45043.57,3538.34,,subdel,1,,587,514,73,0,122,111,11,0,Entre 40 y 45 años,321.667272727,405.797927928,,122
7,Transportes y comunicaciones,EXTRANJERO/EXTRANJERA,,Extranjero/Extranjera,202507,,113262.809999997,16093.020000000,,44428.15,4248.72,,subdel,1,,442,387,55,0,123,109,14,0,Entre 45 y 50 años,303.48,407.597706422,,123
7,Transportes y comunicaciones,EXTRANJERO/EXTRANJERA,,Extranjero/Extranjera,202507,,68746.959999998,13456.850000000,,30028.75,2713.04,,subdel,1,,281,235,46,0,78,71,7,0,Entre 50 y 55 años,387.577142857,422.940140845,,78
7,Transportes y comunicaciones,EXTRANJERO/EXTRANJERA,,Extranjero/Extranjera,202507,,52657.219999999,8191.120000000,,24755.79,1965.52,,subdel,1,,208,180,28,0,64,58,6,0,Entre 55 y 60 años,327.586666667,426.823965517,,64
7,Transportes y comunicaciones,EXTRANJERO/EXTRANJERA,,Extranjero/Extranjera,202507,,28085.339999999,2632.870000000,,16106.4,585.09,,subdel,1,,105,96,9,0,39,37,2,0,Entre 60 y 65 años,292.545,435.308108108,,39
7,Transportes y comunicaciones,EXTRANJERO/EXTRANJERA,,Extranjero/Extranjera,202507,,14334.500000000,585.090000000,,5992.15,292.55,,subdel,1,,51,49,2,0,16,15,1,0,Entre 65 y 70 años,292.55,399.476666667,,16
7,Transportes y comunicaciones,EXTRANJERO/EXTRANJERA,,Extranjero/Extranjera,202507,,4388.110000000,292.540000000,,2243.62,0,,subdel,1,,16,15,1,0,7,7,0,0,Entre 70 y 75 años,,320.517142857,,7
8,Servicios para empresas,GUANAJUATO,GUANAJUATO,Guanajuato,202507,Polygon,39432.199999999,278.800000000,,0,0,,subdel,1,11,138,137,1,0,0,0,0,0,75 años y más,,,,0
8,Servicios para empresas,GUANAJUATO,GUANAJUATO,Guanajuato,202507,Polygon,26140.239999999,571.340000000,,790.14,0,,subdel,1,11,93,91,2,0,2,2,0,0,Entre 15 y 20 años,,395.07,,2
8,Servicios para empresas,GUANAJUATO,GUANAJUATO,Guanajuato,202507,Polygon,319480.97999999,10924.160000000,,8150.89,347.73,,subdel,1,11,1154,1116,38,0,25,24,1,0,Entre 20 y 25 años,347.73,339.620416667,,25
8,Servicios para empresas,GUANAJUATO,GUANAJUATO,Guanajuato,202507,Polygon,402530.159999986,18214.179999999,,18631.9,873.11,,subdel,1,11,1480,1416,64,0,65,62,3,0,Entre 25 y 30 años,291.036666667,300.514516129,,65
8,Servicios para empresas,GUANAJUATO,GUANAJUATO,Guanajuato,202507,Polygon,425423.759999984,22062.419999999,,21979.66,278.8,,subdel,1,11,1584,1506,78,0,75,74,1,0,Entre 30 y 35 años,278.8,297.022432432,,75
8,Servicios para empresas,GUANAJUATO,GUANAJUATO,Guanajuato,202507,Polygon,339165.159999987,18286.879999999,,20987.3,1672.8,,subdel,1,11,1269,1204,65,0,77,71,6,0,Entre 35 y 40 años,278.8,295.595774648,,77
8,Servicios para empresas,GUANAJUATO,GUANAJUATO,Guanajuato,202507,Polygon,280065.819999989,16445.199999999,,17296.67,278.8,,subdel,1,11,1055,997,58,0,62,61,1,0,Entre 40 y 45 años,278.8,283.551967213,,62
8,Servicios para empresas,GUANAJUATO,GUANAJUATO,Guanajuato,202507,Polygon,185967.079999993,10731.800000000,,10321.35,0,,subdel,1,11,700,662,38,0,36,36,0,0,Entre 45 y 50 años,,286.704166667,,36
8,Servicios para empresas,GUANAJUATO,GUANAJUATO,Guanajuato,202507,Polygon,130855.119999995,7344.980000000,,10256.56,836.4,,subdel,1,11,492,466,26,0,39,36,3,0,Entre 50 y 55 años,278.8,284.904444444,,39
8,Servicios para empresas,GUANAJUATO,GUANAJUATO,Guanajuato,202507,Polygon,81835.539999997,1979.080000000,,5854.8,0,,subdel,1,11,299,292,7,0,21,21,0,0,Entre 55 y 60 años,,278.8,,21
8,Servicios para empresas,GUANAJUATO,GUANAJUATO,Guanajuato,202507,Polygon,45120.379999998,1128.940000000,,6477.21,571.34,,subdel,1,11,165,161,4,0,25,23,2,0,Entre 60 y 65 años,285.67,281.617826087,,25
8,Servicios para empresas,GUANAJUATO,GUANAJUATO,Guanajuato,202507,Polygon,15960.299999999,,,1115.2,,,subdel,1,11,57,57,0,0,4,4,0,0,Entre 65 y 70 años,,278.8,,4
8,Servicios para empresas,GUANAJUATO,GUANAJUATO,Guanajuato,202507,Polygon,3916.940000000,,,278.8,,,subdel,1,11,14,14,0,0,1,1,0,0,Entre 70 y 75 años,,278.8,,1
7,Transportes y comunicaciones,GUANAJUATO,GUANAJUATO,Guanajuato,202507,Polygon,272132.399999993,17584.320000000,,8234.44,0,,subdel,1,11,989,929,60,0,25,25,0,0,75 años y más,,329.3776,,25
7,Transportes y comunicaciones,GUANAJUATO,GUANAJUATO,Guanajuato,202507,Polygon,248784.399999994,20185.270000000,,7917.44,292.55,,subdel,1,11,919,850,69,0,24,23,1,0,Entre 15 y 20 años,292.55,344.236521739,,24
7,Transportes y comunicaciones,GUANAJUATO,GUANAJUATO,Guanajuato,202507,Polygon,1884390.23999995,156817.519999996,,88435.69,3388.21,,subdel,1,11,6974,6439,535,0,261,250,11,0,Entre 20 y 25 años,308.019090909,353.74276,,261
7,Transportes y comunicaciones,GUANAJUATO,GUANAJUATO,Guanajuato,202507,Polygon,1973015.90999995,184636.539999995,,155849.16,10839.51,,subdel,1,11,7374,6743,631,0,480,446,34,0,Entre 25 y 30 años,318.809117647,349.437578475,,480
7,Transportes y comunicaciones,GUANAJUATO,GUANAJUATO,Guanajuato,202507,Polygon,1688274.41999996,176207.549999996,,228900.55,21848.78,,subdel,1,11,6371,5769,602,0,697,629,68,0,Entre 30 y 35 años,321.305588235,363.911844197,,697
7,Transportes y comunicaciones,GUANAJUATO,GUANAJUATO,Guanajuato,202507,Polygon,1203774.33999997,137203.659999997,,205911.85,14827.5,,subdel,1,11,4583,4114,469,0,588,544,44,0,Entre 35 y 40 años,336.988636364,378.514430147,,588
7,Transportes y comunicaciones,GUANAJUATO,GUANAJUATO,Guanajuato,202507,Polygon,897727.169999978,103660.519999997,,201582.09,15607.77,,subdel,1,11,3422,3068,354,0,572,525,47,0,Entre 40 y 45 años,332.080212766,383.965885714,,572
7,Transportes y comunicaciones,GUANAJUATO,GUANAJUATO,Guanajuato,202507,Polygon,507962.709999988,68747.049999998,,152659.53,9628.22,,subdel,1,11,1971,1736,235,0,420,391,29,0,Entre 45 y 50 años,332.007586207,390.433580563,,420
7,Transportes y comunicaciones,GUANAJUATO,GUANAJUATO,Guanajuato,202507,Polygon,372152.589999991,38615.309999999,,140130.58,5236.96,,subdel,1,11,1404,1272,132,0,362,347,15,0,Entre 50 y 55 años,349.130666667,403.834524496,,362
7,Transportes y comunicaciones,GUANAJUATO,GUANAJUATO,Guanajuato,202507,Polygon,247214.579999994,17582.140000000,,88951.16,3785.03,,subdel,1,11,905,845,60,0,236,225,11,0,Entre 55 y 60 años,344.093636364,395.338488889,,236
7,Transportes y comunicaciones,GUANAJUATO,GUANAJUATO,Guanajuato,202507,Polygon,119648.879999997,4095.560000000,,37243.02,310.6,,subdel,1,11,423,409,14,0,99,98,1,0,Entre 60 y 65 años,310.6,380.030816327,,99
7,Transportes y comunicaciones,GUANAJUATO,GUANAJUATO,Guanajuato,202507,Polygon,48854.219999999,3510.480000000,,11831.83,455.72,,subdel,1,11,179,167,12,0,33,32,1,0,Entre 65 y 70 años,455.72,369.7446875,,33
7,Transportes y comunicaciones,GUANAJUATO,GUANAJUATO,Guanajuato,202507,Polygon,14334.460000000,877.620000000,,1921.92,0,,subdel,1,11,52,49,3,0,5,5,0,0,Entre 70 y 75 años,,384.384,,5
8,Servicios para empresas,GUERRERO,GUERRERO,Guerrero,202507,MultiPolygon,6673.460000000,292.540000000,,278.8,0,,subdel,1,12,24,23,1,0,1,1,0,0,75 años y más,,278.8,,1
8,Servicios para empresas,GUERRERO,GUERRERO,Guerrero,202507,MultiPolygon,4068.080000000,,,0,,,subdel,1,12,14,14,0,0,0,0,0,0,Entre 15 y 20 años,,,,0
8,Servicios para empresas,GUERRERO,GUERRERO,Guerrero,202507,MultiPolygon,85875.619999997,2619.120000000,,2595.38,292.54,,subdel,1,12,308,299,9,0,10,9,1,0,Entre 20 y 25 años,292.54,288.375555556,,10
8,Servicios para empresas,GUERRERO,GUERRERO,Guerrero,202507,MultiPolygon,124693.519999996,9086.480000000,,12916.61,557.6,,subdel,1,12,469,437,32,0,42,40,2,0,Entre 25 y 30 años,278.8,322.91525,,42
8,Servicios para empresas,GUERRERO,GUERRERO,Guerrero,202507,MultiPolygon,131547.859999995,8711.500000000,,11683.39,278.8,,subdel,1,12,495,464,31,0,40,39,1,0,Entre 30 y 35 años,278.8,299.574102564,,40
8,Servicios para empresas,GUERRERO,GUERRERO,Guerrero,202507,MultiPolygon,109909.639999996,7902.580000000,,9419.92,278.8,,subdel,1,12,417,389,28,0,33,32,1,0,Entre 35 y 40 años,278.8,294.3725,,33
8,Servicios para empresas,GUERRERO,GUERRERO,Guerrero,202507,MultiPolygon,79487.219999997,6467.360000000,,7146.24,0,,subdel,1,12,305,282,23,0,24,24,0,0,Entre 40 y 45 años,,297.76,,24
8,Servicios para empresas,GUERRERO,GUERRERO,Guerrero,202507,MultiPolygon,56337.079999998,3386.820000000,,6553.42,0,,subdel,1,12,212,200,12,0,22,22,0,0,Entre 45 y 50 años,,297.882727273,,22
8,Servicios para empresas,GUERRERO,GUERRERO,Guerrero,202507,MultiPolygon,39041.739999998,1700.280000000,,5424.83,0,,subdel,1,12,145,139,6,0,18,18,0,0,Entre 50 y 55 años,,301.379444444,,18
8,Servicios para empresas,GUERRERO,GUERRERO,Guerrero,202507,MultiPolygon,19987.159999999,863.880000000,,836.4,0,,subdel,1,12,74,71,3,0,3,3,0,0,Entre 55 y 60 años,,278.8,,3
8,Servicios para empresas,GUERRERO,GUERRERO,Guerrero,202507,MultiPolygon,10119.240000000,1128.940000000,,557.6,0,,subdel,1,12,40,36,4,0,2,2,0,0,Entre 60 y 65 años,,278.8,,2
8,Servicios para empresas,GUERRERO,GUERRERO,Guerrero,202507,MultiPolygon,3930.680000000,,,557.6,,,subdel,1,12,14,14,0,0,2,2,0,0,Entre 65 y 70 años,,278.8,,2
8,Servicios para empresas,GUERRERO,GUERRERO,Guerrero,202507,MultiPolygon,292.540000000,,,0,,,subdel,1,12,1,1,0,0,0,0,0,0,Entre 70 y 75 años,,,,0
7,Transportes y comunicaciones,GUERRERO,GUERRERO,Guerrero,202507,MultiPolygon,101361.499999998,8503.690000000,,4082.52,0,,subdel,1,12,375,346,29,0,12,12,0,0,75 años y más,,340.21,,12
7,Transportes y comunicaciones,GUERRERO,GUERRERO,Guerrero,202507,MultiPolygon,57632.179999999,3255.650000000,,4676.15,0,,subdel,1,12,208,197,11,0,11,11,0,0,Entre 15 y 20 años,,425.104545455,,11
7,Transportes y comunicaciones,GUERRERO,GUERRERO,Guerrero,202507,MultiPolygon,655922.409999984,83085.479999998,,39834.43,1292.33,,subdel,1,12,2525,2241,284,0,108,104,4,0,Entre 20 y 25 años,323.0825,383.023365385,,108
7,Transportes y comunicaciones,GUERRERO,GUERRERO,Guerrero,202507,MultiPolygon,854737.199999979,115336.509999997,,74786.45,5340.06,,subdel,1,12,3315,2921,394,0,208,194,14,0,Entre 25 y 30 años,381.432857143,385.497164948,,208
7,Transportes y comunicaciones,GUERRERO,GUERRERO,Guerrero,202507,MultiPolygon,726030.069999982,99552.559999998,,101010.06,7307.06,,subdel,1,12,2821,2481,340,0,273,252,21,0,Entre 30 y 35 años,347.955238095,400.833571429,,273
7,Transportes y comunicaciones,GUERRERO,GUERRERO,Guerrero,202507,MultiPolygon,541884.399999987,66406.609999998,,117493.82,6107.73,,subdel,1,12,2079,1852,227,0,306,291,15,0,Entre 35 y 40 años,407.182,403.758831615,,306
7,Transportes y comunicaciones,GUERRERO,GUERRERO,Guerrero,202507,MultiPolygon,364525.319999991,49440.639999999,,90484.05,5641.24,,subdel,1,12,1415,1246,169,0,230,214,16,0,Entre 40 y 45 años,352.5775,422.822663551,,230
7,Transportes y comunicaciones,GUERRERO,GUERRERO,Guerrero,202507,MultiPolygon,223582.179999995,33098.769999999,,69853.7,5191.45,,subdel,1,12,877,764,113,0,187,171,16,0,Entre 45 y 50 años,324.465625,408.501169591,,187
7,Transportes y comunicaciones,GUERRERO,GUERRERO,Guerrero,202507,MultiPolygon,167918.039999996,21355.439999999,,55760.66,4689.64,,subdel,1,12,647,574,73,0,145,132,13,0,Entre 50 y 55 años,360.741538462,422.429242424,,145
7,Transportes y comunicaciones,GUERRERO,GUERRERO,Guerrero,202507,MultiPolygon,91565.029999998,11137.150000000,,34363.36,1181.38,,subdel,1,12,351,313,38,0,89,85,4,0,Entre 55 y 60 años,295.345,404.274823529,,89
7,Transportes y comunicaciones,GUERRERO,GUERRERO,Guerrero,202507,MultiPolygon,52364.669999999,4680.640000000,,17610.12,485.82,,subdel,1,12,195,179,16,0,45,44,1,0,Entre 60 y 65 años,485.82,400.23,,45
7,Transportes y comunicaciones,GUERRERO,GUERRERO,Guerrero,202507,MultiPolygon,19015.100000000,2047.780000000,,4764.4,0,,subdel,1,12,72,65,7,0,11,11,0,0,Entre 65 y 70 años,,433.127272727,,11
7,Transportes y comunicaciones,GUERRERO,GUERRERO,Guerrero,202507,MultiPolygon,6435.880000000,1462.700000000,,1629.57,0,,subdel,1,12,27,22,5,0,4,4,0,0,Entre 70 y 75 años,,407.3925,,4
8,Servicios para empresas,HIDALGO,HIDALGO,Hidalgo,202507,Polygon,3789.280000000,278.800000000,,575.36,0,,subdel,1,13,14,13,1,0,2,2,0,0,75 años y más,,287.68,,2
8,Servicios para empresas,HIDALGO,HIDALGO,Hidalgo,202507,Polygon,2605.380000000,,,0,,,subdel,1,13,9,9,0,0,0,0,0,0,Entre 15 y 20 años,,,,0
8,Servicios para empresas,HIDALGO,HIDALGO,Hidalgo,202507,Polygon,47468.179999999,2340.320000000,,3500.21,339.08,,subdel,1,13,172,164,8,0,9,8,1,0,Entre 20 y 25 años,339.08,437.52625,,9
8,Servicios para empresas,HIDALGO,HIDALGO,Hidalgo,202507,Polygon,72776.019999998,2299.100000000,,6953.97,0,,subdel,1,13,261,253,8,0,18,18,0,0,Entre 25 y 30 años,,386.331666667,,18
8,Servicios para empresas,HIDALGO,HIDALGO,Hidalgo,202507,Polygon,74607.959999998,4584.460000000,,7654.69,0,,subdel,1,13,277,261,16,0,22,22,0,0,Entre 30 y 35 años,,347.940454545,,22
8,Servicios para empresas,HIDALGO,HIDALGO,Hidalgo,202507,Polygon,51090.839999998,2271.620000000,,5538.41,278.8,,subdel,1,13,188,180,8,0,19,18,1,0,Entre 35 y 40 años,278.8,307.689444444,,19
8,Servicios para empresas,HIDALGO,HIDALGO,Hidalgo,202507,Polygon,33964.379999999,1965.340000000,,4514.65,0,,subdel,1,13,127,120,7,0,16,16,0,0,Entre 40 y 45 años,,282.165625,,16
8,Servicios para empresas,HIDALGO,HIDALGO,Hidalgo,202507,Polygon,27597.199999999,863.880000000,,4542.7,0,,subdel,1,13,101,98,3,0,15,15,0,0,Entre 45 y 50 años,,302.846666667,,15
8,Servicios para empresas,HIDALGO,HIDALGO,Hidalgo,202507,Polygon,18286.879999999,557.600000000,,1607.82,0,,subdel,1,13,67,65,2,0,5,5,0,0,Entre 50 y 55 años,,321.564,,5
8,Servicios para empresas,HIDALGO,HIDALGO,Hidalgo,202507,Polygon,13506.059999999,278.800000000,,1672.8,0,,subdel,1,13,49,48,1,0,6,6,0,0,Entre 55 y 60 años,,278.8,,6
8,Servicios para empresas,HIDALGO,HIDALGO,Hidalgo,202507,Polygon,9004.040000000,292.540000000,,836.4,0,,subdel,1,13,33,32,1,0,3,3,0,0,Entre 60 y 65 años,,278.8,,3
8,Servicios para empresas,HIDALGO,HIDALGO,Hidalgo,202507,Polygon,2244.140000000,,,0,,,subdel,1,13,8,8,0,0,0,0,0,0,Entre 65 y 70 años,,,,0
8,Servicios para empresas,HIDALGO,HIDALGO,Hidalgo,202507,Polygon,557.600000000,,,278.8,,,subdel,1,13,2,2,0,0,1,1,0,0,Entre 70 y 75 años,,278.8,,1
7,Transportes y comunicaciones,HIDALGO,HIDALGO,Hidalgo,202507,Polygon,57946.769999999,6728.420000000,,1167.08,0,,subdel,1,13,221,198,23,0,2,2,0,0,75 años y más,,583.54,,2
7,Transportes y comunicaciones,HIDALGO,HIDALGO,Hidalgo,202507,Polygon,32789.879999999,2340.320000000,,786.08,0,,subdel,1,13,120,112,8,0,2,2,0,0,Entre 15 y 20 años,,393.04,,2
7,Transportes y comunicaciones,HIDALGO,HIDALGO,Hidalgo,202507,Polygon,387123.869999991,49784.489999999,,21189.86,1022.95,,subdel,1,13,1493,1323,170,0,57,54,3,0,Entre 20 y 25 años,340.983333333,392.404814815,,57
7,Transportes y comunicaciones,HIDALGO,HIDALGO,Hidalgo,202507,Polygon,515264.359999987,58829.299999999,,53543.22,4347.28,,subdel,1,13,1962,1761,201,0,154,141,13,0,Entre 25 y 30 años,334.406153846,379.739148936,,154
7,Transportes y comunicaciones,HIDALGO,HIDALGO,Hidalgo,202507,Polygon,480144.779999988,60033.879999999,,68463.46,6994.25,,subdel,1,13,1846,1641,205,0,197,176,21,0,Entre 30 y 35 años,333.059523810,388.996931818,,197
7,Transportes y comunicaciones,HIDALGO,HIDALGO,Hidalgo,202507,Polygon,342608.299999992,44182.549999999,,57644.45,4931.76,,subdel,1,13,1322,1171,151,0,166,150,16,0,Entre 35 y 40 años,308.235,384.296333333,,166
7,Transportes y comunicaciones,HIDALGO,HIDALGO,Hidalgo,202507,Polygon,216244.039999995,29254.059999999,,49479.03,3477.1,,subdel,1,13,839,739,100,0,136,125,11,0,Entre 40 y 45 años,316.1,395.83224,,136
7,Transportes y comunicaciones,HIDALGO,HIDALGO,Hidalgo,202507,Polygon,153886.959999996,18137.520000000,,41997.12,3085.67,,subdel,1,13,588,526,62,0,115,105,10,0,Entre 45 y 50 años,308.567,399.972571429,,115
7,Transportes y comunicaciones,HIDALGO,HIDALGO,Hidalgo,202507,Polygon,97709.929999998,16089.750000000,,26591.52,1755.29,,subdel,1,13,389,334,55,0,77,71,6,0,Entre 50 y 55 años,292.548333333,374.528450704,,77
7,Transportes y comunicaciones,HIDALGO,HIDALGO,Hidalgo,202507,Polygon,66121.189999998,3217.940000000,,21257.9,0,,subdel,1,13,237,226,11,0,57,57,0,0,Entre 55 y 60 años,,372.945614035,,57
7,Transportes y comunicaciones,HIDALGO,HIDALGO,Hidalgo,202507,Polygon,39212.189999999,4680.650000000,,13583.93,292.55,,subdel,1,13,150,134,16,0,36,35,1,0,Entre 60 y 65 años,292.55,388.112285714,,36
7,Transportes y comunicaciones,HIDALGO,HIDALGO,Hidalgo,202507,Polygon,16967.330000000,3510.480000000,,3905.44,0,,subdel,1,13,70,58,12,0,11,11,0,0,Entre 65 y 70 años,,355.04,,11
7,Transportes y comunicaciones,HIDALGO,HIDALGO,Hidalgo,202507,Polygon,4973.180000000,292.540000000,,683.91,0,,subdel,1,13,18,17,1,0,2,2,0,0,Entre 70 y 75 años,,341.955,,2
8,Servicios para empresas,JALISCO,JALISCO,Jalisco,202507,MultiPolygon,73643.899999998,2856.700000000,,1570.14,0,,subdel,1,14,267,257,10,0,5,5,0,0,75 años y más,,314.028,,5
8,Servicios para empresas,JALISCO,JALISCO,Jalisco,202507,MultiPolygon,52573.019999998,2020.300000000,,1767.02,0,,subdel,1,14,190,183,7,0,6,6,0,0,Entre 15 y 20 años,,294.503333333,,6
8,Servicios para empresas,JALISCO,JALISCO,Jalisco,202507,MultiPolygon,677229.739999978,23411.199999999,,31105.98,294.23,,subdel,1,14,2445,2363,82,0,101,100,1,0,Entre 20 y 25 años,294.23,311.0598,,101
8,Servicios para empresas,JALISCO,JALISCO,Jalisco,202507,MultiPolygon,822877.259999972,38631.279999999,,45250.12,2057.91,,subdel,1,14,3022,2886,136,0,152,145,7,0,Entre 25 y 30 años,293.987142857,312.069793103,,152
8,Servicios para empresas,JALISCO,JALISCO,Jalisco,202507,MultiPolygon,777469.899999971,53284.019999998,,53294.04,3068.62,,subdel,1,14,2935,2746,189,0,187,177,10,0,Entre 30 y 35 años,306.862,301.096271186,,187
8,Servicios para empresas,JALISCO,JALISCO,Jalisco,202507,MultiPolygon,687218.179999974,56126.979999998,,49723.77,557.6,,subdel,1,14,2634,2435,199,0,170,168,2,0,Entre 35 y 40 años,278.8,295.974821429,,170
8,Servicios para empresas,JALISCO,JALISCO,Jalisco,202507,MultiPolygon,533949.659999979,38008.979999999,,42799.24,1951.6,,subdel,1,14,2031,1896,135,0,154,147,7,0,Entre 40 y 45 años,278.8,291.151292517,,154
8,Servicios para empresas,JALISCO,JALISCO,Jalisco,202507,MultiPolygon,385390.999999985,27542.239999999,,33434.91,557.6,,subdel,1,14,1468,1370,98,0,119,117,2,0,Entre 45 y 50 años,278.8,285.768461538,,119
8,Servicios para empresas,JALISCO,JALISCO,Jalisco,202507,MultiPolygon,270623.839999989,16892.879999999,,21825.79,557.6,,subdel,1,14,1022,962,60,0,77,75,2,0,Entre 50 y 55 años,278.8,291.010533333,,77
8,Servicios para empresas,JALISCO,JALISCO,Jalisco,202507,MultiPolygon,157994.899999994,6814.860000000,,18560.96,278.8,,subdel,1,14,587,563,24,0,67,66,1,0,Entre 55 y 60 años,278.8,281.226666667,,67
8,Servicios para empresas,JALISCO,JALISCO,Jalisco,202507,MultiPolygon,67324.199999997,1142.680000000,,4214.32,0,,subdel,1,14,244,240,4,0,15,15,0,0,Entre 60 y 65 años,,280.954666667,,15
8,Servicios para empresas,JALISCO,JALISCO,Jalisco,202507,MultiPolygon,22455.139999999,571.340000000,,1115.2,0,,subdel,1,14,82,80,2,0,4,4,0,0,Entre 65 y 70 años,,278.8,,4
8,Servicios para empresas,JALISCO,JALISCO,Jalisco,202507,MultiPolygon,5032.140000000,,,278.8,,,subdel,1,14,18,18,0,0,1,1,0,0,Entre 70 y 75 años,,278.8,,1
7,Transportes y comunicaciones,JALISCO,JALISCO,Jalisco,202507,MultiPolygon,602311.189999985,61886.209999999,,30933.44,1595.58,,subdel,1,14,2268,2057,211,0,93,88,5,0,75 años y más,319.116,351.516363636,,93
7,Transportes y comunicaciones,JALISCO,JALISCO,Jalisco,202507,MultiPolygon,524806.969999987,46265.119999999,,23837.56,1173.8,,subdel,1,14,1951,1793,158,0,70,67,3,0,Entre 15 y 20 años,391.266666667,355.784477612,,70
7,Transportes y comunicaciones,JALISCO,JALISCO,Jalisco,202507,MultiPolygon,4086881.2799999,430507.45999999,,316858.91,15978.82,,subdel,1,14,15435,13965,1470,0,920,873,47,0,Entre 20 y 25 años,339.974893617,362.954077892,,920
7,Transportes y comunicaciones,JALISCO,JALISCO,Jalisco,202507,MultiPolygon,4435995.56999989,479194.959999988,,515482.71,30949.56,,subdel,1,14,16797,15160,1637,0,1478,1389,89,0,Entre 25 y 30 años,347.747865169,371.117861771,,1478
7,Transportes y comunicaciones,JALISCO,JALISCO,Jalisco,202507,MultiPolygon,3876054.66999991,441907.829999989,,629230.94,47619.25,,subdel,1,14,14756,13246,1510,0,1799,1660,139,0,Entre 30 y 35 años,342.584532374,379.054783133,,1799
7,Transportes y comunicaciones,JALISCO,JALISCO,Jalisco,202507,MultiPolygon,3105613.87999992,409221.74999999,,673044.42,50000.46,,subdel,1,14,12012,10614,1398,0,1882,1740,142,0,Entre 35 y 40 años,352.115915493,386.807137931,,1882
7,Transportes y comunicaciones,JALISCO,JALISCO,Jalisco,202507,MultiPolygon,2333002.62999994,309741.689999992,,577769.7,42709.88,,subdel,1,14,9031,7973,1058,0,1574,1453,121,0,Entre 40 y 45 años,352.974214876,397.639160358,,1574
7,Transportes y comunicaciones,JALISCO,JALISCO,Jalisco,202507,MultiPolygon,1436142.33999997,215722.989999995,,474613.92,33778.73,,subdel,1,14,5645,4908,737,0,1275,1176,99,0,Entre 45 y 50 años,341.199292929,403.583265306,,1275
7,Transportes y comunicaciones,JALISCO,JALISCO,Jalisco,202507,MultiPolygon,1020385.11999998,157480.379999996,,376800.84,25340.47,,subdel,1,14,4025,3487,538,0,1028,953,75,0,Entre 50 y 55 años,337.872933333,395.383882476,,1028
7,Transportes y comunicaciones,JALISCO,JALISCO,Jalisco,202507,MultiPolygon,593055.969999986,68296.889999998,,225783.16,10937.64,,subdel,1,14,2260,2027,233,0,594,563,31,0,Entre 55 y 60 años,352.827096774,401.035808171,,594
7,Transportes y comunicaciones,JALISCO,JALISCO,Jalisco,202507,MultiPolygon,302903.319999993,23403.219999999,,111393.52,2603.19,,subdel,1,14,1115,1035,80,0,300,292,8,0,Entre 60 y 65 años,325.39875,381.484657534,,300
7,Transportes y comunicaciones,JALISCO,JALISCO,Jalisco,202507,MultiPolygon,110034.179999997,10238.900000000,,22149.66,0,,subdel,1,14,411,376,35,0,60,60,0,0,Entre 65 y 70 años,,369.161,,60
7,Transportes y comunicaciones,JALISCO,JALISCO,Jalisco,202507,MultiPolygon,30722.969999999,5005.080000000,,5122.38,0,,subdel,1,14,122,105,17,0,14,14,0,0,Entre 70 y 75 años,,365.884285714,,14
8,Servicios para empresas,MICHOACÁN DE OCAMPO,MICHOACÁN DE OCAMPO,Michoacán de Ocampo,202507,MultiPolygon,18557.679999999,877.620000000,,586.68,0,,subdel,1,16,67,64,3,0,2,2,0,0,75 años y más,,293.34,,2
8,Servicios para empresas,MICHOACÁN DE OCAMPO,MICHOACÁN DE OCAMPO,Michoacán de Ocampo,202507,MultiPolygon,11312.880000000,292.540000000,,0,302.56,,subdel,1,16,40,39,1,0,1,0,1,0,Entre 15 y 20 años,302.56,,,1
8,Servicios para empresas,MICHOACÁN DE OCAMPO,MICHOACÁN DE OCAMPO,Michoacán de Ocampo,202507,MultiPolygon,140268.579999996,6353.440000000,,5503.89,304.7,,subdel,1,16,509,487,22,0,18,17,1,0,Entre 20 y 25 años,304.7,323.758235294,,18
8,Servicios para empresas,MICHOACÁN DE OCAMPO,MICHOACÁN DE OCAMPO,Michoacán de Ocampo,202507,MultiPolygon,198227.499999993,6325.960000000,,4884.83,278.8,,subdel,1,16,716,694,22,0,16,15,1,0,Entre 25 y 30 años,278.8,325.655333333,,16
8,Servicios para empresas,MICHOACÁN DE OCAMPO,MICHOACÁN DE OCAMPO,Michoacán de Ocampo,202507,MultiPolygon,206689.939999993,10562.920000000,,6367.04,278.8,,subdel,1,16,765,728,37,0,21,20,1,0,Entre 30 y 35 años,278.8,318.352,,21
8,Servicios para empresas,MICHOACÁN DE OCAMPO,MICHOACÁN DE OCAMPO,Michoacán de Ocampo,202507,MultiPolygon,161389.199999994,10814.240000000,,9605.54,0,,subdel,1,16,608,570,38,0,32,32,0,0,Entre 35 y 40 años,,300.173125,,32
8,Servicios para empresas,MICHOACÁN DE OCAMPO,MICHOACÁN DE OCAMPO,Michoacán de Ocampo,202507,MultiPolygon,110567.419999996,8222.600000000,,6729.88,0,,subdel,1,16,421,392,29,0,23,23,0,0,Entre 40 y 45 años,,292.603478261,,23
8,Servicios para empresas,MICHOACÁN DE OCAMPO,MICHOACÁN DE OCAMPO,Michoacán de Ocampo,202507,MultiPolygon,88573.699999997,6883.560000000,,5264.57,0,,subdel,1,16,338,314,24,0,16,16,0,0,Entre 45 y 50 años,,329.035625,,16
8,Servicios para empresas,MICHOACÁN DE OCAMPO,MICHOACÁN DE OCAMPO,Michoacán de Ocampo,202507,MultiPolygon,59390.139999998,3386.820000000,,2729.07,278.8,,subdel,1,16,223,211,12,0,10,9,1,0,Entre 50 y 55 años,278.8,303.23,,10
8,Servicios para empresas,MICHOACÁN DE OCAMPO,MICHOACÁN DE OCAMPO,Michoacán de Ocampo,202507,MultiPolygon,40600.619999998,1435.220000000,,2230.4,0,,subdel,1,16,149,144,5,0,8,8,0,0,Entre 55 y 60 años,,278.8,,8
8,Servicios para empresas,MICHOACÁN DE OCAMPO,MICHOACÁN DE OCAMPO,Michoacán de Ocampo,202507,MultiPolygon,21088.619999999,571.340000000,,1394,0,,subdel,1,16,77,75,2,0,5,5,0,0,Entre 60 y 65 años,,278.8,,5
8,Servicios para empresas,MICHOACÁN DE OCAMPO,MICHOACÁN DE OCAMPO,Michoacán de Ocampo,202507,MultiPolygon,5644.700000000,292.540000000,,278.8,0,,subdel,1,16,21,20,1,0,1,1,0,0,Entre 65 y 70 años,,278.8,,1
8,Servicios para empresas,MICHOACÁN DE OCAMPO,MICHOACÁN DE OCAMPO,Michoacán de Ocampo,202507,MultiPolygon,3971.900000000,,,0,,,subdel,1,16,14,14,0,0,0,0,0,0,Entre 70 y 75 años,,,,0
7,Transportes y comunicaciones,MICHOACÁN DE OCAMPO,MICHOACÁN DE OCAMPO,Michoacán de Ocampo,202507,MultiPolygon,165967.329999996,11701.620000000,,5303.08,888.04,,subdel,1,16,607,567,40,0,18,15,3,0,75 años y más,296.013333333,353.538666667,,18
7,Transportes y comunicaciones,MICHOACÁN DE OCAMPO,MICHOACÁN DE OCAMPO,Michoacán de Ocampo,202507,MultiPolygon,90479.569999998,7606.040000000,,3224.11,0,,subdel,1,16,335,309,26,0,9,9,0,0,Entre 15 y 20 años,,358.234444444,,9
7,Transportes y comunicaciones,MICHOACÁN DE OCAMPO,MICHOACÁN DE OCAMPO,Michoacán de Ocampo,202507,MultiPolygon,895187.979999978,71749.959999998,,41469.46,2333.08,,subdel,1,16,3304,3059,245,0,123,116,7,0,Entre 20 y 25 años,333.297142857,357.495344828,,123
7,Transportes y comunicaciones,MICHOACÁN DE OCAMPO,MICHOACÁN DE OCAMPO,Michoacán de Ocampo,202507,MultiPolygon,1093731.82999997,111516.529999997,,80260.5,7712.89,,subdel,1,16,4119,3738,381,0,249,228,21,0,Entre 25 y 30 años,367.280476190,352.019736842,,249
7,Transportes y comunicaciones,MICHOACÁN DE OCAMPO,MICHOACÁN DE OCAMPO,Michoacán de Ocampo,202507,MultiPolygon,981812.299999976,112667.889999997,,99678.65,9207.41,,subdel,1,16,3741,3356,385,0,303,274,29,0,Entre 30 y 35 años,317.496896552,363.790693431,,303
7,Transportes y comunicaciones,MICHOACÁN DE OCAMPO,MICHOACÁN DE OCAMPO,Michoacán de Ocampo,202507,MultiPolygon,725955.149999982,98918.239999998,,112944.5,9434.46,,subdel,1,16,2819,2481,338,0,327,299,28,0,Entre 35 y 40 años,336.945,377.740802676,,327
7,Transportes y comunicaciones,MICHOACÁN DE OCAMPO,MICHOACÁN DE OCAMPO,Michoacán de Ocampo,202507,MultiPolygon,475482.369999988,71964.949999998,,92741.75,7272.62,,subdel,1,16,1871,1625,246,0,262,239,23,0,Entre 40 y 45 años,316.200869565,388.040794979,,262
7,Transportes y comunicaciones,MICHOACÁN DE OCAMPO,MICHOACÁN DE OCAMPO,Michoacán de Ocampo,202507,MultiPolygon,299310.389999993,53848.199999999,,67482.93,6659.32,,subdel,1,16,1207,1023,184,0,194,173,21,0,Entre 45 y 50 años,317.110476190,390.074739884,,194
7,Transportes y comunicaciones,MICHOACÁN DE OCAMPO,MICHOACÁN DE OCAMPO,Michoacán de Ocampo,202507,MultiPolygon,217402.139999995,30751.979999999,,66406.03,5387.73,,subdel,1,16,848,743,105,0,181,165,16,0,Entre 50 y 55 años,336.733125,402.460787879,,181
7,Transportes y comunicaciones,MICHOACÁN DE OCAMPO,MICHOACÁN DE OCAMPO,Michoacán de Ocampo,202507,MultiPolygon,144807.399999996,14041.940000000,,51554.72,2732.15,,subdel,1,16,543,495,48,0,136,127,9,0,Entre 55 y 60 años,303.572222222,405.942677165,,136
7,Transportes y comunicaciones,MICHOACÁN DE OCAMPO,MICHOACÁN DE OCAMPO,Michoacán de Ocampo,202507,MultiPolygon,90979.989999998,7620.350000000,,22775.97,1337.57,,subdel,1,16,337,311,26,0,64,60,4,0,Entre 60 y 65 años,334.3925,379.5995,,64
7,Transportes y comunicaciones,MICHOACÁN DE OCAMPO,MICHOACÁN DE OCAMPO,Michoacán de Ocampo,202507,MultiPolygon,34227.189999999,4680.640000000,,9850.19,1092.64,,subdel,1,16,133,117,16,0,30,27,3,0,Entre 65 y 70 años,364.213333333,364.821851852,,30
7,Transportes y comunicaciones,MICHOACÁN DE OCAMPO,MICHOACÁN DE OCAMPO,Michoacán de Ocampo,202507,MultiPolygon,11409.060000000,2047.780000000,,1659.61,0,,subdel,1,16,46,39,7,0,5,5,0,0,Entre 70 y 75 años,,331.922,,5
8,Servicios para empresas,MORELOS,MORELOS,Morelos,202507,Polygon,10796.500000000,863.880000000,,0,0,,subdel,1,17,40,37,3,0,0,0,0,0,75 años y más,,,,0
8,Servicios para empresas,MORELOS,MORELOS,Morelos,202507,Polygon,3483.000000000,,,0,,,subdel,1,17,12,12,0,0,0,0,0,0,Entre 15 y 20 años,,,,0
8,Servicios para empresas,MORELOS,MORELOS,Morelos,202507,Polygon,56148.199999998,4081.820000000,,1564.18,0,,subdel,1,17,208,194,14,0,5,5,0,0,Entre 20 y 25 años,,312.836,,5
8,Servicios para empresas,MORELOS,MORELOS,Morelos,202507,Polygon,73402.319999998,4346.880000000,,1800.96,292.54,,subdel,1,17,270,255,15,0,7,6,1,0,Entre 25 y 30 años,292.54,300.16,,7
8,Servicios para empresas,MORELOS,MORELOS,Morelos,202507,Polygon,74498.039999997,5128.320000000,,3768.29,278.8,,subdel,1,17,279,261,18,0,13,12,1,0,Entre 30 y 35 años,278.8,314.024166667,,13
8,Servicios para empresas,MORELOS,MORELOS,Morelos,202507,Polygon,60803.619999998,1435.220000000,,3849.66,0,,subdel,1,17,219,214,5,0,12,12,0,0,Entre 35 y 40 años,,320.805,,12
8,Servicios para empresas,MORELOS,MORELOS,Morelos,202507,Polygon,46926.579999998,278.800000000,,2371.51,0,,subdel,1,17,167,166,1,0,8,8,0,0,Entre 40 y 45 años,,296.43875,,8
8,Servicios para empresas,MORELOS,MORELOS,Morelos,202507,Polygon,31916.599999999,1992.820000000,,1394,0,,subdel,1,17,120,113,7,0,5,5,0,0,Entre 45 y 50 años,,278.8,,5
8,Servicios para empresas,MORELOS,MORELOS,Morelos,202507,Polygon,22940.039999999,850.140000000,,1951.6,0,,subdel,1,17,84,81,3,0,7,7,0,0,Entre 50 y 55 años,,278.8,,7
8,Servicios para empresas,MORELOS,MORELOS,Morelos,202507,Polygon,8167.640000000,278.800000000,,557.6,0,,subdel,1,17,30,29,1,0,2,2,0,0,Entre 55 y 60 años,,278.8,,2
8,Servicios para empresas,MORELOS,MORELOS,Morelos,202507,Polygon,5059.620000000,,,0,,,subdel,1,17,18,18,0,0,0,0,0,0,Entre 60 y 65 años,,,,0
8,Servicios para empresas,MORELOS,MORELOS,Morelos,202507,Polygon,850.140000000,278.800000000,,0,0,,subdel,1,17,4,3,1,0,0,0,0,0,Entre 65 y 70 años,,,,0
8,Servicios para empresas,MORELOS,MORELOS,Morelos,202507,Polygon,278.800000000,,,0,,,subdel,1,17,1,1,0,0,0,0,0,0,Entre 70 y 75 años,,,,0
7,Transportes y comunicaciones,MORELOS,MORELOS,Morelos,202507,Polygon,167447.599999996,14627.710000000,,4406.82,0,,subdel,1,17,622,572,50,0,13,13,0,0,75 años y más,,338.986153846,,13
7,Transportes y comunicaciones,MORELOS,MORELOS,Morelos,202507,Polygon,86331.509999998,7606.040000000,,2464.02,284.77,,subdel,1,17,321,295,26,0,7,6,1,0,Entre 15 y 20 años,284.77,410.67,,7
7,Transportes y comunicaciones,MORELOS,MORELOS,Morelos,202507,Polygon,852676.219999979,97471.689999998,,38609.88,2158.69,,subdel,1,17,3247,2914,333,0,117,110,7,0,Entre 20 y 25 años,308.384285714,350.998909091,,117
7,Transportes y comunicaciones,MORELOS,MORELOS,Morelos,202507,Polygon,945128.629999977,111249.189999997,,65651.18,2856.3,,subdel,1,17,3610,3230,380,0,194,185,9,0,Entre 25 y 30 años,317.366666667,354.871243243,,194
7,Transportes y comunicaciones,MORELOS,MORELOS,Morelos,202507,Polygon,725838.499999982,88113.659999998,,64021.16,7106,,subdel,1,17,2782,2481,301,0,205,183,22,0,Entre 30 y 35 años,323,349.842404372,,205
7,Transportes y comunicaciones,MORELOS,MORELOS,Morelos,202507,Polygon,499400.819999988,62046.069999998,,68871.97,6520.8,,subdel,1,17,1919,1707,212,0,212,192,20,0,Entre 35 y 40 años,326.04,358.708177083,,212
7,Transportes y comunicaciones,MORELOS,MORELOS,Morelos,202507,Polygon,334134.479999992,36892.989999999,,44696.92,5597.95,,subdel,1,17,1268,1142,126,0,137,120,17,0,Entre 40 y 45 años,329.291176471,372.474333333,,137
7,Transportes y comunicaciones,MORELOS,MORELOS,Morelos,202507,Polygon,204485.729999995,29546.559999999,,45269.54,1831.57,,subdel,1,17,800,699,101,0,130,124,6,0,Entre 45 y 50 años,305.261666667,365.076935484,,130
7,Transportes y comunicaciones,MORELOS,MORELOS,Morelos,202507,Polygon,125827.769999997,16089.720000000,,35474.16,1657.98,,subdel,1,17,485,430,55,0,98,93,5,0,Entre 50 y 55 años,331.596,381.442580645,,98
7,Transportes y comunicaciones,MORELOS,MORELOS,Morelos,202507,Polygon,77551.549999998,7333.250000000,,19107.38,674.68,,subdel,1,17,290,265,25,0,54,52,2,0,Entre 55 y 60 años,337.34,367.449615385,,54
7,Transportes y comunicaciones,MORELOS,MORELOS,Morelos,202507,Polygon,33349.559999999,2925.410000000,,7859.7,651.03,,subdel,1,17,124,114,10,0,22,20,2,0,Entre 60 y 65 años,325.515,392.985,,22
7,Transportes y comunicaciones,MORELOS,MORELOS,Morelos,202507,Polygon,10823.980000000,877.620000000,,2120.56,0,,subdel,1,17,40,37,3,0,6,6,0,0,Entre 65 y 70 años,,353.426666667,,6
7,Transportes y comunicaciones,MORELOS,MORELOS,Morelos,202507,Polygon,4680.640000000,,,675.5,,,subdel,1,17,16,16,0,0,2,2,0,0,Entre 70 y 75 años,,337.75,,2
8,Servicios para empresas,MÉXICO,MÉXICO,México,202507,Polygon,68819.599999998,3510.480000000,,960.67,0,,subdel,1,15,248,236,12,0,3,3,0,0,75 años y más,,320.223333333,,3
8,Servicios para empresas,MÉXICO,MÉXICO,México,202507,Polygon,35259.939999999,877.620000000,,613.43,0,,subdel,1,15,124,121,3,0,2,2,0,0,Entre 15 y 20 años,,306.715,,2
8,Servicios para empresas,MÉXICO,MÉXICO,México,202507,Polygon,561575.919999985,21190.539999999,,14247.05,327.78,,subdel,1,15,2009,1936,73,0,46,45,1,0,Entre 20 y 25 años,327.78,316.601111111,,46
8,Servicios para empresas,MÉXICO,MÉXICO,México,202507,Polygon,716511.499999979,37476.599999999,,27608.57,1734.47,,subdel,1,15,2612,2483,129,0,90,85,5,0,Entre 25 y 30 años,346.894,324.806705882,,90
8,Servicios para empresas,MÉXICO,MÉXICO,México,202507,Polygon,630817.79999998,34011.339999999,,31970.3,1765.5,,subdel,1,15,2320,2202,118,0,109,103,6,0,Entre 30 y 35 años,294.25,310.391262136,,109
8,Servicios para empresas,MÉXICO,MÉXICO,México,202507,Polygon,433250.859999985,26126.499999999,,23958.24,0,,subdel,1,15,1613,1522,91,0,77,77,0,0,Entre 35 y 40 años,,311.145974026,,77
8,Servicios para empresas,MÉXICO,MÉXICO,México,202507,Polygon,235361.119999991,13154.560000000,,12581.25,1144.12,,subdel,1,15,876,830,46,0,46,42,4,0,Entre 40 y 45 años,286.03,299.553571429,,46
8,Servicios para empresas,MÉXICO,MÉXICO,México,202507,Polygon,148591.879999995,6522.320000000,,9384.82,294.13,,subdel,1,15,547,524,23,0,33,32,1,0,Entre 45 y 50 años,294.13,293.275625,,33
8,Servicios para empresas,MÉXICO,MÉXICO,México,202507,Polygon,81197.239999997,4918.220000000,,4182,0,,subdel,1,15,304,287,17,0,15,15,0,0,Entre 50 y 55 años,,278.8,,15
8,Servicios para empresas,MÉXICO,MÉXICO,México,202507,Polygon,45673.979999998,1741.500000000,,3515.35,0,,subdel,1,15,168,162,6,0,11,11,0,0,Entre 55 y 60 años,,319.577272727,,11
8,Servicios para empresas,MÉXICO,MÉXICO,México,202507,Polygon,18871.959999999,278.800000000,,1181.77,0,,subdel,1,15,68,67,1,0,4,4,0,0,Entre 60 y 65 años,,295.4425,,4
8,Servicios para empresas,MÉXICO,MÉXICO,México,202507,Polygon,8752.720000000,278.800000000,,557.6,0,,subdel,1,15,32,31,1,0,2,2,0,0,Entre 65 y 70 años,,278.8,,2
8,Servicios para empresas,MÉXICO,MÉXICO,México,202507,Polygon,1672.800000000,,,0,,,subdel,1,15,6,6,0,0,0,0,0,0,Entre 70 y 75 años,,,,0
7,Transportes y comunicaciones,MÉXICO,MÉXICO,México,202507,Polygon,1398393.44999997,154235.439999996,,31187.81,1293.27,,subdel,1,15,5302,4776,526,0,99,95,4,0,75 años y más,323.3175,328.292736842,,99
7,Transportes y comunicaciones,MÉXICO,MÉXICO,México,202507,Polygon,725073.659999983,53242.289999999,,17815.76,908.47,,subdel,1,15,2659,2477,182,0,57,54,3,0,Entre 15 y 20 años,302.823333333,329.921481481,,57
7,Transportes y comunicaciones,MÉXICO,MÉXICO,México,202507,Polygon,7535438.46999982,760630.249999982,,306596.5,16324.56,,subdel,1,15,28348,25750,2598,0,968,917,51,0,Entre 20 y 25 años,320.089411765,334.347328244,,968
7,Transportes y comunicaciones,MÉXICO,MÉXICO,México,202507,Polygon,8189476.8499998,857353.209999979,,557889.03,32866.12,,subdel,1,15,30916,27987,2929,0,1707,1603,104,0,Entre 25 y 30 años,316.020384615,348.028091079,,1707
7,Transportes y comunicaciones,MÉXICO,MÉXICO,México,202507,Polygon,6533939.18999984,680891.319999983,,645099.81,42531.37,,subdel,1,15,24658,22332,2326,0,1956,1819,137,0,Entre 30 y 35 años,310.447956204,354.645305113,,1956
7,Transportes y comunicaciones,MÉXICO,MÉXICO,México,202507,Polygon,3976763.4699999,397983.83999999,,540317.64,34012.43,,subdel,1,15,14952,13592,1360,0,1603,1494,109,0,Entre 35 y 40 años,312.040642202,361.658393574,,1603
7,Transportes y comunicaciones,MÉXICO,MÉXICO,México,202507,Polygon,2026802.01999995,234799.029999994,,317885.76,21775.54,,subdel,1,15,7729,6927,802,0,940,873,67,0,Entre 40 y 45 años,325.008059701,364.130309278,,940
7,Transportes y comunicaciones,MÉXICO,MÉXICO,México,202507,Polygon,1112290.49999997,123177.849999997,,229307.84,11877.78,,subdel,1,15,4223,3802,421,0,644,608,36,0,Entre 45 y 50 años,329.938333333,377.151052632,,644
7,Transportes y comunicaciones,MÉXICO,MÉXICO,México,202507,Polygon,607611.859999985,62928.709999998,,150655.2,8246.48,,subdel,1,15,2292,2077,215,0,423,397,26,0,Entre 50 y 55 años,317.172307692,379.484130982,,423
7,Transportes y comunicaciones,MÉXICO,MÉXICO,México,202507,Polygon,321850.809999992,33643.179999999,,98036.4,2042.42,,subdel,1,15,1215,1100,115,0,262,256,6,0,Entre 55 y 60 años,340.403333333,382.9546875,,262
7,Transportes y comunicaciones,MÉXICO,MÉXICO,México,202507,Polygon,158294.839999996,11994.150000000,,39648.81,292.55,,subdel,1,15,582,541,41,0,106,105,1,0,Entre 60 y 65 años,292.55,377.607714286,,106
7,Transportes y comunicaciones,MÉXICO,MÉXICO,México,202507,Polygon,55585.299999999,3803.020000000,,12081.26,0,,subdel,1,15,203,190,13,0,33,33,0,0,Entre 65 y 70 años,,366.098787879,,33
7,Transportes y comunicaciones,MÉXICO,MÉXICO,México,202507,Polygon,16089.700000000,2057.670000000,,2862.01,0,,subdel,1,15,62,55,7,0,8,8,0,0,Entre 70 y 75 años,,357.75125,,8
8,Servicios para empresas,NAYARIT,NAYARIT,Nayarit,202507,MultiPolygon,26806.019999999,278.800000000,,1394,0,,subdel,1,18,97,96,1,0,5,5,0,0,75 años y más,,278.8,,5
8,Servicios para empresas,NAYARIT,NAYARIT,Nayarit,202507,MultiPolygon,9840.440000000,,,557.6,,,subdel,1,18,35,35,0,0,2,2,0,0,Entre 15 y 20 años,,278.8,,2
8,Servicios para empresas,NAYARIT,NAYARIT,Nayarit,202507,MultiPolygon,189513.039999992,8153.900000000,,18033.08,0,,subdel,1,18,705,676,29,0,64,64,0,0,Entre 20 y 25 años,,281.766875,,64
8,Servicios para empresas,NAYARIT,NAYARIT,Nayarit,202507,MultiPolygon,284401.219999988,12559.739999999,,27140.83,0,,subdel,1,18,1061,1016,45,0,97,97,0,0,Entre 25 y 30 años,,279.802371134,,97
8,Servicios para empresas,NAYARIT,NAYARIT,Nayarit,202507,MultiPolygon,285744.259999988,18958.399999999,,28612.7,1115.2,,subdel,1,18,1090,1022,68,0,106,102,4,0,Entre 30 y 35 años,278.8,280.516666667,,106
8,Servicios para empresas,NAYARIT,NAYARIT,Nayarit,202507,MultiPolygon,265117.059999989,19278.419999999,,33602.32,1454.91,,subdel,1,18,1018,949,69,0,125,120,5,0,Entre 35 y 40 años,290.982,280.019333333,,125
8,Servicios para empresas,NAYARIT,NAYARIT,Nayarit,202507,MultiPolygon,228342.93999999,14566.299999999,,33903.48,836.4,,subdel,1,18,869,817,52,0,124,121,3,0,Entre 40 y 45 años,278.8,280.194049587,,124
8,Servicios para empresas,NAYARIT,NAYARIT,Nayarit,202507,MultiPolygon,163372.799999993,8656.540000000,,22729.42,1115.2,,subdel,1,18,616,585,31,0,84,80,4,0,Entre 45 y 50 años,278.8,284.11775,,84
8,Servicios para empresas,NAYARIT,NAYARIT,Nayarit,202507,MultiPolygon,100825.419999996,4753.340000000,,11742.38,0,,subdel,1,18,378,361,17,0,42,42,0,0,Entre 50 y 55 años,,279.580476190,,42
8,Servicios para empresas,NAYARIT,NAYARIT,Nayarit,202507,MultiPolygon,65879.239999997,1951.600000000,,9200.4,0,,subdel,1,18,243,236,7,0,33,33,0,0,Entre 55 y 60 años,,278.8,,33
8,Servicios para empresas,NAYARIT,NAYARIT,Nayarit,202507,MultiPolygon,34013.599999999,1394.000000000,,3345.6,0,,subdel,1,18,127,122,5,0,12,12,0,0,Entre 60 y 65 años,,278.8,,12
8,Servicios para empresas,NAYARIT,NAYARIT,Nayarit,202507,MultiPolygon,14803.879999999,278.800000000,,1394,0,,subdel,1,18,54,53,1,0,5,5,0,0,Entre 65 y 70 años,,278.8,,5
8,Servicios para empresas,NAYARIT,NAYARIT,Nayarit,202507,MultiPolygon,3624.400000000,,,0,,,subdel,1,18,13,13,0,0,0,0,0,0,Entre 70 y 75 años,,,,0
7,Transportes y comunicaciones,NAYARIT,NAYARIT,Nayarit,202507,MultiPolygon,46535.169999999,3803.020000000,,2408.08,0,,subdel,1,18,172,159,13,0,7,7,0,0,75 años y más,,344.011428571,,7
7,Transportes y comunicaciones,NAYARIT,NAYARIT,Nayarit,202507,MultiPolygon,22851.449999999,2047.780000000,,1513.44,0,,subdel,1,18,85,78,7,0,4,4,0,0,Entre 15 y 20 años,,378.36,,4
7,Transportes y comunicaciones,NAYARIT,NAYARIT,Nayarit,202507,MultiPolygon,284568.609999993,29840.469999999,,14149.9,667.79,,subdel,1,18,1074,972,102,0,42,40,2,0,Entre 20 y 25 años,333.895,353.7475,,42
7,Transportes y comunicaciones,NAYARIT,NAYARIT,Nayarit,202507,MultiPolygon,306344.379999993,32203.439999999,,28772.22,1230.78,,subdel,1,18,1157,1047,110,0,82,78,4,0,Entre 25 y 30 años,307.695,368.874615385,,82
7,Transportes y comunicaciones,NAYARIT,NAYARIT,Nayarit,202507,MultiPolygon,275637.289999993,31630.599999999,,39363.92,2267.22,,subdel,1,18,1050,942,108,0,107,100,7,0,Entre 30 y 35 años,323.888571429,393.6392,,107
7,Transportes y comunicaciones,NAYARIT,NAYARIT,Nayarit,202507,MultiPolygon,203930.029999995,28376.409999999,,44838.24,3534.47,,subdel,1,18,794,697,97,0,117,108,9,0,Entre 35 y 40 años,392.718888889,415.168888889,,117
7,Transportes y comunicaciones,NAYARIT,NAYARIT,Nayarit,202507,MultiPolygon,163562.969999996,24026.219999999,,41647.58,4053.88,,subdel,1,18,641,559,82,0,112,101,11,0,Entre 40 y 45 años,368.534545455,412.352277228,,112
7,Transportes y comunicaciones,NAYARIT,NAYARIT,Nayarit,202507,MultiPolygon,95981.889999998,12871.770000000,,31193.72,1517.7,,subdel,1,18,372,328,44,0,77,73,4,0,Entre 45 y 50 años,379.425,427.311232877,,77
7,Transportes y comunicaciones,NAYARIT,NAYARIT,Nayarit,202507,MultiPolygon,72257.399999998,10823.980000000,,23295.41,2234.4,,subdel,1,18,284,247,37,0,59,54,5,0,Entre 50 y 55 años,446.88,431.396481481,,59
7,Transportes y comunicaciones,NAYARIT,NAYARIT,Nayarit,202507,MultiPolygon,35104.799999999,5850.800000000,,14378.16,0,,subdel,1,18,140,120,20,0,35,35,0,0,Entre 55 y 60 años,,410.804571429,,35
7,Transportes y comunicaciones,NAYARIT,NAYARIT,Nayarit,202507,MultiPolygon,23110.659999999,1755.240000000,,7029,291.34,,subdel,1,18,85,79,6,0,19,18,1,0,Entre 60 y 65 años,291.34,390.5,,19
7,Transportes y comunicaciones,NAYARIT,NAYARIT,Nayarit,202507,MultiPolygon,12579.230000000,877.620000000,,4600.04,0,,subdel,1,18,46,43,3,0,10,10,0,0,Entre 65 y 70 años,,460.004,,10
7,Transportes y comunicaciones,NAYARIT,NAYARIT,Nayarit,202507,MultiPolygon,4973.180000000,,,1514.07,,,subdel,1,18,17,17,0,0,4,4,0,0,Entre 70 y 75 años,,378.5175,,4
8,Servicios para empresas,NUEVO LEÓN,NUEVO LEÓN,Nuevo León,202507,Polygon,17469.960000000,1755.240000000,,1602.87,0,,subdel,1,19,66,60,6,0,4,4,0,0,75 años y más,,400.7175,,4
8,Servicios para empresas,NUEVO LEÓN,NUEVO LEÓN,Nuevo León,202507,Polygon,54275.039999999,3510.480000000,,715.84,0,,subdel,1,19,198,186,12,0,2,2,0,0,Entre 15 y 20 años,,357.92,,2
8,Servicios para empresas,NUEVO LEÓN,NUEVO LEÓN,Nuevo León,202507,Polygon,353206.219999991,24267.079999999,,20251.99,1047.08,,subdel,1,19,1297,1214,83,0,59,56,3,0,Entre 20 y 25 años,349.026666667,361.642678571,,59
8,Servicios para empresas,NUEVO LEÓN,NUEVO LEÓN,Nuevo León,202507,Polygon,374515.199999989,28435.339999999,,25410.13,339.04,,subdel,1,19,1394,1296,98,0,74,73,1,0,Entre 25 y 30 años,339.04,348.083972603,,74
8,Servicios para empresas,NUEVO LEÓN,NUEVO LEÓN,Nuevo León,202507,Polygon,361369.159999989,31835.899999999,,28941.31,346.25,,subdel,1,19,1369,1259,110,0,85,84,1,0,Entre 30 y 35 años,346.25,344.539404762,,85
8,Servicios para empresas,NUEVO LEÓN,NUEVO LEÓN,Nuevo León,202507,Polygon,315658.47999999,24869.899999999,,29073.73,1438.57,,subdel,1,19,1191,1105,86,0,91,86,5,0,Entre 35 y 40 años,287.714,338.066627907,,91
8,Servicios para empresas,NUEVO LEÓN,NUEVO LEÓN,Nuevo León,202507,Polygon,252974.219999991,24869.899999999,,24939.27,2177.82,,subdel,1,19,974,888,86,0,80,73,7,0,Entre 40 y 45 años,311.117142857,341.633835616,,80
8,Servicios para empresas,NUEVO LEÓN,NUEVO LEÓN,Nuevo León,202507,Polygon,186418.239999993,17346.300000000,,18442.24,655.15,,subdel,1,19,718,658,60,0,61,59,2,0,Entre 45 y 50 años,327.575,312.580338983,,61
8,Servicios para empresas,NUEVO LEÓN,NUEVO LEÓN,Nuevo León,202507,Polygon,116775.459999996,17469.960000000,,11170.16,1808.28,,subdel,1,19,472,412,60,0,40,36,4,0,Entre 50 y 55 años,452.07,310.282222222,,40
8,Servicios para empresas,NUEVO LEÓN,NUEVO LEÓN,Nuevo León,202507,Polygon,69766.439999997,10170.200000000,,8712.72,1523.69,,subdel,1,19,281,246,35,0,33,29,4,0,Entre 55 y 60 años,380.9225,300.438620690,,33
8,Servicios para empresas,NUEVO LEÓN,NUEVO LEÓN,Nuevo León,202507,Polygon,36249.739999999,3483.000000000,,3806,0,,subdel,1,19,140,128,12,0,13,13,0,0,Entre 60 y 65 años,,292.769230769,,13
8,Servicios para empresas,NUEVO LEÓN,NUEVO LEÓN,Nuevo León,202507,Polygon,12542.000000000,877.620000000,,1000.47,481.54,,subdel,1,19,47,44,3,0,4,3,1,0,Entre 65 y 70 años,481.54,333.49,,4
8,Servicios para empresas,NUEVO LEÓN,NUEVO LEÓN,Nuevo León,202507,Polygon,1142.680000000,292.540000000,,0,0,,subdel,1,19,5,4,1,0,0,0,0,0,Entre 70 y 75 años,,,,0
7,Transportes y comunicaciones,NUEVO LEÓN,NUEVO LEÓN,Nuevo León,202507,Polygon,199819.609999995,29566.329999999,,14593.4,1805.74,,subdel,1,19,783,682,101,0,44,39,5,0,75 años y más,361.148,374.189743590,,44
7,Transportes y comunicaciones,NUEVO LEÓN,NUEVO LEÓN,Nuevo León,202507,Polygon,467685.349999989,48397.509999999,,35845.45,2714.93,,subdel,1,19,1762,1597,165,0,92,86,6,0,Entre 15 y 20 años,452.488333333,416.807558140,,92
7,Transportes y comunicaciones,NUEVO LEÓN,NUEVO LEÓN,Nuevo León,202507,Polygon,2791764.47999993,369814.999999991,,390907.42,17520.21,,subdel,1,19,10803,9540,1263,0,1019,974,45,0,Entre 20 y 25 años,389.338,401.342320329,,1019
7,Transportes y comunicaciones,NUEVO LEÓN,NUEVO LEÓN,Nuevo León,202507,Polygon,3369623.24999992,454060.149999989,,716128.74,36359.37,,subdel,1,19,13067,11516,1551,0,1834,1729,105,0,Entre 25 y 30 años,346.279714286,414.186662811,,1834
7,Transportes y comunicaciones,NUEVO LEÓN,NUEVO LEÓN,Nuevo León,202507,Polygon,3391329.43999992,477372.899999988,,915211.95,61962.35,,subdel,1,19,13222,11591,1631,0,2342,2173,169,0,Entre 30 y 35 años,366.641124260,421.174390244,,2342
7,Transportes y comunicaciones,NUEVO LEÓN,NUEVO LEÓN,Nuevo León,202507,Polygon,2763953.65999993,378755.999999991,,866667.14,61056.61,,subdel,1,19,10741,9447,1294,0,2223,2053,170,0,Entre 35 y 40 años,359.156529412,422.146682903,,2223
7,Transportes y comunicaciones,NUEVO LEÓN,NUEVO LEÓN,Nuevo León,202507,Polygon,2189823.30999995,316557.939999992,,811261.95,60244.3,,subdel,1,19,8567,7485,1082,0,2012,1855,157,0,Entre 40 y 45 años,383.721656051,437.337978437,,2012
7,Transportes y comunicaciones,NUEVO LEÓN,NUEVO LEÓN,Nuevo León,202507,Polygon,1435597.67999997,212402.399999995,,645771,40427.24,,subdel,1,19,5633,4907,726,0,1541,1441,100,0,Entre 45 y 50 años,404.2724,448.140874393,,1541
7,Transportes y comunicaciones,NUEVO LEÓN,NUEVO LEÓN,Nuevo León,202507,Polygon,963096.649999977,161507.899999996,,496992.36,34277.77,,subdel,1,19,3844,3292,552,0,1195,1106,89,0,Entre 50 y 55 años,385.143483146,449.360180832,,1195
7,Transportes y comunicaciones,NUEVO LEÓN,NUEVO LEÓN,Nuevo León,202507,Polygon,637771.249999985,84259.239999998,,332069.48,18543.92,,subdel,1,19,2468,2180,288,0,806,757,49,0,Entre 55 y 60 años,378.447346939,438.665099075,,806
7,Transportes y comunicaciones,NUEVO LEÓN,NUEVO LEÓN,Nuevo León,202507,Polygon,318290.569999992,35982.449999999,,143864.41,2917.47,,subdel,1,19,1211,1088,123,0,349,341,8,0,Entre 60 y 65 años,364.68375,421.889765396,,349
7,Transportes y comunicaciones,NUEVO LEÓN,NUEVO LEÓN,Nuevo León,202507,Polygon,102974.099999998,9068.740000000,,40935.29,777.54,,subdel,1,19,383,352,31,0,97,95,2,0,Entre 65 y 70 años,388.77,430.897789474,,97
7,Transportes y comunicaciones,NUEVO LEÓN,NUEVO LEÓN,Nuevo León,202507,Polygon,28677.079999999,2634.560000000,,7610.76,425.41,,subdel,1,19,107,98,9,0,18,17,1,0,Entre 70 y 75 años,425.41,447.691764706,,18
8,Servicios para empresas,OAXACA,OAXACA,Oaxaca,202507,MultiPolygon,5503.300000000,,,574.01,,,subdel,1,20,19,19,0,0,2,2,0,0,75 años y más,,287.005,,2
8,Servicios para empresas,OAXACA,OAXACA,Oaxaca,202507,MultiPolygon,3455.520000000,,,0,,,subdel,1,20,12,12,0,0,0,0,0,0,Entre 15 y 20 años,,,,0
8,Servicios para empresas,OAXACA,OAXACA,Oaxaca,202507,MultiPolygon,77780.679999998,2312.840000000,,5254.48,395.07,,subdel,1,20,279,271,8,0,15,14,1,0,Entre 20 y 25 años,395.07,375.32,,15
8,Servicios para empresas,OAXACA,OAXACA,Oaxaca,202507,MultiPolygon,160578.019999995,7761.180000000,,11243.45,278.8,,subdel,1,20,590,563,27,0,35,34,1,0,Entre 25 y 30 años,278.8,330.689705882,,35
8,Servicios para empresas,OAXACA,OAXACA,Oaxaca,202507,MultiPolygon,155082.719999994,11650.640000000,,13278.2,744.23,,subdel,1,20,587,546,41,0,44,42,2,0,Entre 30 y 35 años,372.115,316.147619048,,44
8,Servicios para empresas,OAXACA,OAXACA,Oaxaca,202507,MultiPolygon,113840.319999996,7875.100000000,,10868.82,582.75,,subdel,1,20,431,403,28,0,36,34,2,0,Entre 35 y 40 años,291.375,319.671176471,,36
8,Servicios para empresas,OAXACA,OAXACA,Oaxaca,202507,MultiPolygon,98953.999999996,5658.440000000,,10481.1,592.12,,subdel,1,20,370,350,20,0,37,35,2,0,Entre 40 y 45 años,296.06,299.46,,37
8,Servicios para empresas,OAXACA,OAXACA,Oaxaca,202507,MultiPolygon,65588.439999998,2550.420000000,,4467.42,0,,subdel,1,20,241,232,9,0,15,15,0,0,Entre 45 y 50 años,,297.828,,15
8,Servicios para empresas,OAXACA,OAXACA,Oaxaca,202507,MultiPolygon,37702.699999999,850.140000000,,3107.21,0,,subdel,1,20,137,134,3,0,11,11,0,0,Entre 50 y 55 años,,282.473636364,,11
8,Servicios para empresas,OAXACA,OAXACA,Oaxaca,202507,MultiPolygon,20279.699999999,2006.560000000,,3642.51,278.8,,subdel,1,20,79,72,7,0,12,11,1,0,Entre 55 y 60 años,278.8,331.137272727,,12
8,Servicios para empresas,OAXACA,OAXACA,Oaxaca,202507,MultiPolygon,13213.519999999,278.800000000,,2333.65,0,,subdel,1,20,48,47,1,0,8,8,0,0,Entre 60 y 65 años,,291.70625,,8
8,Servicios para empresas,OAXACA,OAXACA,Oaxaca,202507,MultiPolygon,4460.800000000,278.800000000,,836.4,0,,subdel,1,20,17,16,1,0,3,3,0,0,Entre 65 y 70 años,,278.8,,3
8,Servicios para empresas,OAXACA,OAXACA,Oaxaca,202507,MultiPolygon,836.400000000,,,0,,,subdel,1,20,3,3,0,0,0,0,0,0,Entre 70 y 75 años,,,,0
7,Transportes y comunicaciones,OAXACA,OAXACA,Oaxaca,202507,MultiPolygon,116321.979999997,10238.900000000,,3050.43,0,,subdel,1,20,432,397,35,0,9,9,0,0,75 años y más,,338.936666667,,9
7,Transportes y comunicaciones,OAXACA,OAXACA,Oaxaca,202507,MultiPolygon,51806.339999999,4388.680000000,,2290.48,0,,subdel,1,20,192,177,15,0,6,6,0,0,Entre 15 y 20 años,,381.746666667,,6
7,Transportes y comunicaciones,OAXACA,OAXACA,Oaxaca,202507,MultiPolygon,746105.289999982,88403.369999998,,38187.33,2121.77,,subdel,1,20,2851,2549,302,0,109,103,6,0,Entre 20 y 25 años,353.628333333,370.750776699,,109
7,Transportes y comunicaciones,OAXACA,OAXACA,Oaxaca,202507,MultiPolygon,1010942.72999998,128787.149999997,,100425.86,6541.78,,subdel,1,20,3895,3455,440,0,268,248,20,0,Entre 25 y 30 años,327.089,404.942983871,,268
7,Transportes y comunicaciones,OAXACA,OAXACA,Oaxaca,202507,MultiPolygon,846279.119999979,110068.209999997,,111634.55,9749.2,,subdel,1,20,3268,2892,376,0,319,292,27,0,Entre 30 y 35 años,361.081481481,382.310102740,,319
7,Transportes y comunicaciones,OAXACA,OAXACA,Oaxaca,202507,MultiPolygon,572636.979999986,83374.019999998,,84906.23,8887.35,,subdel,1,20,2242,1957,285,0,246,221,25,0,Entre 35 y 40 años,355.494,384.191085973,,246
7,Transportes y comunicaciones,OAXACA,OAXACA,Oaxaca,202507,MultiPolygon,405923.62999999,48655.599999999,,74735.15,5422.68,,subdel,1,20,1553,1387,166,0,206,190,16,0,Entre 40 y 45 años,338.9175,393.342894737,,206
7,Transportes y comunicaciones,OAXACA,OAXACA,Oaxaca,202507,MultiPolygon,260980.779999994,30716.769999999,,66214.63,4416.36,,subdel,1,20,997,892,105,0,172,160,12,0,Entre 45 y 50 años,368.03,413.8414375,,172
7,Transportes y comunicaciones,OAXACA,OAXACA,Oaxaca,202507,MultiPolygon,162091.389999996,20185.280000000,,46130.78,3901.07,,subdel,1,20,623,554,69,0,130,120,10,0,Entre 50 y 55 años,390.107,384.423166667,,130
7,Transportes y comunicaciones,OAXACA,OAXACA,Oaxaca,202507,MultiPolygon,83081.409999998,9068.740000000,,23643.39,1845.21,,subdel,1,20,315,284,31,0,64,60,4,0,Entre 55 y 60 años,461.3025,394.0565,,64
7,Transportes y comunicaciones,OAXACA,OAXACA,Oaxaca,202507,MultiPolygon,52657.229999999,6728.420000000,,14843.22,0,,subdel,1,20,203,180,23,0,38,38,0,0,Entre 60 y 65 años,,390.611052632,,38
7,Transportes y comunicaciones,OAXACA,OAXACA,Oaxaca,202507,MultiPolygon,16967.320000000,1755.240000000,,4020.92,886.73,,subdel,1,20,64,58,6,0,12,10,2,0,Entre 65 y 70 años,443.365,402.092,,12
7,Transportes y comunicaciones,OAXACA,OAXACA,Oaxaca,202507,MultiPolygon,9068.740000000,292.540000000,,1013.05,0,,subdel,1,20,32,31,1,0,3,3,0,0,Entre 70 y 75 años,,337.683333333,,3
8,Servicios para empresas,PUEBLA,PUEBLA,Puebla,202507,Polygon,30775.659999999,863.880000000,,846.65,0,,subdel,1,21,109,106,3,0,2,2,0,0,75 años y más,,423.325,,2
8,Servicios para empresas,PUEBLA,PUEBLA,Puebla,202507,Polygon,9292.580000000,278.800000000,,0,0,,subdel,1,21,33,32,1,0,0,0,0,0,Entre 15 y 20 años,,,,0
8,Servicios para empresas,PUEBLA,PUEBLA,Puebla,202507,Polygon,212296.379999994,7217.320000000,,4383.16,0,,subdel,1,21,760,735,25,0,14,14,0,0,Entre 20 y 25 años,,313.082857143,,14
8,Servicios para empresas,PUEBLA,PUEBLA,Puebla,202507,Polygon,316634.01999999,10645.360000000,,9547.07,0,,subdel,1,21,1142,1105,37,0,31,31,0,0,Entre 25 y 30 años,,307.97,,31
8,Servicios para empresas,PUEBLA,PUEBLA,Puebla,202507,Polygon,340401.239999988,12862.020000000,,13696.87,321.23,,subdel,1,21,1242,1197,45,0,45,44,1,0,Entre 30 y 35 años,321.23,311.2925,,45
8,Servicios para empresas,PUEBLA,PUEBLA,Puebla,202507,Polygon,262514.63999999,13602.240000000,,12442.09,278.8,,subdel,1,21,975,927,48,0,42,41,1,0,Entre 35 y 40 años,278.8,303.465609756,,42
8,Servicios para empresas,PUEBLA,PUEBLA,Puebla,202507,Polygon,215545.099999992,12697.140000000,,10287.05,583.95,,subdel,1,21,809,764,45,0,38,36,2,0,Entre 40 y 45 años,291.975,285.751388889,,38
8,Servicios para empresas,PUEBLA,PUEBLA,Puebla,202507,Polygon,160450.879999994,5909.760000000,,9084.2,0,,subdel,1,21,590,569,21,0,30,30,0,0,Entre 45 y 50 años,,302.806666667,,30
8,Servicios para empresas,PUEBLA,PUEBLA,Puebla,202507,Polygon,99990.759999996,4250.700000000,,4200.91,0,,subdel,1,21,370,355,15,0,15,15,0,0,Entre 50 y 55 años,,280.060666667,,15
8,Servicios para empresas,PUEBLA,PUEBLA,Puebla,202507,Polygon,54037.979999998,2550.420000000,,3511.06,0,,subdel,1,21,201,192,9,0,11,11,0,0,Entre 55 y 60 años,,319.187272727,,11
8,Servicios para empresas,PUEBLA,PUEBLA,Puebla,202507,Polygon,29228.779999999,278.800000000,,1751.71,0,,subdel,1,21,105,104,1,0,6,6,0,0,Entre 60 y 65 años,,291.951666667,,6
8,Servicios para empresas,PUEBLA,PUEBLA,Puebla,202507,Polygon,8684.020000000,,,557.6,,,subdel,1,21,31,31,0,0,2,2,0,0,Entre 65 y 70 años,,278.8,,2
8,Servicios para empresas,PUEBLA,PUEBLA,Puebla,202507,Polygon,2788.000000000,,,278.8,,,subdel,1,21,10,10,0,0,1,1,0,0,Entre 70 y 75 años,,278.8,,1
7,Transportes y comunicaciones,PUEBLA,PUEBLA,Puebla,202507,Polygon,302390.069999993,26665.509999999,,8621.87,0,,subdel,1,21,1124,1033,91,0,27,27,0,0,75 años y más,,319.328518519,,27
7,Transportes y comunicaciones,PUEBLA,PUEBLA,Puebla,202507,Polygon,139888.009999997,12871.760000000,,3112.85,292.54,,subdel,1,21,522,478,44,0,10,9,1,0,Entre 15 y 20 años,292.54,345.872222222,,10
7,Transportes y comunicaciones,PUEBLA,PUEBLA,Puebla,202507,Polygon,1906072.13999995,169941.859999996,,89941.98,4832.27,,subdel,1,21,7093,6513,580,0,271,257,14,0,Entre 20 y 25 años,345.162142857,349.968793774,,271
7,Transportes y comunicaciones,PUEBLA,PUEBLA,Puebla,202507,Polygon,2298742.01999994,221365.179999995,,203183.33,11344.28,,subdel,1,21,8612,7856,756,0,603,567,36,0,Entre 25 y 30 años,315.118888889,358.348024691,,603
7,Transportes y comunicaciones,PUEBLA,PUEBLA,Puebla,202507,Polygon,2033353.45999995,220018.919999995,,214729.97,12888.36,,subdel,1,21,7701,6949,752,0,645,603,42,0,Entre 30 y 35 años,306.865714286,356.102769486,,645
7,Transportes y comunicaciones,PUEBLA,PUEBLA,Puebla,202507,Polygon,1472545.58999996,156545.389999996,,224626.5,17392.77,,subdel,1,21,5568,5033,535,0,666,612,54,0,Entre 35 y 40 años,322.088333333,367.036764706,,666
7,Transportes y comunicaciones,PUEBLA,PUEBLA,Puebla,202507,Polygon,1080403.37999997,125834.209999997,,194666.18,16884.46,,subdel,1,21,4123,3693,430,0,573,521,52,0,Entre 40 y 45 años,324.701153846,373.639500960,,573
7,Transportes y comunicaciones,PUEBLA,PUEBLA,Puebla,202507,Polygon,692841.919999983,67604.569999998,,166320.36,9233.26,,subdel,1,21,2599,2368,231,0,461,434,27,0,Entre 45 y 50 años,341.972592593,383.226635945,,461
7,Transportes y comunicaciones,PUEBLA,PUEBLA,Puebla,202507,Polygon,459083.239999989,50902.029999999,,149054.08,7998.23,,subdel,1,21,1743,1569,174,0,408,384,24,0,Entre 50 y 55 años,333.259583333,388.161666667,,408
7,Transportes y comunicaciones,PUEBLA,PUEBLA,Puebla,202507,Polygon,275883.179999993,21940.509999999,,82157.82,1244.2,,subdel,1,21,1018,943,75,0,220,216,4,0,Entre 55 y 60 años,311.05,380.360277778,,220
7,Transportes y comunicaciones,PUEBLA,PUEBLA,Puebla,202507,Polygon,136637.729999997,10531.460000000,,33337.1,941.43,,subdel,1,21,503,467,36,0,97,94,3,0,Entre 60 y 65 años,313.81,354.65,,97
7,Transportes y comunicaciones,PUEBLA,PUEBLA,Puebla,202507,Polygon,44792.449999999,3803.020000000,,10836.54,450.03,,subdel,1,21,166,153,13,0,31,30,1,0,Entre 65 y 70 años,450.03,361.218,,31
7,Transportes y comunicaciones,PUEBLA,PUEBLA,Puebla,202507,Polygon,14919.540000000,1170.160000000,,2753.02,0,,subdel,1,21,55,51,4,0,7,7,0,0,Entre 70 y 75 años,,393.288571429,,7
8,Servicios para empresas,QUERÉTARO,QUERÉTARO,Querétaro,202507,Polygon,11481.760000000,571.340000000,,329.79,0,,subdel,1,22,42,40,2,0,1,1,0,0,75 años y más,,329.79,,1
8,Servicios para empresas,QUERÉTARO,QUERÉTARO,Querétaro,202507,Polygon,12679.400000000,585.080000000,,278.8,0,,subdel,1,22,46,44,2,0,1,1,0,0,Entre 15 y 20 años,,278.8,,1
8,Servicios para empresas,QUERÉTARO,QUERÉTARO,Querétaro,202507,Polygon,145134.099999995,5183.280000000,,7424.7,0,,subdel,1,22,526,508,18,0,24,24,0,0,Entre 20 y 25 años,,309.3625,,24
8,Servicios para empresas,QUERÉTARO,QUERÉTARO,Querétaro,202507,Polygon,216968.319999992,13922.260000000,,18106.31,0,,subdel,1,22,815,766,49,0,60,60,0,0,Entre 25 y 30 años,,301.771833333,,60
8,Servicios para empresas,QUERÉTARO,QUERÉTARO,Querétaro,202507,Polygon,237012.699999991,13003.420000000,,15214.12,599.37,,subdel,1,22,887,841,46,0,54,52,2,0,Entre 30 y 35 años,299.685,292.579230769,,54
8,Servicios para empresas,QUERÉTARO,QUERÉTARO,Querétaro,202507,Polygon,186862.439999992,10955.640000000,,16940.44,1115.2,,subdel,1,22,705,666,39,0,64,60,4,0,Entre 35 y 40 años,278.8,282.340666667,,64
8,Servicios para empresas,QUERÉTARO,QUERÉTARO,Querétaro,202507,Polygon,148017.059999994,9840.440000000,,13759.83,836.4,,subdel,1,22,563,528,35,0,51,48,3,0,Entre 40 y 45 años,278.8,286.663125,,51
8,Servicios para empresas,QUERÉTARO,QUERÉTARO,Querétaro,202507,Polygon,110108.259999995,6453.620000000,,10315.6,329.1,,subdel,1,22,417,394,23,0,38,37,1,0,Entre 45 y 50 años,329.1,278.8,,38
8,Servicios para empresas,QUERÉTARO,QUERÉTARO,Querétaro,202507,Polygon,75788.379999997,3916.940000000,,6970,836.4,,subdel,1,22,285,271,14,0,28,25,3,0,Entre 50 y 55 años,278.8,278.8,,28
8,Servicios para empresas,QUERÉTARO,QUERÉTARO,Querétaro,202507,Polygon,43895.259999998,1128.940000000,,5887.26,0,,subdel,1,22,161,157,4,0,21,21,0,0,Entre 55 y 60 años,,280.345714286,,21
8,Servicios para empresas,QUERÉTARO,QUERÉTARO,Querétaro,202507,Polygon,14552.559999999,557.600000000,,1951.6,0,,subdel,1,22,54,52,2,0,7,7,0,0,Entre 60 y 65 años,,278.8,,7
8,Servicios para empresas,QUERÉTARO,QUERÉTARO,Querétaro,202507,Polygon,6439.880000000,,,0,,,subdel,1,22,23,23,0,0,0,0,0,0,Entre 65 y 70 años,,,,0
8,Servicios para empresas,QUERÉTARO,QUERÉTARO,Querétaro,202507,Polygon,278.800000000,,,0,,,subdel,1,22,1,1,0,0,0,0,0,0,Entre 70 y 75 años,,,,0
7,Transportes y comunicaciones,QUERÉTARO,QUERÉTARO,Querétaro,202507,Polygon,84410.619999998,8483.660000000,,3878.12,0,,subdel,1,22,317,288,29,0,11,11,0,0,75 años y más,,352.556363636,,11
7,Transportes y comunicaciones,QUERÉTARO,QUERÉTARO,Querétaro,202507,Polygon,88707.639999998,8201.260000000,,1511.19,583.3,,subdel,1,22,331,303,28,0,7,5,2,0,Entre 15 y 20 años,291.65,302.238,,7
7,Transportes y comunicaciones,QUERÉTARO,QUERÉTARO,Querétaro,202507,Polygon,701273.789999983,62040.959999998,,37170.65,1235.69,,subdel,1,22,2608,2396,212,0,112,108,4,0,Entre 20 y 25 años,308.9225,344.172685185,,112
7,Transportes y comunicaciones,QUERÉTARO,QUERÉTARO,Querétaro,202507,Polygon,769302.129999981,89245.169999998,,66751.77,5411.45,,subdel,1,22,2934,2629,305,0,201,184,17,0,Entre 25 y 30 años,318.320588235,362.781358696,,201
7,Transportes y comunicaciones,QUERÉTARO,QUERÉTARO,Querétaro,202507,Polygon,620809.139999985,76067.609999998,,70404.28,6149.24,,subdel,1,22,2382,2122,260,0,212,192,20,0,Entre 30 y 35 años,307.462,366.688958333,,212
7,Transportes y comunicaciones,QUERÉTARO,QUERÉTARO,Querétaro,202507,Polygon,439102.779999989,51514.659999999,,63403.7,4805.13,,subdel,1,22,1677,1501,176,0,182,168,14,0,Entre 35 y 40 años,343.223571429,377.402976190,,182
7,Transportes y comunicaciones,QUERÉTARO,QUERÉTARO,Querétaro,202507,Polygon,310092.509999993,43628.179999999,,60463.43,7798.63,,subdel,1,22,1209,1060,149,0,175,153,22,0,Entre 40 y 45 años,354.483181818,395.185816993,,175
7,Transportes y comunicaciones,QUERÉTARO,QUERÉTARO,Querétaro,202507,Polygon,162673.309999996,21064.789999999,,47242.33,1788.05,,subdel,1,22,628,556,72,0,117,111,6,0,Entre 45 y 50 años,298.008333333,425.606576577,,117
7,Transportes y comunicaciones,QUERÉTARO,QUERÉTARO,Querétaro,202507,Polygon,97419.139999998,10238.900000000,,28782.5,1211.4,,subdel,1,22,368,333,35,0,73,70,3,0,Entre 50 y 55 años,403.8,411.178571429,,73
7,Transportes y comunicaciones,QUERÉTARO,QUERÉTARO,Querétaro,202507,Polygon,63481.199999998,3217.950000000,,23047.14,292.55,,subdel,1,22,228,217,11,0,56,55,1,0,Entre 55 y 60 años,292.55,419.038909091,,56
7,Transportes y comunicaciones,QUERÉTARO,QUERÉTARO,Querétaro,202507,Polygon,27206.239999999,2047.780000000,,9582.77,0,,subdel,1,22,100,93,7,0,23,23,0,0,Entre 60 y 65 años,,416.642173913,,23
7,Transportes y comunicaciones,QUERÉTARO,QUERÉTARO,Querétaro,202507,Polygon,7898.580000000,585.080000000,,2718.8,0,,subdel,1,22,29,27,2,0,7,7,0,0,Entre 65 y 70 años,,388.4,,7
7,Transportes y comunicaciones,QUERÉTARO,QUERÉTARO,Querétaro,202507,Polygon,2340.320000000,,,0,,,subdel,1,22,8,8,0,0,0,0,0,0,Entre 70 y 75 años,,,,0
8,Servicios para empresas,QUINTANA ROO,QUINTANA ROO,Quintana Roo,202507,MultiPolygon,15650.019999999,278.800000000,,278.8,0,,subdel,1,23,56,55,1,0,1,1,0,0,75 años y más,,278.8,,1
8,Servicios para empresas,QUINTANA ROO,QUINTANA ROO,Quintana Roo,202507,MultiPolygon,13085.860000000,278.800000000,,278.8,0,,subdel,1,23,47,46,1,0,1,1,0,0,Entre 15 y 20 años,,278.8,,1
8,Servicios para empresas,QUINTANA ROO,QUINTANA ROO,Quintana Roo,202507,MultiPolygon,119376.839999996,4278.180000000,,1394,0,,subdel,1,23,435,420,15,0,5,5,0,0,Entre 20 y 25 años,,278.8,,5
8,Servicios para empresas,QUINTANA ROO,QUINTANA ROO,Quintana Roo,202507,MultiPolygon,149518.719999994,11901.960000000,,6757.9,0,,subdel,1,23,571,529,42,0,24,24,0,0,Entre 25 y 30 años,,281.579166667,,24
8,Servicios para empresas,QUINTANA ROO,QUINTANA ROO,Quintana Roo,202507,MultiPolygon,124411.239999995,12683.400000000,,4914.89,278.8,,subdel,1,23,487,442,45,0,18,17,1,0,Entre 30 y 35 años,278.8,289.111176471,,18
8,Servicios para empresas,QUINTANA ROO,QUINTANA ROO,Quintana Roo,202507,MultiPolygon,77443.439999997,8418.960000000,,3499.62,278.8,,subdel,1,23,306,276,30,0,13,12,1,0,Entre 35 y 40 años,278.8,291.635,,13
8,Servicios para empresas,QUINTANA ROO,QUINTANA ROO,Quintana Roo,202507,MultiPolygon,45202.819999998,2829.220000000,,2788,0,,subdel,1,23,171,161,10,0,10,10,0,0,Entre 40 y 45 años,,278.8,,10
8,Servicios para empresas,QUINTANA ROO,QUINTANA ROO,Quintana Roo,202507,MultiPolygon,22692.719999999,1672.800000000,,2230.4,0,,subdel,1,23,87,81,6,0,8,8,0,0,Entre 45 y 50 años,,278.8,,8
8,Servicios para empresas,QUINTANA ROO,QUINTANA ROO,Quintana Roo,202507,MultiPolygon,8684.020000000,1128.940000000,,557.6,0,,subdel,1,23,35,31,4,0,2,2,0,0,Entre 50 y 55 años,,278.8,,2
8,Servicios para empresas,QUINTANA ROO,QUINTANA ROO,Quintana Roo,202507,MultiPolygon,1979.080000000,836.400000000,,0,278.8,,subdel,1,23,10,7,3,0,1,0,1,0,Entre 55 y 60 años,278.8,,,1
8,Servicios para empresas,QUINTANA ROO,QUINTANA ROO,Quintana Roo,202507,MultiPolygon,1394.000000000,278.800000000,,278.8,0,,subdel,1,23,6,5,1,0,1,1,0,0,Entre 60 y 65 años,,278.8,,1
8,Servicios para empresas,QUINTANA ROO,QUINTANA ROO,Quintana Roo,202507,MultiPolygon,278.800000000,,,0,,,subdel,1,23,1,1,0,0,0,0,0,0,Entre 65 y 70 años,,,,0
7,Transportes y comunicaciones,QUINTANA ROO,QUINTANA ROO,Quintana Roo,202507,MultiPolygon,144427.679999997,16713.540000000,,5129.45,378.28,,subdel,1,23,550,493,57,0,15,14,1,0,75 años y más,378.28,366.389285714,,15
7,Transportes y comunicaciones,QUINTANA ROO,QUINTANA ROO,Quintana Roo,202507,MultiPolygon,106576.439999997,9959.100000000,,3863.72,0,,subdel,1,23,398,364,34,0,11,11,0,0,Entre 15 y 20 años,,351.247272727,,11
7,Transportes y comunicaciones,QUINTANA ROO,QUINTANA ROO,Quintana Roo,202507,MultiPolygon,775792.889999981,86612.499999998,,37645.07,1549.75,,subdel,1,23,2947,2651,296,0,111,106,5,0,Entre 20 y 25 años,309.95,355.142169811,,111
7,Transportes y comunicaciones,QUINTANA ROO,QUINTANA ROO,Quintana Roo,202507,MultiPolygon,724211.929999982,108857.709999997,,68603.97,4628.59,,subdel,1,23,2847,2475,372,0,202,187,15,0,Entre 25 y 30 años,308.572666667,366.866149733,,202
7,Transportes y comunicaciones,QUINTANA ROO,QUINTANA ROO,Quintana Roo,202507,MultiPolygon,535454.309999987,87471.669999998,,60641.72,7832.57,,subdel,1,23,2129,1830,299,0,183,159,24,0,Entre 30 y 35 años,326.357083333,381.394465409,,183
7,Transportes y comunicaciones,QUINTANA ROO,QUINTANA ROO,Quintana Roo,202507,MultiPolygon,267967.739999994,43588.509999999,,39604.06,5276.52,,subdel,1,23,1065,916,149,0,117,102,15,0,Entre 35 y 40 años,351.768,388.275098039,,117
7,Transportes y comunicaciones,QUINTANA ROO,QUINTANA ROO,Quintana Roo,202507,MultiPolygon,139541.699999997,21653.959999999,,26982.28,3521.27,,subdel,1,23,551,477,74,0,82,71,11,0,Entre 40 y 45 años,320.115454545,380.032112676,,82
7,Transportes y comunicaciones,QUINTANA ROO,QUINTANA ROO,Quintana Roo,202507,MultiPolygon,47976.559999999,5850.810000000,,8620.14,1244.69,,subdel,1,23,184,164,20,0,25,21,4,0,Entre 45 y 50 años,311.1725,410.482857143,,25
7,Transportes y comunicaciones,QUINTANA ROO,QUINTANA ROO,Quintana Roo,202507,MultiPolygon,18137.480000000,1462.700000000,,3743.45,0,,subdel,1,23,67,62,5,0,9,9,0,0,Entre 50 y 55 años,,415.938888889,,9
7,Transportes y comunicaciones,QUINTANA ROO,QUINTANA ROO,Quintana Roo,202507,MultiPolygon,8483.670000000,1462.700000000,,1183.02,0,,subdel,1,23,34,29,5,0,3,3,0,0,Entre 55 y 60 años,,394.34,,3
7,Transportes y comunicaciones,QUINTANA ROO,QUINTANA ROO,Quintana Roo,202507,MultiPolygon,4973.180000000,585.080000000,,2188.48,0,,subdel,1,23,19,17,2,0,6,6,0,0,Entre 60 y 65 años,,364.746666667,,6
7,Transportes y comunicaciones,QUINTANA ROO,QUINTANA ROO,Quintana Roo,202507,MultiPolygon,585.080000000,,,388.57,,,subdel,1,23,2,2,0,0,1,1,0,0,Entre 65 y 70 años,,388.57,,1
7,Transportes y comunicaciones,QUINTANA ROO,QUINTANA ROO,Quintana Roo,202507,MultiPolygon,292.540000000,292.540000000,,0,0,,subdel,1,23,2,1,1,0,0,0,0,0,Entre 70 y 75 años,,,,0
8,Servicios para empresas,SAN LUIS POTOSÍ,SAN LUIS POTOSÍ,San Luis Potosí,202507,Polygon,35299.419999999,571.340000000,,1687.09,0,,subdel,1,24,126,124,2,0,5,5,0,0,75 años y más,,337.418,,5
8,Servicios para empresas,SAN LUIS POTOSÍ,SAN LUIS POTOSÍ,San Luis Potosí,202507,Polygon,29527.059999999,863.880000000,,572.56,0,,subdel,1,24,106,103,3,0,2,2,0,0,Entre 15 y 20 años,,286.28,,2
8,Servicios para empresas,SAN LUIS POTOSÍ,SAN LUIS POTOSÍ,San Luis Potosí,202507,Polygon,331318.759999988,18954.399999999,,13783.84,278.8,,subdel,1,24,1233,1166,67,0,46,45,1,0,Entre 20 y 25 años,278.8,306.307555556,,46
8,Servicios para empresas,SAN LUIS POTOSÍ,SAN LUIS POTOSÍ,San Luis Potosí,202507,Polygon,432452.719999984,34690.859999999,,24445.02,557.6,,subdel,1,24,1655,1532,123,0,82,80,2,0,Entre 25 y 30 años,278.8,305.56275,,82
8,Servicios para empresas,SAN LUIS POTOSÍ,SAN LUIS POTOSÍ,San Luis Potosí,202507,Polygon,454735.499999982,40101.979999998,,36448.67,867.64,,subdel,1,24,1760,1617,143,0,124,121,3,0,Entre 30 y 35 años,289.213333333,301.228677686,,124
8,Servicios para empresas,SAN LUIS POTOSÍ,SAN LUIS POTOSÍ,San Luis Potosí,202507,Polygon,328969.739999987,30330.239999999,,28262.16,986.44,,subdel,1,24,1281,1173,108,0,102,99,3,0,Entre 35 y 40 años,328.813333333,285.476363636,,102
8,Servicios para empresas,SAN LUIS POTOSÍ,SAN LUIS POTOSÍ,San Luis Potosí,202507,Polygon,230406.199999991,21856.319999999,,22258.63,1672.8,,subdel,1,24,899,821,78,0,84,78,6,0,Entre 40 y 45 años,278.8,285.367051282,,84
8,Servicios para empresas,SAN LUIS POTOSÍ,SAN LUIS POTOSÍ,San Luis Potosí,202507,Polygon,162793.459999993,14036.179999999,,18398.52,836.4,,subdel,1,24,631,581,50,0,68,65,3,0,Entre 45 y 50 años,278.8,283.054153846,,68
8,Servicios para empresas,SAN LUIS POTOSÍ,SAN LUIS POTOSÍ,San Luis Potosí,202507,Polygon,101182.659999996,8738.980000000,,9926.17,629.76,,subdel,1,24,392,361,31,0,37,35,2,0,Entre 50 y 55 años,314.88,283.604857143,,37
8,Servicios para empresas,SAN LUIS POTOSÍ,SAN LUIS POTOSÍ,San Luis Potosí,202507,Polygon,53763.179999998,4250.700000000,,6463.33,0,,subdel,1,24,207,192,15,0,22,22,0,0,Entre 55 y 60 años,,293.787727273,,22
8,Servicios para empresas,SAN LUIS POTOSÍ,SAN LUIS POTOSÍ,San Luis Potosí,202507,Polygon,29758.899999999,850.140000000,,3477.42,0,,subdel,1,24,109,106,3,0,12,12,0,0,Entre 60 y 65 años,,289.785,,12
8,Servicios para empresas,SAN LUIS POTOSÍ,SAN LUIS POTOSÍ,San Luis Potosí,202507,Polygon,10969.380000000,,,2562.48,,,subdel,1,24,39,39,0,0,8,8,0,0,Entre 65 y 70 años,,320.31,,8
8,Servicios para empresas,SAN LUIS POTOSÍ,SAN LUIS POTOSÍ,San Luis Potosí,202507,Polygon,2509.200000000,,,557.6,,,subdel,1,24,9,9,0,0,2,2,0,0,Entre 70 y 75 años,,278.8,,2
7,Transportes y comunicaciones,SAN LUIS POTOSÍ,SAN LUIS POTOSÍ,San Luis Potosí,202507,Polygon,105745.559999997,12293.420000000,,3116.47,292.55,,subdel,1,24,403,361,42,0,9,8,1,0,75 años y más,292.55,389.55875,,9
7,Transportes y comunicaciones,SAN LUIS POTOSÍ,SAN LUIS POTOSÍ,San Luis Potosí,202507,Polygon,126788.679999997,10238.900000000,,5434.16,295.15,,subdel,1,24,468,433,35,0,16,15,1,0,Entre 15 y 20 años,295.15,362.277333333,,16
7,Transportes y comunicaciones,SAN LUIS POTOSÍ,SAN LUIS POTOSÍ,San Luis Potosí,202507,Polygon,879838.749999979,108861.689999997,,50725.45,3153.78,,subdel,1,24,3378,3006,372,0,148,138,10,0,Entre 20 y 25 años,315.378,367.575724638,,148
7,Transportes y comunicaciones,SAN LUIS POTOSÍ,SAN LUIS POTOSÍ,San Luis Potosí,202507,Polygon,984911.679999976,137529.109999997,,105676.1,5321.07,,subdel,1,24,3836,3366,470,0,283,270,13,0,Entre 25 y 30 años,409.313076923,391.392962963,,283
7,Transportes y comunicaciones,SAN LUIS POTOSÍ,SAN LUIS POTOSÍ,San Luis Potosí,202507,Polygon,906426.949999978,125871.809999997,,142681.36,9551.59,,subdel,1,24,3528,3098,430,0,393,363,30,0,Entre 30 y 35 años,318.386333333,393.061597796,,393
7,Transportes y comunicaciones,SAN LUIS POTOSÍ,SAN LUIS POTOSÍ,San Luis Potosí,202507,Polygon,627067.139999985,107101.529999997,,109547.63,15223.51,,subdel,1,24,2509,2143,366,0,317,273,44,0,Entre 35 y 40 años,345.988863636,401.273369963,,317
7,Transportes y comunicaciones,SAN LUIS POTOSÍ,SAN LUIS POTOSÍ,San Luis Potosí,202507,Polygon,414870.61999999,65529.089999998,,104689.97,8086.89,,subdel,1,24,1642,1418,224,0,272,248,24,0,Entre 40 y 45 años,336.95375,422.136975806,,272
7,Transportes y comunicaciones,SAN LUIS POTOSÍ,SAN LUIS POTOSÍ,San Luis Potosí,202507,Polygon,234103.999999994,50902.019999999,,80575.52,6124.25,,subdel,1,24,974,800,174,0,204,185,19,0,Entre 45 y 50 años,322.328947368,435.543351351,,204
7,Transportes y comunicaciones,SAN LUIS POTOSÍ,SAN LUIS POTOSÍ,San Luis Potosí,202507,Polygon,171158.959999996,33661.119999999,,66683.38,4872.62,,subdel,1,24,700,585,115,0,164,151,13,0,Entre 50 y 55 años,374.816923077,441.611788079,,164
7,Transportes y comunicaciones,SAN LUIS POTOSÍ,SAN LUIS POTOSÍ,San Luis Potosí,202507,Polygon,126669.849999997,19605.970000000,,49725.91,1400.65,,subdel,1,24,500,433,67,0,119,115,4,0,Entre 55 y 60 años,350.1625,432.399217391,,119
7,Transportes y comunicaciones,SAN LUIS POTOSÍ,SAN LUIS POTOSÍ,San Luis Potosí,202507,Polygon,78142.469999998,7313.500000000,,33956.08,316.29,,subdel,1,24,292,267,25,0,85,84,1,0,Entre 60 y 65 años,316.29,404.239047619,,85
7,Transportes y comunicaciones,SAN LUIS POTOSÍ,SAN LUIS POTOSÍ,San Luis Potosí,202507,Polygon,32179.409999999,3510.480000000,,7234.58,494.65,,subdel,1,24,122,110,12,0,20,19,1,0,Entre 65 y 70 años,494.65,380.767368421,,20
7,Transportes y comunicaciones,SAN LUIS POTOSÍ,SAN LUIS POTOSÍ,San Luis Potosí,202507,Polygon,12871.760000000,1755.240000000,,2141.89,0,,subdel,1,24,50,44,6,0,5,5,0,0,Entre 70 y 75 años,,428.378,,5
8,Servicios para empresas,SINALOA,SINALOA,Sinaloa,202507,MultiPolygon,26733.319999999,278.800000000,,557.6,0,,subdel,1,25,96,95,1,0,2,2,0,0,75 años y más,,278.8,,2
8,Servicios para empresas,SINALOA,SINALOA,Sinaloa,202507,MultiPolygon,13227.259999999,850.140000000,,836.4,0,,subdel,1,25,50,47,3,0,3,3,0,0,Entre 15 y 20 años,,278.8,,3
8,Servicios para empresas,SINALOA,SINALOA,Sinaloa,202507,MultiPolygon,278654.079999989,9506.680000000,,11628.84,0,,subdel,1,25,1025,991,34,0,40,40,0,0,Entre 20 y 25 años,,290.721,,40
8,Servicios para empresas,SINALOA,SINALOA,Sinaloa,202507,MultiPolygon,396382.119999984,29786.379999999,,16118.4,1115.2,,subdel,1,25,1517,1411,106,0,59,55,4,0,Entre 25 y 30 años,278.8,293.061818182,,59
8,Servicios para empresas,SINALOA,SINALOA,Sinaloa,202507,MultiPolygon,402849.479999984,38401.699999998,,22245.76,1115.2,,subdel,1,25,1571,1434,137,0,79,75,4,0,Entre 30 y 35 años,278.8,296.610133333,,79
8,Servicios para empresas,SINALOA,SINALOA,Sinaloa,202507,MultiPolygon,338806.179999986,32980.839999999,,20297,836.4,,subdel,1,25,1325,1207,118,0,73,70,3,0,Entre 35 y 40 años,278.8,289.957142857,,73
8,Servicios para empresas,SINALOA,SINALOA,Sinaloa,202507,MultiPolygon,271124.739999989,30791.659999999,,20019.18,1115.2,,subdel,1,25,1077,967,110,0,72,68,4,0,Entre 40 y 45 años,278.8,294.399705882,,72
8,Servicios para empresas,SINALOA,SINALOA,Sinaloa,202507,MultiPolygon,200816.179999992,17674.319999999,,17171.33,613.55,,subdel,1,25,779,716,63,0,63,61,2,0,Entre 45 y 50 años,306.775,281.497213115,,63
8,Servicios para empresas,SINALOA,SINALOA,Sinaloa,202507,MultiPolygon,112974.699999995,12893.499999999,,14603.88,278.8,,subdel,1,25,449,403,46,0,53,52,1,0,Entre 50 y 55 años,278.8,280.843846154,,53
8,Servicios para empresas,SINALOA,SINALOA,Sinaloa,202507,MultiPolygon,73027.859999997,5073.360000000,,5018.4,0,,subdel,1,25,279,261,18,0,18,18,0,0,Entre 55 y 60 años,,278.8,,18
8,Servicios para empresas,SINALOA,SINALOA,Sinaloa,202507,MultiPolygon,36116.339999999,2244.140000000,,5018.4,0,,subdel,1,25,137,129,8,0,18,18,0,0,Entre 60 y 65 años,,278.8,,18
8,Servicios para empresas,SINALOA,SINALOA,Sinaloa,202507,MultiPolygon,12349.640000000,278.800000000,,1115.2,0,,subdel,1,25,45,44,1,0,4,4,0,0,Entre 65 y 70 años,,278.8,,4
8,Servicios para empresas,SINALOA,SINALOA,Sinaloa,202507,MultiPolygon,2536.680000000,,,278.8,,,subdel,1,25,9,9,0,0,1,1,0,0,Entre 70 y 75 años,,278.8,,1
7,Transportes y comunicaciones,SINALOA,SINALOA,Sinaloa,202507,MultiPolygon,188793.059999995,15531.970000000,,7972.8,994.59,,subdel,1,25,698,645,53,0,24,21,3,0,75 años y más,331.53,379.657142857,,24
7,Transportes y comunicaciones,SINALOA,SINALOA,Sinaloa,202507,MultiPolygon,179750.289999996,12890.930000000,,5556.43,0,,subdel,1,25,658,614,44,0,13,13,0,0,Entre 15 y 20 años,,427.417692308,,13
7,Transportes y comunicaciones,SINALOA,SINALOA,Sinaloa,202507,MultiPolygon,1456505.64999996,129340.539999997,,107295.24,4867.1,,subdel,1,25,5420,4978,442,0,296,283,13,0,Entre 20 y 25 años,374.392307692,379.135123675,,296
7,Transportes y comunicaciones,SINALOA,SINALOA,Sinaloa,202507,MultiPolygon,1641687.89999996,174182.649999996,,198118.61,10298.08,,subdel,1,25,6205,5610,595,0,539,510,29,0,Entre 25 y 30 años,355.106206897,388.467862745,,539
7,Transportes y comunicaciones,SINALOA,SINALOA,Sinaloa,202507,MultiPolygon,1443656.25999997,181516.869999996,,215763.9,20378.92,,subdel,1,25,5554,4934,620,0,599,542,57,0,Entre 30 y 35 años,357.524912281,398.088376384,,599
7,Transportes y comunicaciones,SINALOA,SINALOA,Sinaloa,202507,MultiPolygon,1085778.23999997,146976.679999996,,207468.15,19701.64,,subdel,1,25,4213,3711,502,0,588,534,54,0,Entre 35 y 40 años,364.845185185,388.517134831,,588
8,Servicios para empresas,TABASCO,TABASCO,Tabasco,202507,MultiPolygon,94604.859999997,3428.040000000,,3026,278.8,,subdel,1,27,343,331,12,0,11,10,1,0,Entre 20 y 25 años,278.8,302.6,,11
8,Servicios para empresas,TABASCO,TABASCO,Tabasco,202507,MultiPolygon,157633.139999994,8528.880000000,,11574.79,0,,subdel,1,27,585,555,30,0,38,38,0,0,Entre 25 y 30 años,,304.599736842,,38
8,Servicios para empresas,TABASCO,TABASCO,Tabasco,202507,MultiPolygon,167285.219999994,9004.040000000,,9965.29,278.8,,subdel,1,27,623,591,32,0,35,34,1,0,Entre 30 y 35 años,278.8,293.096764706,,35
8,Servicios para empresas,TABASCO,TABASCO,Tabasco,202507,MultiPolygon,160030.679999994,10411.780000000,,11632.09,557.6,,subdel,1,27,604,567,37,0,42,40,2,0,Entre 35 y 40 años,278.8,290.80225,,42
8,Servicios para empresas,TABASCO,TABASCO,Tabasco,202507,MultiPolygon,112061.599999996,8432.700000000,,9907.04,278.8,,subdel,1,27,428,398,30,0,36,35,1,0,Entre 40 y 45 años,278.8,283.058285714,,36
8,Servicios para empresas,TABASCO,TABASCO,Tabasco,202507,MultiPolygon,67137.579999997,6257.260000000,,5594.77,278.8,,subdel,1,27,260,238,22,0,21,20,1,0,Entre 45 y 50 años,278.8,279.7385,,21
8,Servicios para empresas,TABASCO,TABASCO,Tabasco,202507,MultiPolygon,38050.199999999,1965.340000000,,3624.4,557.6,,subdel,1,27,142,135,7,0,15,13,2,0,Entre 50 y 55 años,278.8,278.8,,15
8,Servicios para empresas,TABASCO,TABASCO,Tabasco,202507,MultiPolygon,19694.619999999,571.340000000,,1951.6,0,,subdel,1,27,72,70,2,0,7,7,0,0,Entre 55 y 60 años,,278.8,,7
8,Servicios para empresas,TABASCO,TABASCO,Tabasco,202507,MultiPolygon,5630.960000000,571.340000000,,836.4,278.8,,subdel,1,27,22,20,2,0,4,3,1,0,Entre 60 y 65 años,278.8,278.8,,4
8,Servicios para empresas,TABASCO,TABASCO,Tabasco,202507,MultiPolygon,1407.740000000,,,0,,,subdel,1,27,5,5,0,0,0,0,0,0,Entre 65 y 70 años,,,,0
8,Servicios para empresas,TABASCO,TABASCO,Tabasco,202507,MultiPolygon,278.800000000,,,0,,,subdel,1,27,1,1,0,0,0,0,0,0,Entre 70 y 75 años,,,,0
7,Transportes y comunicaciones,TABASCO,TABASCO,Tabasco,202507,MultiPolygon,106579.209999997,12631.800000000,,1609.13,0,,subdel,1,27,407,364,43,0,5,5,0,0,75 años y más,,321.826,,5
7,Transportes y comunicaciones,TABASCO,TABASCO,Tabasco,202507,MultiPolygon,75255.449999998,6435.880000000,,929,0,,subdel,1,27,279,257,22,0,3,3,0,0,Entre 15 y 20 años,,309.666666667,,3
7,Transportes y comunicaciones,TABASCO,TABASCO,Tabasco,202507,MultiPolygon,878463.129999979,85459.289999998,,42331.91,1855.23,,subdel,1,27,3294,3002,292,0,118,113,5,0,Entre 20 y 25 años,371.046,374.618672566,,118
7,Transportes y comunicaciones,TABASCO,TABASCO,Tabasco,202507,MultiPolygon,1137131.22999997,137270.479999997,,100742.88,5279.5,,subdel,1,27,4355,3886,469,0,281,266,15,0,Entre 25 y 30 años,351.966666667,378.732631579,,281
7,Transportes y comunicaciones,TABASCO,TABASCO,Tabasco,202507,MultiPolygon,1026510.06999998,121197.369999997,,118498.04,7499.57,,subdel,1,27,3922,3508,414,0,325,302,23,0,Entre 30 y 35 años,326.068260870,392.377615894,,325
7,Transportes y comunicaciones,TABASCO,TABASCO,Tabasco,202507,MultiPolygon,738173.469999982,83122.549999998,,118001.61,9413.83,,subdel,1,27,2807,2523,284,0,322,296,26,0,Entre 35 y 40 años,362.070384615,398.654087838,,322
7,Transportes y comunicaciones,TABASCO,TABASCO,Tabasco,202507,MultiPolygon,536518.579999987,65535.929999998,,94778.07,5199.67,,subdel,1,27,2058,1834,224,0,253,237,16,0,Entre 40 y 45 años,324.979375,399.907468354,,253
7,Transportes y comunicaciones,TABASCO,TABASCO,Tabasco,202507,MultiPolygon,280004.829999993,43627.249999999,,55476.06,5337.92,,subdel,1,27,1106,957,149,0,153,136,17,0,Entre 45 y 50 años,313.995294118,407.912205882,,153
7,Transportes y comunicaciones,TABASCO,TABASCO,Tabasco,202507,MultiPolygon,160311.989999996,22233.049999999,,39704.7,3197.12,,subdel,1,27,624,548,76,0,107,98,9,0,Entre 50 y 55 años,355.235555556,405.15,,107
7,Transportes y comunicaciones,TABASCO,TABASCO,Tabasco,202507,MultiPolygon,84251.539999998,10238.950000000,,20987.44,2465.77,,subdel,1,27,323,288,35,0,62,54,8,0,Entre 55 y 60 años,308.22125,388.656296296,,62
7,Transportes y comunicaciones,TABASCO,TABASCO,Tabasco,202507,MultiPolygon,34227.189999999,3803.020000000,,8954.93,330.76,,subdel,1,27,130,117,13,0,21,20,1,0,Entre 60 y 65 años,330.76,447.7465,,21
7,Transportes y comunicaciones,TABASCO,TABASCO,Tabasco,202507,MultiPolygon,13456.840000000,585.080000000,,4177.76,0,,subdel,1,27,48,46,2,0,12,12,0,0,Entre 65 y 70 años,,348.146666667,,12
7,Transportes y comunicaciones,TABASCO,TABASCO,Tabasco,202507,MultiPolygon,2047.780000000,292.540000000,,292.54,305.57,,subdel,1,27,8,7,1,0,2,1,1,0,Entre 70 y 75 años,305.57,292.54,,2
8,Servicios para empresas,TAMAULIPAS,TAMAULIPAS,Tamaulipas,202507,MultiPolygon,6549.800000000,,,0,,,subdel,1,28,23,23,0,0,0,0,0,0,75 años y más,,,,0
8,Servicios para empresas,TAMAULIPAS,TAMAULIPAS,Tamaulipas,202507,MultiPolygon,6645.980000000,292.540000000,,305.4,0,,subdel,1,28,24,23,1,0,1,1,0,0,Entre 15 y 20 años,,305.4,,1
8,Servicios para empresas,TAMAULIPAS,TAMAULIPAS,Tamaulipas,202507,MultiPolygon,99788.139999997,4570.720000000,,4525.37,0,,subdel,1,28,365,349,16,0,14,14,0,0,Entre 20 y 25 años,,323.240714286,,14
8,Servicios para empresas,TAMAULIPAS,TAMAULIPAS,Tamaulipas,202507,MultiPolygon,159616.219999994,9392.760000000,,7003.68,557.6,,subdel,1,28,596,563,33,0,23,21,2,0,Entre 25 y 30 años,278.8,333.508571429,,23
8,Servicios para empresas,TAMAULIPAS,TAMAULIPAS,Tamaulipas,202507,MultiPolygon,156991.359999994,13323.440000000,,10114.02,278.8,,subdel,1,28,603,556,47,0,33,32,1,0,Entre 30 y 35 años,278.8,316.063125,,33
8,Servicios para empresas,TAMAULIPAS,TAMAULIPAS,Tamaulipas,202507,MultiPolygon,140828.959999995,12418.340000000,,4362.55,914.05,,subdel,1,28,544,500,44,0,18,15,3,0,Entre 35 y 40 años,304.683333333,290.836666667,,18
8,Servicios para empresas,TAMAULIPAS,TAMAULIPAS,Tamaulipas,202507,MultiPolygon,115173.619999995,9031.520000000,,8271.08,0,,subdel,1,28,442,410,32,0,27,27,0,0,Entre 40 y 45 años,,306.336296296,,27
8,Servicios para empresas,TAMAULIPAS,TAMAULIPAS,Tamaulipas,202507,MultiPolygon,80537.719999997,5909.760000000,,4627.47,278.8,,subdel,1,28,308,287,21,0,17,16,1,0,Entre 45 y 50 años,278.8,289.216875,,17
8,Servicios para empresas,TAMAULIPAS,TAMAULIPAS,Tamaulipas,202507,MultiPolygon,53928.059999998,3916.940000000,,3660.01,0,,subdel,1,28,206,192,14,0,13,13,0,0,Entre 50 y 55 años,,281.539230769,,13
8,Servicios para empresas,TAMAULIPAS,TAMAULIPAS,Tamaulipas,202507,MultiPolygon,28895.019999999,1700.280000000,,3855.52,0,,subdel,1,28,109,103,6,0,13,13,0,0,Entre 55 y 60 años,,296.578461538,,13
8,Servicios para empresas,TAMAULIPAS,TAMAULIPAS,Tamaulipas,202507,MultiPolygon,23053.959999999,863.880000000,,1140.62,0,,subdel,1,28,85,82,3,0,4,4,0,0,Entre 60 y 65 años,,285.155,,4
8,Servicios para empresas,TAMAULIPAS,TAMAULIPAS,Tamaulipas,202507,MultiPolygon,5324.680000000,,,836.4,,,subdel,1,28,19,19,0,0,3,3,0,0,Entre 65 y 70 años,,278.8,,3
8,Servicios para empresas,TAMAULIPAS,TAMAULIPAS,Tamaulipas,202507,MultiPolygon,1394.000000000,,,0,,,subdel,1,28,5,5,0,0,0,0,0,0,Entre 70 y 75 años,,,,0
7,Transportes y comunicaciones,TAMAULIPAS,TAMAULIPAS,Tamaulipas,202507,MultiPolygon,176051.519999996,19892.720000000,,7435.54,0,,subdel,1,28,669,601,68,0,22,22,0,0,75 años y más,,337.979090909,,22
7,Transportes y comunicaciones,TAMAULIPAS,TAMAULIPAS,Tamaulipas,202507,MultiPolygon,148974.819999996,13464.870000000,,9444.02,317.35,,subdel,1,28,555,509,46,0,27,26,1,0,Entre 15 y 20 años,317.35,363.231538462,,27
7,Transportes y comunicaciones,TAMAULIPAS,TAMAULIPAS,Tamaulipas,202507,MultiPolygon,1375791.92999997,182725.529999996,,142703.79,9675.07,,subdel,1,28,5325,4701,624,0,404,377,27,0,Entre 20 y 25 años,358.335925926,378.524641910,,404
7,Transportes y comunicaciones,TAMAULIPAS,TAMAULIPAS,Tamaulipas,202507,MultiPolygon,1594460.85999996,218899.489999995,,243022.71,12086.62,,subdel,1,28,6197,5449,748,0,658,624,34,0,Entre 25 y 30 años,355.488823529,389.459471154,,658
7,Transportes y comunicaciones,TAMAULIPAS,TAMAULIPAS,Tamaulipas,202507,MultiPolygon,1385033.07999997,225643.109999994,,266415.9,24577.61,,subdel,1,28,5504,4733,771,0,725,656,69,0,Entre 30 y 35 años,356.197246377,406.121798780,,725
7,Transportes y comunicaciones,TAMAULIPAS,TAMAULIPAS,Tamaulipas,202507,MultiPolygon,1052495.49999997,150157.599999996,,223834.48,22635.86,,subdel,1,28,4110,3597,513,0,626,565,61,0,Entre 35 y 40 años,371.079672131,396.167221239,,626
7,Transportes y comunicaciones,TAMAULIPAS,TAMAULIPAS,Tamaulipas,202507,MultiPolygon,731484.739999982,110377.849999997,,173430.48,17771.6,,subdel,1,28,2877,2500,377,0,475,431,44,0,Entre 40 y 45 años,403.9,402.390904872,,475
7,Transportes y comunicaciones,TAMAULIPAS,TAMAULIPAS,Tamaulipas,202507,MultiPolygon,478385.829999988,74448.829999998,,137896.21,8231.96,,subdel,1,28,1889,1635,254,0,354,332,22,0,Entre 45 y 50 años,374.18,415.350030120,,354
7,Transportes y comunicaciones,TAMAULIPAS,TAMAULIPAS,Tamaulipas,202507,MultiPolygon,316835.819999992,57337.879999999,,105933.6,8855.33,,subdel,1,28,1279,1083,196,0,286,261,25,0,Entre 50 y 55 años,354.2132,405.875862069,,286
7,Transportes y comunicaciones,TAMAULIPAS,TAMAULIPAS,Tamaulipas,202507,MultiPolygon,203330.029999995,32764.509999999,,71403.7,8671.33,,subdel,1,28,807,695,112,0,198,176,22,0,Entre 55 y 60 años,394.151363636,405.702840909,,198
7,Transportes y comunicaciones,TAMAULIPAS,TAMAULIPAS,Tamaulipas,202507,MultiPolygon,109426.599999997,10823.990000000,,38870.13,1775.75,,subdel,1,28,411,374,37,0,104,99,5,0,Entre 60 y 65 años,355.15,392.627575758,,104
7,Transportes y comunicaciones,TAMAULIPAS,TAMAULIPAS,Tamaulipas,202507,MultiPolygon,40370.519999999,4680.640000000,,10680.81,0,,subdel,1,28,154,138,16,0,29,29,0,0,Entre 65 y 70 años,,368.303793103,,29
7,Transportes y comunicaciones,TAMAULIPAS,TAMAULIPAS,Tamaulipas,202507,MultiPolygon,14041.920000000,1170.160000000,,6017.24,0,,subdel,1,28,52,48,4,0,15,15,0,0,Entre 70 y 75 años,,401.149333333,,15
8,Servicios para empresas,TLAXCALA,TLAXCALA,Tlaxcala,202507,Polygon,2006.560000000,,,0,,,subdel,1,29,7,7,0,0,0,0,0,0,75 años y más,,,,0
8,Servicios para empresas,TLAXCALA,TLAXCALA,Tlaxcala,202507,Polygon,1462.700000000,,,0,,,subdel,1,29,5,5,0,0,0,0,0,0,Entre 15 y 20 años,,,,0
8,Servicios para empresas,TLAXCALA,TLAXCALA,Tlaxcala,202507,Polygon,21235.759999999,863.880000000,,1000.91,0,,subdel,1,29,77,74,3,0,3,3,0,0,Entre 20 y 25 años,,333.636666667,,3
8,Servicios para empresas,TLAXCALA,TLAXCALA,Tlaxcala,202507,Polygon,31894.859999999,850.140000000,,1723.05,0,,subdel,1,29,114,111,3,0,5,5,0,0,Entre 25 y 30 años,,344.61,,5
8,Servicios para empresas,TLAXCALA,TLAXCALA,Tlaxcala,202507,Polygon,29028.419999999,1435.220000000,,1413.92,0,,subdel,1,29,107,102,5,0,5,5,0,0,Entre 30 y 35 años,,282.784,,5
8,Servicios para empresas,TLAXCALA,TLAXCALA,Tlaxcala,202507,Polygon,27775.819999999,863.880000000,,2788,0,,subdel,1,29,101,98,3,0,10,10,0,0,Entre 35 y 40 años,,278.8,,10
8,Servicios para empresas,TLAXCALA,TLAXCALA,Tlaxcala,202507,Polygon,17044.019999999,1421.480000000,,873.32,0,,subdel,1,29,65,60,5,0,3,3,0,0,Entre 40 y 45 años,,291.106666667,,3
8,Servicios para empresas,TLAXCALA,TLAXCALA,Tlaxcala,202507,Polygon,14173.579999999,877.620000000,,278.8,0,,subdel,1,29,53,50,3,0,1,1,0,0,Entre 45 y 50 años,,278.8,,1
8,Servicios para empresas,TLAXCALA,TLAXCALA,Tlaxcala,202507,Polygon,11568.200000000,585.080000000,,1115.2,0,,subdel,1,29,43,41,2,0,4,4,0,0,Entre 50 y 55 años,,278.8,,4
8,Servicios para empresas,TLAXCALA,TLAXCALA,Tlaxcala,202507,Polygon,4753.340000000,1156.420000000,,0,0,,subdel,1,29,21,17,4,0,0,0,0,0,Entre 55 y 60 años,,,,0
8,Servicios para empresas,TLAXCALA,TLAXCALA,Tlaxcala,202507,Polygon,4236.960000000,,,672.35,,,subdel,1,29,15,15,0,0,2,2,0,0,Entre 60 y 65 años,,336.175,,2
8,Servicios para empresas,TLAXCALA,TLAXCALA,Tlaxcala,202507,Polygon,557.600000000,,,0,,,subdel,1,29,2,2,0,0,0,0,0,0,Entre 65 y 70 años,,,,0
8,Servicios para empresas,TLAXCALA,TLAXCALA,Tlaxcala,202507,Polygon,571.340000000,,,0,,,subdel,1,29,2,2,0,0,0,0,0,0,Entre 70 y 75 años,,,,0
7,Transportes y comunicaciones,TLAXCALA,TLAXCALA,Tlaxcala,202507,Polygon,54441.679999999,2340.320000000,,1179.31,0,,subdel,1,29,194,186,8,0,4,4,0,0,75 años y más,,294.8275,,4
7,Transportes y comunicaciones,TLAXCALA,TLAXCALA,Tlaxcala,202507,Polygon,19332.710000000,,,513.39,,,subdel,1,29,66,66,0,0,1,1,0,0,Entre 15 y 20 años,,513.39,,1
7,Transportes y comunicaciones,TLAXCALA,TLAXCALA,Tlaxcala,202507,Polygon,324779.869999992,18750.820000000,,10936.91,910.69,,subdel,1,29,1174,1110,64,0,36,33,3,0,Entre 20 y 25 años,303.563333333,331.421515152,,36
7,Transportes y comunicaciones,TLAXCALA,TLAXCALA,Tlaxcala,202507,Polygon,406101.81999999,31304.299999999,,29822.39,1496.26,,subdel,1,29,1495,1388,107,0,91,86,5,0,Entre 25 y 30 años,299.252,346.771976744,,91
7,Transportes y comunicaciones,TLAXCALA,TLAXCALA,Tlaxcala,202507,Polygon,339639.089999992,26328.619999999,,25763.09,964.43,,subdel,1,29,1251,1161,90,0,74,71,3,0,Entre 30 y 35 años,321.476666667,362.860422535,,74
7,Transportes y comunicaciones,TLAXCALA,TLAXCALA,Tlaxcala,202507,Polygon,253952.539999994,20770.399999999,,28058.01,2063.58,,subdel,1,29,939,868,71,0,82,75,7,0,Entre 35 y 40 años,294.797142857,374.1068,,82
7,Transportes y comunicaciones,TLAXCALA,TLAXCALA,Tlaxcala,202507,Polygon,196880.849999995,15504.630000000,,27400.39,1113.32,,subdel,1,29,726,673,53,0,75,72,3,0,Entre 40 y 45 años,371.106666667,380.560972222,,75
7,Transportes y comunicaciones,TLAXCALA,TLAXCALA,Tlaxcala,202507,Polygon,116436.379999997,9068.760000000,,19460.73,2450.58,,subdel,1,29,429,398,31,0,55,49,6,0,Entre 45 y 50 años,408.43,397.157755102,,55
7,Transportes y comunicaciones,TLAXCALA,TLAXCALA,Tlaxcala,202507,Polygon,71672.839999998,6438.010000000,,18434.73,292.55,,subdel,1,29,267,245,22,0,49,48,1,0,Entre 50 y 55 años,292.55,384.056875,,49
7,Transportes y comunicaciones,TLAXCALA,TLAXCALA,Tlaxcala,202507,Polygon,35994.489999999,2047.780000000,,7028.01,0,,subdel,1,29,130,123,7,0,18,18,0,0,Entre 55 y 60 años,,390.445,,18
7,Transportes y comunicaciones,TLAXCALA,TLAXCALA,Tlaxcala,202507,Polygon,29254.019999999,2632.860000000,,5314.65,292.54,,subdel,1,29,109,100,9,0,16,15,1,0,Entre 60 y 65 años,292.54,354.31,,16
7,Transportes y comunicaciones,TLAXCALA,TLAXCALA,Tlaxcala,202507,Polygon,11994.140000000,910.870000000,,1141.12,340.01,,subdel,1,29,44,41,3,0,4,3,1,0,Entre 65 y 70 años,340.01,380.373333333,,4
7,Transportes y comunicaciones,TLAXCALA,TLAXCALA,Tlaxcala,202507,Polygon,2632.860000000,585.080000000,,695.52,0,,subdel,1,29,11,9,2,0,2,2,0,0,Entre 70 y 75 años,,347.76,,2
8,Servicios para empresas,VERACRUZ,VERACRUZ,Veracruz,202507,MultiPolygon,18534.199999999,1128.940000000,,836.4,0,,subdel,1,30,69,65,4,0,3,3,0,0,75 años y más,,278.8,,3
8,Servicios para empresas,VERACRUZ,VERACRUZ,Veracruz,202507,MultiPolygon,15508.620000000,,,341.13,,,subdel,1,30,54,54,0,0,1,1,0,0,Entre 15 y 20 años,,341.13,,1
8,Servicios para empresas,VERACRUZ,VERACRUZ,Veracruz,202507,MultiPolygon,312584.199999989,17656.579999999,,18643.36,278.8,,subdel,1,30,1161,1099,62,0,59,58,1,0,Entre 20 y 25 años,278.8,321.437241379,,59
8,Servicios para empresas,VERACRUZ,VERACRUZ,Veracruz,202507,MultiPolygon,609680.299999977,35595.959999999,,42258.61,1548.17,,subdel,1,30,2282,2156,126,0,146,141,5,0,Entre 25 y 30 años,309.634,299.706453901,,146
8,Servicios para empresas,VERACRUZ,VERACRUZ,Veracruz,202507,MultiPolygon,733081.039999972,53297.759999998,,63372.59,2691.47,,subdel,1,30,2792,2603,189,0,224,215,9,0,Entre 30 y 35 años,299.052222222,294.756232558,,224
8,Servicios para empresas,VERACRUZ,VERACRUZ,Veracruz,202507,MultiPolygon,674989.239999973,42163.499999998,,57634.61,2230.4,,subdel,1,30,2554,2404,150,0,208,200,8,0,Entre 35 y 40 años,278.8,288.17305,,208
8,Servicios para empresas,VERACRUZ,VERACRUZ,Veracruz,202507,MultiPolygon,540260.659999978,38205.339999998,,52802.75,2205.34,,subdel,1,30,2064,1928,136,0,190,183,7,0,Entre 40 y 45 años,315.048571429,288.539617486,,190
8,Servicios para empresas,VERACRUZ,VERACRUZ,Veracruz,202507,MultiPolygon,412861.059999983,21591.259999999,,41290.76,1292.62,,subdel,1,30,1551,1474,77,0,150,146,4,0,Entre 45 y 50 años,323.155,282.813424658,,150
8,Servicios para empresas,VERACRUZ,VERACRUZ,Veracruz,202507,MultiPolygon,261918.599999989,17966.859999999,,26112.56,2912.83,,subdel,1,30,1000,936,64,0,101,91,10,0,Entre 50 y 55 años,291.283,286.951208791,,101
8,Servicios para empresas,VERACRUZ,VERACRUZ,Veracruz,202507,MultiPolygon,137399.179999994,8126.420000000,,17285.6,1394,,subdel,1,30,520,491,29,0,67,62,5,0,Entre 55 y 60 años,278.8,278.8,,67
8,Servicios para empresas,VERACRUZ,VERACRUZ,Veracruz,202507,MultiPolygon,81099.319999997,2536.680000000,,8262.27,0,,subdel,1,30,299,290,9,0,29,29,0,0,Entre 60 y 65 años,,284.905862069,,29
8,Servicios para empresas,VERACRUZ,VERACRUZ,Veracruz,202507,MultiPolygon,29215.039999999,557.600000000,,1115.2,0,,subdel,1,30,106,104,2,0,4,4,0,0,Entre 65 y 70 años,,278.8,,4
8,Servicios para empresas,VERACRUZ,VERACRUZ,Veracruz,202507,MultiPolygon,6704.940000000,,,0,,,subdel,1,30,24,24,0,0,0,0,0,0,Entre 70 y 75 años,,,,0
7,Transportes y comunicaciones,VERACRUZ,VERACRUZ,Veracruz,202507,MultiPolygon,220763.339999995,25169.909999999,,7123.03,585.1,,subdel,1,30,840,754,86,0,24,22,2,0,75 años y más,292.55,323.774090909,,24
7,Transportes y comunicaciones,VERACRUZ,VERACRUZ,Veracruz,202507,MultiPolygon,174336.709999996,22233.039999999,,8780.25,1360.84,,subdel,1,30,671,595,76,0,23,21,2,0,Entre 15 y 20 años,680.42,418.107142857,,23
7,Transportes y comunicaciones,VERACRUZ,VERACRUZ,Veracruz,202507,MultiPolygon,2035107.69999995,256988.039999994,,130823.13,6854.21,,subdel,1,30,7832,6954,878,0,367,347,20,0,Entre 20 y 25 años,342.7105,377.011902017,,367
7,Transportes y comunicaciones,VERACRUZ,VERACRUZ,Veracruz,202507,MultiPolygon,2844275.08999993,371979.819999991,,304652.23,23407.59,,subdel,1,30,10990,9719,1271,0,833,773,60,0,Entre 25 y 30 años,390.1265,394.116727038,,833
7,Transportes y comunicaciones,VERACRUZ,VERACRUZ,Veracruz,202507,MultiPolygon,2636709.54999994,382565.129999991,,369375.02,28785.49,,subdel,1,30,10318,9011,1307,0,1013,931,82,0,Entre 30 y 35 años,351.042560976,396.750827068,,1013
7,Transportes y comunicaciones,VERACRUZ,VERACRUZ,Veracruz,202507,MultiPolygon,2020074.48999995,289120.419999993,,336971.81,29167.2,,subdel,1,30,7892,6904,988,0,924,839,85,0,Entre 35 y 40 años,343.143529412,401.635053635,,924
7,Transportes y comunicaciones,VERACRUZ,VERACRUZ,Veracruz,202507,MultiPolygon,1432197.61999997,199907.419999995,,304868.82,16477.47,,subdel,1,30,5578,4895,683,0,799,749,50,0,Entre 40 y 45 años,329.5494,407.034472630,,799
7,Transportes y comunicaciones,VERACRUZ,VERACRUZ,Veracruz,202507,MultiPolygon,890819.529999978,127850.099999997,,234408.74,16819.12,,subdel,1,30,3482,3045,437,0,626,577,49,0,Entre 45 y 50 años,343.247346939,406.254315425,,626
7,Transportes y comunicaciones,VERACRUZ,VERACRUZ,Veracruz,202507,MultiPolygon,561762.919999986,80501.809999998,,153782.9,6530.23,,subdel,1,30,2195,1920,275,0,399,380,19,0,Entre 50 y 55 años,343.696315789,404.691842105,,399
7,Transportes y comunicaciones,VERACRUZ,VERACRUZ,Veracruz,202507,MultiPolygon,295473.009999993,38615.349999999,,87043.17,3764.09,,subdel,1,30,1142,1010,132,0,225,213,12,0,Entre 55 y 60 años,313.674166667,408.653380282,,225
7,Transportes y comunicaciones,VERACRUZ,VERACRUZ,Veracruz,202507,MultiPolygon,154173.889999996,18722.570000000,,41186.17,1356.24,,subdel,1,30,591,527,64,0,107,103,4,0,Entre 60 y 65 años,339.06,399.865728155,,107
7,Transportes y comunicaciones,VERACRUZ,VERACRUZ,Veracruz,202507,MultiPolygon,57337.879999999,6143.340000000,,13122.31,292.54,,subdel,1,30,217,196,21,0,32,31,1,0,Entre 65 y 70 años,292.54,423.300322581,,32
7,Transportes y comunicaciones,VERACRUZ,VERACRUZ,Veracruz,202507,MultiPolygon,20770.349999999,2340.320000000,,4863.88,0,,subdel,1,30,79,71,8,0,13,13,0,0,Entre 70 y 75 años,,374.144615385,,13
8,Servicios para empresas,YUCATÁN,YUCATÁN,Yucatán,202507,MultiPolygon,17894.159999999,1128.940000000,,0,0,,subdel,1,31,67,63,4,0,0,0,0,0,75 años y más,,,,0
8,Servicios para empresas,YUCATÁN,YUCATÁN,Yucatán,202507,MultiPolygon,10800.500000000,292.540000000,,0,0,,subdel,1,31,39,38,1,0,0,0,0,0,Entre 15 y 20 años,,,,0
8,Servicios para empresas,YUCATÁN,YUCATÁN,Yucatán,202507,MultiPolygon,221939.759999992,10969.380000000,,4751.6,0,,subdel,1,31,825,786,39,0,16,16,0,0,Entre 20 y 25 años,,296.975,,16
8,Servicios para empresas,YUCATÁN,YUCATÁN,Yucatán,202507,MultiPolygon,369631.059999985,24196.639999999,,23910.17,278.8,,subdel,1,31,1401,1315,86,0,86,85,1,0,Entre 25 y 30 años,278.8,281.296117647,,86
8,Servicios para empresas,YUCATÁN,YUCATÁN,Yucatán,202507,MultiPolygon,460610.299999981,42026.099999998,,24784.29,1115.2,,subdel,1,31,1793,1643,150,0,92,88,4,0,Entre 30 y 35 años,278.8,281.639659091,,92
8,Servicios para empresas,YUCATÁN,YUCATÁN,Yucatán,202507,MultiPolygon,437760.699999982,46221.839999998,,24863.55,2230.4,,subdel,1,31,1729,1564,165,0,97,89,8,0,Entre 35 y 40 años,278.8,279.365730337,,97
8,Servicios para empresas,YUCATÁN,YUCATÁN,Yucatán,202507,MultiPolygon,341107.539999986,28867.539999999,,23183.96,836.4,,subdel,1,31,1322,1219,103,0,84,81,3,0,Entre 40 y 45 años,278.8,286.221728395,,84
8,Servicios para empresas,YUCATÁN,YUCATÁN,Yucatán,202507,MultiPolygon,232004.55999999,17381.779999999,,24121.36,278.8,,subdel,1,31,891,829,62,0,87,86,1,0,Entre 45 y 50 años,278.8,280.480930233,,87
8,Servicios para empresas,YUCATÁN,YUCATÁN,Yucatán,202507,MultiPolygon,157998.899999994,14607.519999999,,12132.44,557.6,,subdel,1,31,616,564,52,0,45,43,2,0,Entre 50 y 55 años,278.8,282.149767442,,45
8,Servicios para empresas,YUCATÁN,YUCATÁN,Yucatán,202507,MultiPolygon,91941.039999996,6161.080000000,,8642.8,0,,subdel,1,31,350,328,22,0,31,31,0,0,Entre 55 y 60 años,,278.8,,31
8,Servicios para empresas,YUCATÁN,YUCATÁN,Yucatán,202507,MultiPolygon,50138.779999998,1394.000000000,,3624.4,0,,subdel,1,31,184,179,5,0,13,13,0,0,Entre 60 y 65 años,,278.8,,13
8,Servicios para empresas,YUCATÁN,YUCATÁN,Yucatán,202507,MultiPolygon,14314.979999999,278.800000000,,1394,0,,subdel,1,31,52,51,1,0,5,5,0,0,Entre 65 y 70 años,,278.8,,5
8,Servicios para empresas,YUCATÁN,YUCATÁN,Yucatán,202507,MultiPolygon,2536.680000000,,,0,,,subdel,1,31,9,9,0,0,0,0,0,0,Entre 70 y 75 años,,,,0
7,Transportes y comunicaciones,YUCATÁN,YUCATÁN,Yucatán,202507,MultiPolygon,123819.309999997,15012.950000000,,4657.78,0,,subdel,1,31,474,423,51,0,13,13,0,0,75 años y más,,358.290769231,,13
7,Transportes y comunicaciones,YUCATÁN,YUCATÁN,Yucatán,202507,MultiPolygon,77580.619999998,7631.820000000,,2318.22,0,,subdel,1,31,291,265,26,0,7,7,0,0,Entre 15 y 20 años,,331.174285714,,7
7,Transportes y comunicaciones,YUCATÁN,YUCATÁN,Yucatán,202507,MultiPolygon,903607.159999978,94821.479999998,,44962.84,2683.53,,subdel,1,31,3412,3088,324,0,130,122,8,0,Entre 20 y 25 años,335.44125,368.547868852,,130
7,Transportes y comunicaciones,YUCATÁN,YUCATÁN,Yucatán,202507,MultiPolygon,1183025.26999997,137495.419999997,,109340.98,5311.18,,subdel,1,31,4513,4043,470,0,297,281,16,0,Entre 25 y 30 años,331.94875,389.113807829,,297
7,Transportes y comunicaciones,YUCATÁN,YUCATÁN,Yucatán,202507,MultiPolygon,1134051.99999997,133450.939999997,,152304.41,11004.41,,subdel,1,31,4332,3876,456,0,428,396,32,0,Entre 30 y 35 años,343.8878125,384.607095960,,428
7,Transportes y comunicaciones,YUCATÁN,YUCATÁN,Yucatán,202507,MultiPolygon,961678.439999977,112351.069999997,,153330.03,11212.97,,subdel,1,31,3671,3287,384,0,425,395,30,0,Entre 35 y 40 años,373.765666667,388.177291139,,425
7,Transportes y comunicaciones,YUCATÁN,YUCATÁN,Yucatán,202507,MultiPolygon,737272.659999982,89518.089999998,,145504.09,9556.96,,subdel,1,31,2826,2520,306,0,383,356,27,0,Entre 40 y 45 años,353.961481481,408.719353933,,383
7,Transportes y comunicaciones,YUCATÁN,YUCATÁN,Yucatán,202507,MultiPolygon,445862.759999989,51798.339999999,,106661.49,8354.56,,subdel,1,31,1701,1524,177,0,287,264,23,0,Entre 45 y 50 años,363.241739130,404.020795455,,287
7,Transportes y comunicaciones,YUCATÁN,YUCATÁN,Yucatán,202507,MultiPolygon,324426.879999992,38923.229999999,,102696.82,5880.48,,subdel,1,31,1242,1109,133,0,262,244,18,0,Entre 50 y 55 años,326.693333333,420.888606557,,262
7,Transportes y comunicaciones,YUCATÁN,YUCATÁN,Yucatán,202507,MultiPolygon,185195.639999996,21062.909999999,,64903.75,5893.28,,subdel,1,31,705,633,72,0,177,162,15,0,Entre 55 y 60 años,392.885333333,400.640432099,,177
7,Transportes y comunicaciones,YUCATÁN,YUCATÁN,Yucatán,202507,MultiPolygon,90983.369999998,9068.760000000,,21107.43,1323.5,,subdel,1,31,342,311,31,0,59,55,4,0,Entre 60 y 65 años,330.875,383.771454545,,59
7,Transportes y comunicaciones,YUCATÁN,YUCATÁN,Yucatán,202507,MultiPolygon,28376.389999999,1755.240000000,,7849.35,0,,subdel,1,31,103,97,6,0,21,21,0,0,Entre 65 y 70 años,,373.778571429,,21
7,Transportes y comunicaciones,YUCATÁN,YUCATÁN,Yucatán,202507,MultiPolygon,7930.080000000,,,1661.08,,,subdel,1,31,27,27,0,0,4,4,0,0,Entre 70 y 75 años,,415.27,,4
8,Servicios para empresas,ZACATECAS,ZACATECAS,Zacatecas,202507,Polygon,7272.280000000,,,0,,,subdel,1,32,25,25,0,0,0,0,0,0,75 años y más,,,,0
8,Servicios para empresas,ZACATECAS,ZACATECAS,Zacatecas,202507,Polygon,4666.900000000,,,0,,,subdel,1,32,16,16,0,0,0,0,0,0,Entre 15 y 20 años,,,,0
8,Servicios para empresas,ZACATECAS,ZACATECAS,Zacatecas,202507,Polygon,39972.059999999,1979.080000000,,1270.82,0,,subdel,1,32,145,138,7,0,4,4,0,0,Entre 20 y 25 años,,317.705,,4
8,Servicios para empresas,ZACATECAS,ZACATECAS,Zacatecas,202507,Polygon,54008.239999998,4598.200000000,,2960.67,0,,subdel,1,32,204,188,16,0,10,10,0,0,Entre 25 y 30 años,,296.067,,10
8,Servicios para empresas,ZACATECAS,ZACATECAS,Zacatecas,202507,Polygon,48860.439999998,4223.220000000,,3918.24,278.8,,subdel,1,32,187,172,15,0,13,12,1,0,Entre 30 y 35 años,278.8,326.52,,13
8,Servicios para empresas,ZACATECAS,ZACATECAS,Zacatecas,202507,Polygon,49700.839999998,3066.800000000,,4417.03,0,,subdel,1,32,187,176,11,0,15,15,0,0,Entre 35 y 40 años,,294.468666667,,15
8,Servicios para empresas,ZACATECAS,ZACATECAS,Zacatecas,202507,Polygon,41185.699999998,2522.940000000,,1394,278.8,,subdel,1,32,155,146,9,0,6,5,1,0,Entre 40 y 45 años,278.8,278.8,,6
8,Servicios para empresas,ZACATECAS,ZACATECAS,Zacatecas,202507,Polygon,29576.279999999,1979.080000000,,2509.2,0,,subdel,1,32,112,105,7,0,9,9,0,0,Entre 45 y 50 años,,278.8,,9
8,Servicios para empresas,ZACATECAS,ZACATECAS,Zacatecas,202507,Polygon,25087.999999999,850.140000000,,2230.4,278.8,,subdel,1,32,92,89,3,0,9,8,1,0,Entre 50 y 55 años,278.8,278.8,,9
8,Servicios para empresas,ZACATECAS,ZACATECAS,Zacatecas,202507,Polygon,17660.579999999,1142.680000000,,1951.6,0,,subdel,1,32,67,63,4,0,7,7,0,0,Entre 55 y 60 años,,278.8,,7
8,Servicios para empresas,ZACATECAS,ZACATECAS,Zacatecas,202507,Polygon,11220.700000000,571.340000000,,1115.2,0,,subdel,1,32,42,40,2,0,4,4,0,0,Entre 60 y 65 años,,278.8,,4
8,Servicios para empresas,ZACATECAS,ZACATECAS,Zacatecas,202507,Polygon,3944.420000000,,,0,,,subdel,1,32,14,14,0,0,0,0,0,0,Entre 65 y 70 años,,,,0
8,Servicios para empresas,ZACATECAS,ZACATECAS,Zacatecas,202507,Polygon,863.880000000,,,0,,,subdel,1,32,3,3,0,0,0,0,0,0,Entre 70 y 75 años,,,,0
7,Transportes y comunicaciones,ZACATECAS,ZACATECAS,Zacatecas,202507,Polygon,51009.039999999,3222.930000000,,2199.45,0,,subdel,1,32,185,174,11,0,7,7,0,0,75 años y más,,314.207142857,,7
7,Transportes y comunicaciones,ZACATECAS,ZACATECAS,Zacatecas,202507,Polygon,39529.209999999,1462.700000000,,1359.71,0,,subdel,1,32,140,135,5,0,4,4,0,0,Entre 15 y 20 años,,339.9275,,4
7,Transportes y comunicaciones,ZACATECAS,ZACATECAS,Zacatecas,202507,Polygon,333041.629999992,29592.649999999,,19302.91,292.55,,subdel,1,32,1239,1138,101,0,55,54,1,0,Entre 20 y 25 años,292.55,357.461296296,,55
7,Transportes y comunicaciones,ZACATECAS,ZACATECAS,Zacatecas,202507,Polygon,390558.789999991,36274.989999999,,33244.36,3649.69,,subdel,1,32,1459,1335,124,0,97,87,10,0,Entre 25 y 30 años,364.969,382.119080460,,97
7,Transportes y comunicaciones,ZACATECAS,ZACATECAS,Zacatecas,202507,Polygon,297806.199999993,41335.249999999,,36988.85,3441.53,,subdel,1,32,1159,1018,141,0,106,96,10,0,Entre 30 y 35 años,344.153,385.300520833,,106
7,Transportes y comunicaciones,ZACATECAS,ZACATECAS,Zacatecas,202507,Polygon,253377.519999994,35397.379999999,,44895.6,5144.51,,subdel,1,32,987,866,121,0,130,116,14,0,Entre 35 y 40 años,367.465,387.031034483,,130
7,Transportes y comunicaciones,ZACATECAS,ZACATECAS,Zacatecas,202507,Polygon,181976.669999996,24573.379999999,,34089.19,1544.02,,subdel,1,32,706,622,84,0,89,84,5,0,Entre 40 y 45 años,308.804,405.823690476,,89
7,Transportes y comunicaciones,ZACATECAS,ZACATECAS,Zacatecas,202507,Polygon,131350.549999997,19015.100000000,,44585.43,1973.55,,subdel,1,32,514,449,65,0,116,111,5,0,Entre 45 y 50 años,394.71,401.670540541,,116
7,Transportes y comunicaciones,ZACATECAS,ZACATECAS,Zacatecas,202507,Polygon,106212.249999997,15536.640000000,,29462.65,2028.47,,subdel,1,32,416,363,53,0,78,72,6,0,Entre 50 y 55 años,338.078333333,409.203472222,,78
7,Transportes y comunicaciones,ZACATECAS,ZACATECAS,Zacatecas,202507,Polygon,80448.539999998,8191.130000000,,31553.35,292.55,,subdel,1,32,303,275,28,0,77,76,1,0,Entre 55 y 60 años,292.55,415.175657895,,77
7,Transportes y comunicaciones,ZACATECAS,ZACATECAS,Zacatecas,202507,Polygon,49439.279999999,6728.420000000,,17416.74,548.01,,subdel,1,32,192,169,23,0,43,42,1,0,Entre 60 y 65 años,548.01,414.684285714,,43
7,Transportes y comunicaciones,ZACATECAS,ZACATECAS,Zacatecas,202507,Polygon,23438.369999999,2340.320000000,,8046.94,0,,subdel,1,32,88,80,8,0,20,20,0,0,Entre 65 y 70 años,,402.347,,20
7,Transportes y comunicaciones,ZACATECAS,ZACATECAS,Zacatecas,202507,Polygon,6728.420000000,292.540000000,,1670.63,0,,subdel,1,32,24,23,1,0,3,3,0,0,Entre 70 y 75 años,,556.876666667,,3
8,Servicios para empresas,SONORA,SONORA,Sonora,202507,MultiPolygon,24279.079999999,571.340000000,,557.6,0,,subdel,1,26,88,86,2,0,2,2,0,0,75 años y más,,278.8,,2
8,Servicios para empresas,TABASCO,TABASCO,Tabasco,202507,MultiPolygon,6924.780000000,,,0,,,subdel,1,27,24,24,0,0,0,0,0,0,75 años y más,,,,0
8,Servicios para empresas,SONORA,SONORA,Sonora,202507,MultiPolygon,22478.619999999,557.600000000,,557.6,0,,subdel,1,26,81,79,2,0,2,2,0,0,Entre 15 y 20 años,,278.8,,2
8,Servicios para empresas,TABASCO,TABASCO,Tabasco,202507,MultiPolygon,7509.860000000,292.540000000,,0,0,,subdel,1,27,27,26,1,0,0,0,0,0,Entre 15 y 20 años,,,,0
8,Servicios para empresas,SONORA,SONORA,Sonora,202507,MultiPolygon,279017.059999989,13227.259999999,,12657.58,636.59,,subdel,1,26,1036,989,47,0,45,43,2,0,Entre 20 y 25 años,318.295,294.362325581,,45
8,Servicios para empresas,SONORA,SONORA,Sonora,202507,MultiPolygon,383233.299999985,40284.599999998,,26939.81,3624.4,,subdel,1,26,1507,1363,144,0,106,93,13,0,Entre 25 y 30 años,278.8,289.675376344,,106
8,Servicios para empresas,SONORA,SONORA,Sonora,202507,MultiPolygon,404640.199999984,55381.019999998,,28206.32,2230.4,,subdel,1,26,1640,1442,198,0,107,99,8,0,Entre 30 y 35 años,278.8,284.912323232,,107
8,Servicios para empresas,SONORA,SONORA,Sonora,202507,MultiPolygon,346524.399999986,52647.979999998,,32764.35,3665.75,,subdel,1,26,1425,1237,188,0,128,115,13,0,Entre 35 y 40 años,281.980769231,284.907391304,,128
8,Servicios para empresas,SONORA,SONORA,Sonora,202507,MultiPolygon,271851.219999989,39992.059999998,,27645.31,2509.2,,subdel,1,26,1113,970,143,0,104,95,9,0,Entre 40 y 45 años,278.8,291.003263158,,104
8,Servicios para empresas,SONORA,SONORA,Sonora,202507,MultiPolygon,193288.579999992,27514.759999999,,23326.5,2230.4,,subdel,1,26,787,689,98,0,90,82,8,0,Entre 45 y 50 años,278.8,284.469512195,,90
8,Servicios para empresas,SONORA,SONORA,Sonora,202507,MultiPolygon,117659.339999995,18204.439999999,,18571.34,915.64,,subdel,1,26,485,420,65,0,66,63,3,0,Entre 50 y 55 años,305.213333333,294.783174603,,66
8,Servicios para empresas,SONORA,SONORA,Sonora,202507,MultiPolygon,70336.039999997,6216.040000000,,9575.34,0,,subdel,1,26,273,251,22,0,34,34,0,0,Entre 55 y 60 años,,281.627647059,,34
8,Servicios para empresas,SONORA,SONORA,Sonora,202507,MultiPolygon,35933.719999999,1700.280000000,,5311.12,0,,subdel,1,26,134,128,6,0,18,18,0,0,Entre 60 y 65 años,,295.062222222,,18
8,Servicios para empresas,SONORA,SONORA,Sonora,202507,MultiPolygon,12655.919999999,278.800000000,,278.8,0,,subdel,1,26,46,45,1,0,1,1,0,0,Entre 65 y 70 años,,278.8,,1
8,Servicios para empresas,SONORA,SONORA,Sonora,202507,MultiPolygon,3386.820000000,,,278.8,,,subdel,1,26,12,12,0,0,1,1,0,0,Entre 70 y 75 años,,278.8,,1
7,Transportes y comunicaciones,SONORA,SONORA,Sonora,202507,MultiPolygon,128838.089999997,21122.970000000,,8951.44,292.54,,subdel,1,26,512,440,72,0,25,24,1,0,75 años y más,292.54,372.976666667,,25
7,Transportes y comunicaciones,SONORA,SONORA,Sonora,202507,MultiPolygon,112401.629999997,12330.950000000,,3870.41,0,,subdel,1,26,426,384,42,0,12,12,0,0,Entre 15 y 20 años,,322.534166667,,12
7,Transportes y comunicaciones,SONORA,SONORA,Sonora,202507,MultiPolygon,959324.419999977,122045.529999997,,73850.74,4246.07,,subdel,1,26,3695,3278,417,0,216,205,11,0,Entre 20 y 25 años,386.006363636,360.247512195,,216
7,Transportes y comunicaciones,SONORA,SONORA,Sonora,202507,MultiPolygon,1147101.80999997,157484.239999996,,115666.1,9927.29,,subdel,1,26,4458,3920,538,0,344,313,31,0,Entre 25 y 30 años,320.235161290,369.540255591,,344
7,Transportes y comunicaciones,SONORA,SONORA,Sonora,202507,MultiPolygon,996868.899999976,174518.059999996,,144044.65,12544.3,,subdel,1,26,4003,3407,596,0,417,380,37,0,Entre 30 y 35 años,339.035135135,379.064868421,,417
7,Transportes y comunicaciones,SONORA,SONORA,Sonora,202507,MultiPolygon,793438.819999981,155964.729999996,,142556.33,14697.76,,subdel,1,26,3245,2712,533,0,403,359,44,0,Entre 35 y 40 años,334.04,397.092841226,,403
7,Transportes y comunicaciones,SINALOA,SINALOA,Sinaloa,202507,MultiPolygon,809280.72999998,124391.169999997,,201518.92,14356.67,,subdel,1,25,3191,2766,425,0,533,492,41,0,Entre 40 y 45 años,350.162682927,409.591300813,,533
7,Transportes y comunicaciones,SONORA,SONORA,Sonora,202507,MultiPolygon,608245.609999985,127840.149999997,,125276.52,19272.48,,subdel,1,26,2516,2079,437,0,377,320,57,0,Entre 40 y 45 años,338.113684211,391.489125,,377
7,Transportes y comunicaciones,SINALOA,SINALOA,Sinaloa,202507,MultiPolygon,549736.579999987,85449.889999998,,158225.4,13527.4,,subdel,1,25,2171,1879,292,0,432,398,34,0,Entre 45 y 50 años,397.864705882,397.551256281,,432
7,Transportes y comunicaciones,SONORA,SONORA,Sonora,202507,MultiPolygon,423890.64999999,87523.859999998,,108277.85,18200.47,,subdel,1,26,1748,1449,299,0,319,268,51,0,Entre 45 y 50 años,356.871960784,404.021828358,,319
7,Transportes y comunicaciones,SINALOA,SINALOA,Sinaloa,202507,MultiPolygon,361024.019999991,66433.339999998,,115820.79,13468.51,,subdel,1,25,1461,1234,227,0,309,275,34,0,Entre 50 y 55 años,396.132647059,421.166509091,,309
7,Transportes y comunicaciones,SONORA,SONORA,Sonora,202507,MultiPolygon,270965.569999993,55883.749999999,,92641.34,11336.24,,subdel,1,26,1117,926,191,0,257,226,31,0,Entre 50 y 55 años,365.685161290,409.917433628,,257
7,Transportes y comunicaciones,SINALOA,SINALOA,Sinaloa,202507,MultiPolygon,222067.729999995,29575.239999999,,76688.47,4446.54,,subdel,1,25,860,759,101,0,201,189,12,0,Entre 55 y 60 años,370.545,405.759100529,,201
7,Transportes y comunicaciones,SONORA,SONORA,Sonora,202507,MultiPolygon,180222.269999996,36274.979999999,,61086.72,6886.87,,subdel,1,26,740,616,124,0,168,149,19,0,Entre 55 y 60 años,362.466842105,409.977986577,,168
7,Transportes y comunicaciones,SINALOA,SINALOA,Sinaloa,202507,MultiPolygon,114123.809999997,12871.780000000,,32963.05,1857.29,,subdel,1,25,434,390,44,0,92,86,6,0,Entre 60 y 65 años,309.548333333,383.291279070,,92
7,Transportes y comunicaciones,SONORA,SONORA,Sonora,202507,MultiPolygon,107362.209999997,12579.240000000,,30720.46,2124.47,,subdel,1,26,410,367,43,0,85,79,6,0,Entre 60 y 65 años,354.078333333,388.866582278,,85
7,Transportes y comunicaciones,SINALOA,SINALOA,Sinaloa,202507,MultiPolygon,39807.839999999,6463.910000000,,8777.07,785.63,,subdel,1,25,158,136,22,0,26,24,2,0,Entre 65 y 70 años,392.815,365.71125,,26
7,Transportes y comunicaciones,SONORA,SONORA,Sonora,202507,MultiPolygon,43588.469999999,4095.560000000,,9634.09,1042.49,,subdel,1,26,163,149,14,0,28,25,3,0,Entre 65 y 70 años,347.496666667,385.3636,,28
7,Transportes y comunicaciones,SINALOA,SINALOA,Sinaloa,202507,MultiPolygon,14041.920000000,1170.160000000,,2949.92,0,,subdel,1,25,52,48,4,0,7,7,0,0,Entre 70 y 75 años,,421.417142857,,7
7,Transportes y comunicaciones,SONORA,SONORA,Sonora,202507,MultiPolygon,13749.380000000,1755.240000000,,3393.03,0,,subdel,1,26,53,47,6,0,7,7,0,0,Entre 70 y 75 años,,484.718571429,,7
